"feature","Estimate_group","pvalue","fdr","sign_group","method","vs","fold_change","log2FC"
"__","Group",0.103912586602139,0.601804282263129,"IBS_before","Wilcoxon rank sum exact test","IBS_before vs IBS_after",1.22795750845002,0.296260639365215
"s__","Group",0.7439636164686,1,"IBS_before","Wilcoxon rank sum test with continuity correction","IBS_before vs IBS_after",1.02174177831912,0.0310306344268845
"s__ramosum","Group",0.716567170181728,1,"IBS_before","Wilcoxon rank sum test with continuity correction","IBS_before vs IBS_after",1.23846153846154,0.308549065086163
"s__prausnitzii","Group",0.909924097488334,1,"IBS_after","Wilcoxon rank sum test with continuity correction","IBS_before vs IBS_after",0.937588955308853,-0.0929725198104319
"s__gnavus","Group",0.141298782254184,0.651906358097573,"IBS_before","Wilcoxon rank sum test with continuity correction","IBS_before vs IBS_after",2.40057113187954,1.26337768546097
"s__distasonis","Group",0.834484273602037,1,"IBS_after","Wilcoxon rank sum test with continuity correction","IBS_before vs IBS_after",0.803610744165566,-0.315431242052146
"s__formicilis","Group",0.572906771695125,0.996359602948044,"IBS_after","Wilcoxon rank sum test with continuity correction","IBS_before vs IBS_after",0.714967609955677,-0.484050209660363
"s__mucilaginosa","Group",1,1,"IBS_after","Wilcoxon rank sum test with continuity correction","IBS_before vs IBS_after",0.782923299565847,-0.353057116561443
"s__helveticus","Group",0.342726071750245,0.913936191333988,"IBS_before","Wilcoxon rank sum test with continuity correction","IBS_before vs IBS_after",1.95416666666667,0.966553516906858
"s__copri","Group",0.331990646579536,0.913936191333988,"IBS_before","Wilcoxon rank sum test with continuity correction","IBS_before vs IBS_after",1.47961205548024,0.565218960312786
"s__muciniphila","Group",0.0475823618381846,0.601804282263129,"IBS_after","Wilcoxon rank sum test with continuity correction","IBS_before vs IBS_after",0.172920544724209,-2.53181880884002
"s__ovatus","Group",0.148601086174169,0.651906358097573,"IBS_before","Wilcoxon rank sum test with continuity correction","IBS_before vs IBS_after",2.18192219679634,1.12559965881216
"s__fragilis","Group",0.184464405786061,0.651906358097573,"IBS_before","Wilcoxon rank sum test with continuity correction","IBS_before vs IBS_after",2.20025839793282,1.13767296353413
"s__longicatena","Group",0.105315749396047,0.601804282263129,"IBS_before","Wilcoxon rank sum test with continuity correction","IBS_before vs IBS_after",3.40408163265306,1.76726563444209
"s__longum","Group",0.963734160489831,1,"IBS_after","Wilcoxon rank sum test with continuity correction","IBS_before vs IBS_after",0.639873916469661,-0.64414043665593
"s__adolescentis","Group",1,1,"IBS_after","Wilcoxon rank sum test with continuity correction","IBS_before vs IBS_after",0.696990720666031,-0.520788645878621
"s__D168","Group",0.608154382725495,1,"IBS_before","Wilcoxon rank sum test with continuity correction","IBS_before vs IBS_after",7.20477815699659,2.84895400892491
"s__parainfluenzae","Group",0.872302515582569,1,"IBS_before","Wilcoxon rank sum test with continuity correction","IBS_before vs IBS_after",1.16152019002375,0.216014231885837
"s__viridiflava","Group",0.421200012895878,0.996359602948044,"IBS_before","Wilcoxon rank sum test with continuity correction","IBS_before vs IBS_after",1.15638766519824,0.20962512526257
"s__dispar","Group",0.167236384822527,0.651906358097573,"IBS_before","Wilcoxon rank sum test with continuity correction","IBS_before vs IBS_after",1.86015831134565,0.895425409115064
"s__aerofaciens","Group",0.195571907429272,0.651906358097573,"IBS_after","Wilcoxon rank sum test with continuity correction","IBS_before vs IBS_after",0.579884393063584,-0.78616278460941
"s__plebeius","Group",0.570391430568379,0.996359602948044,"IBS_before","Wilcoxon rank sum test with continuity correction","IBS_before vs IBS_after",1.35611318739989,0.439477597416483
"s__producta","Group",0.94800857042375,1,"IBS_before","Wilcoxon rank sum test with continuity correction","IBS_before vs IBS_after",2.0863309352518,1.06096801729143
"s__yabuuchiae","Group",0.725386263345135,1,"IBS_before","Wilcoxon rank sum test with continuity correction","IBS_before vs IBS_after",1.07524752475248,0.104668810165205
"s__bromii","Group",0.0755597006465131,0.601804282263129,"IBS_after","Wilcoxon rank sum test with continuity correction","IBS_before vs IBS_after",0.637276435519297,-0.6500087794817
"s__biforme","Group",0.993078309601489,1,"IBS_after","Wilcoxon rank sum test with continuity correction","IBS_before vs IBS_after",0.791530944625407,-0.337282341764398
"s__reuteri","Group",0.00698985627576136,0.279594251030454,"IBS_after","Wilcoxon rank sum test with continuity correction","IBS_before vs IBS_after",0.0690161527165932,-3.85692213633443
"s__uniformis","Group",0.0371867630675864,0.601804282263129,"IBS_before","Wilcoxon rank sum test with continuity correction","IBS_before vs IBS_after",2.07668711656442,1.05428386934392
"s__caccae","Group",0.709265110619189,1,"IBS_before","Wilcoxon rank sum test with continuity correction","IBS_before vs IBS_after",1.59391771019678,0.672577148678732
"s__formicigenerans","Group",0.544664399402989,0.996359602948044,"IBS_after","Wilcoxon rank sum test with continuity correction","IBS_before vs IBS_after",0.863564041368337,-0.211624923805363
"s__obeum","Group",0.775278385967502,1,"IBS_after","Wilcoxon rank sum test with continuity correction","IBS_before vs IBS_after",0.938931297709924,-0.0909084961982104
"s__torques","Group",0.827516475191835,1,"IBS_after","Wilcoxon rank sum test with continuity correction","IBS_before vs IBS_after",0.956834532374101,-0.0636586372223178
"s__eutactus","Group",0.325922184572106,0.913936191333988,"IBS_before","Wilcoxon rank sum test with continuity correction","IBS_before vs IBS_after",2.19290465631929,1.13284308750373
"s__parvula","Group",0.484573230519052,0.996359602948044,"IBS_before","Wilcoxon rank sum test with continuity correction","IBS_before vs IBS_after",1.39168110918544,0.476828668871832
"s__palleronii","Group",0.47492743586091,0.996359602948044,"IBS_before","Wilcoxon rank sum test with continuity correction","IBS_before vs IBS_after",1.25124131082423,0.323360050380494
"s__mucosae","Group",0.0820990482255181,0.601804282263129,"IBS_after","Wilcoxon rank sum test with continuity correction","IBS_before vs IBS_after",0.0174216027874564,-5.84297883178833
"s__putredinis","Group",0.773794600862493,1,"IBS_before","Wilcoxon rank sum test with continuity correction","IBS_before vs IBS_after",1.50224618149146,0.587121254738923
"s__citroniae","Group",0.555172418987151,0.996359602948044,"IBS_before","Wilcoxon rank sum test with continuity correction","IBS_before vs IBS_after",1.32775119617225,0.408984829156586
"s__bifidum","Group",0.91020727710097,1,"IBS_after","Wilcoxon rank sum test with continuity correction","IBS_before vs IBS_after",0.918181818181818,-0.123148230772865
"s__colinum","Group",0.486152015492956,0.996359602948044,"IBS_before","Wilcoxon rank sum test with continuity correction","IBS_before vs IBS_after",1.90728476821192,0.931520262117233
