"feature","Estimate_group","pvalue","fdr","sign_group","method","vs","fold_change","log2FC"
"__","Group_sub",0.293092740997481,1,"IBS_before_poor","Wilcoxon rank sum exact test","IBS_before_poor vs IBS_after_poor",1.06256559870493,0.0875519104314257
"s__","Group_sub",0.719269475133886,1,"IBS_after_poor","Wilcoxon rank sum exact test","IBS_before_poor vs IBS_after_poor",0.923507193726033,-0.114804895658586
"s__dolichum","Group_sub",0.961132169398719,1,"IBS_after_poor","Wilcoxon rank sum test with continuity correction","IBS_before_poor vs IBS_after_poor",0.56140350877193,-0.832890014164742
"s__ramosum","Group_sub",0.933682424088421,1,"IBS_before_poor","Wilcoxon rank sum test with continuity correction","IBS_before_poor vs IBS_after_poor",1.5390625,0.622051819456376
"s__prausnitzii","Group_sub",0.555266454954515,1,"IBS_after_poor","Wilcoxon rank sum test with continuity correction","IBS_before_poor vs IBS_after_poor",0.839378950261061,-0.252605810761421
"s__gnavus","Group_sub",0.260603114798266,1,"IBS_before_poor","Wilcoxon rank sum test with continuity correction","IBS_before_poor vs IBS_after_poor",3.40906062624917,1.76937425638935
"s__distasonis","Group_sub",0.90681892610682,1,"IBS_after_poor","Wilcoxon rank sum test with continuity correction","IBS_before_poor vs IBS_after_poor",0.975814931650894,-0.0353205357329913
"s__formicilis","Group_sub",0.987240700711091,1,"IBS_after_poor","Wilcoxon rank sum test with continuity correction","IBS_before_poor vs IBS_after_poor",0.823962776269872,-0.279348931876787
"s__spiroforme","Group_sub",0.35360918951154,1,"IBS_before_poor","Wilcoxon rank sum test with continuity correction","IBS_before_poor vs IBS_after_poor",2.13636363636364,1.09515723304034
"s__mucilaginosa","Group_sub",0.279181572619453,1,"IBS_after_poor","Wilcoxon rank sum test with continuity correction","IBS_before_poor vs IBS_after_poor",0.657418576598311,-0.605115871831462
"s__lenta","Group_sub",0.796745417751998,1,"IBS_after_poor","Wilcoxon rank sum test with continuity correction","IBS_before_poor vs IBS_after_poor",0.912568306010929,-0.13199554580999
"s__helveticus","Group_sub",0.252604081961836,1,"IBS_before_poor","Wilcoxon rank sum test with continuity correction","IBS_before_poor vs IBS_after_poor",2.27810650887574,1.18783519930008
"s__moorei","Group_sub",0.407338973993136,1,"IBS_after_poor","Wilcoxon rank sum test with continuity correction","IBS_before_poor vs IBS_after_poor",0.5,-1
"s__copri","Group_sub",0.32195740860405,1,"IBS_after_poor","Wilcoxon rank sum test with continuity correction","IBS_before_poor vs IBS_after_poor",0.745806451612903,-0.423126817660921
"s__muciniphila","Group_sub",0.121692488201624,1,"IBS_after_poor","Wilcoxon rank sum test with continuity correction","IBS_before_poor vs IBS_after_poor",0.228168185827698,-2.13183044852071
"s__ovatus","Group_sub",0.139681775999897,1,"IBS_before_poor","Wilcoxon rank sum test with continuity correction","IBS_before_poor vs IBS_after_poor",2.44652128764278,1.290731835987
"s__fragilis","Group_sub",0.428437005484721,1,"IBS_before_poor","Wilcoxon rank sum test with continuity correction","IBS_before_poor vs IBS_after_poor",3.70926517571885,1.89113340993295
"s__longicatena","Group_sub",0.229123635506178,1,"IBS_before_poor","Wilcoxon rank sum test with continuity correction","IBS_before_poor vs IBS_after_poor",2.65680473372781,1.40969219845896
"s__longum","Group_sub",0.974488018238549,1,"IBS_after_poor","Wilcoxon rank sum test with continuity correction","IBS_before_poor vs IBS_after_poor",0.638335082196572,-0.647614155976356
"s__adolescentis","Group_sub",0.845810269051915,1,"IBS_after_poor","Wilcoxon rank sum test with continuity correction","IBS_before_poor vs IBS_after_poor",0.416718218373028,-1.26285592073634
"s__animalis","Group_sub",0.176729298984147,1,"IBS_after_poor","Wilcoxon rank sum test with continuity correction","IBS_before_poor vs IBS_after_poor",0.0703125,-3.83007499855769
"s__C21_c20","Group_sub",0.0574128515247716,1,"IBS_after_poor","Wilcoxon rank sum test with continuity correction","IBS_before_poor vs IBS_after_poor",0.395161290322581,-1.33948646627167
"s__D168","Group_sub",0.922356518027847,1,"IBS_before_poor","Wilcoxon rank sum test with continuity correction","IBS_before_poor vs IBS_after_poor",2.04721030042918,1.03365931135123
"s__parainfluenzae","Group_sub",0.904579889168847,1,"IBS_before_poor","Wilcoxon rank sum test with continuity correction","IBS_before_poor vs IBS_after_poor",1.02254641909814,0.0321663366463703
"s__viridiflava","Group_sub",0.800986323916422,1,"IBS_after_poor","Wilcoxon rank sum test with continuity correction","IBS_before_poor vs IBS_after_poor",0.821329639889197,-0.283966732341167
"s__dispar","Group_sub",0.84247665251806,1,"IBS_before_poor","Wilcoxon rank sum test with continuity correction","IBS_before_poor vs IBS_after_poor",1.16911764705882,0.225420114034016
"s__aerofaciens","Group_sub",0.155197856524026,1,"IBS_after_poor","Wilcoxon rank sum test with continuity correction","IBS_before_poor vs IBS_after_poor",0.585346215780998,-0.772637904300887
"s__salivarius","Group_sub",0.680238834789432,1,"IBS_after_poor","Wilcoxon rank sum test with continuity correction","IBS_before_poor vs IBS_after_poor",0.87603305785124,-0.190942782711395
"s__plebeius","Group_sub",0.778304471771197,1,"IBS_before_poor","Wilcoxon rank sum test with continuity correction","IBS_before_poor vs IBS_after_poor",1.89641434262948,0.923274209357171
"s__neonatale","Group_sub",0.574847638800792,1,"IBS_after_poor","Wilcoxon rank sum test with continuity correction","IBS_before_poor vs IBS_after_poor",0.531645569620253,-0.911463325398343
"s__producta","Group_sub",0.922356518027847,1,"IBS_before_poor","Wilcoxon rank sum test with continuity correction","IBS_before_poor vs IBS_after_poor",1.81896551724138,0.863118193579613
"s__catus","Group_sub",0.0574128515247716,1,"IBS_after_poor","Wilcoxon rank sum test with continuity correction","IBS_before_poor vs IBS_after_poor",0.368794326241135,-1.4391116342577
"s__callidus","Group_sub",0.163261675233397,1,"IBS_before_poor","Wilcoxon rank sum test with continuity correction","IBS_before_poor vs IBS_after_poor",4.70588235294118,2.23446525363702
"s__yabuuchiae","Group_sub",0.22034029983794,1,"IBS_after_poor","Wilcoxon rank sum test with continuity correction","IBS_before_poor vs IBS_after_poor",0.634615384615385,-0.656045598782639
"s__bromii","Group_sub",0.6725005596963,1,"IBS_before_poor","Wilcoxon rank sum test with continuity correction","IBS_before_poor vs IBS_after_poor",1.78926701570681,0.839368699570311
"s__pullicaecorum","Group_sub",0.93070047135011,1,"IBS_before_poor","Wilcoxon rank sum test with continuity correction","IBS_before_poor vs IBS_after_poor",7.96551724137931,2.99376804628849
"s__zeae","Group_sub",1,1,"IBS_after_poor","Wilcoxon rank sum test with continuity correction","IBS_before_poor vs IBS_after_poor",0.533333333333333,-0.906890595608519
"s__biforme","Group_sub",0.693152339359209,1,"IBS_after_poor","Wilcoxon rank sum test with continuity correction","IBS_before_poor vs IBS_after_poor",0.791519434628975,-0.337303320774278
"s__reuteri","Group_sub",0.00931161022117654,0.512138562164709,"IBS_after_poor","Wilcoxon rank sum test with continuity correction","IBS_before_poor vs IBS_after_poor",0.106334841628959,-3.23331370771379
"s__uniformis","Group_sub",0.504203151968075,1,"IBS_before_poor","Wilcoxon rank sum test with continuity correction","IBS_before_poor vs IBS_after_poor",1.6288532675709,0.703856647029555
"s__stercorea","Group_sub",0.697136884040823,1,"IBS_before_poor","Wilcoxon rank sum test with continuity correction","IBS_before_poor vs IBS_after_poor",1.85812356979405,0.893846447684578
"s__caccae","Group_sub",0.786843966527626,1,"IBS_after_poor","Wilcoxon rank sum test with continuity correction","IBS_before_poor vs IBS_after_poor",0.986263736263736,-0.019954606375645
"s__formicigenerans","Group_sub",0.948308499497129,1,"IBS_after_poor","Wilcoxon rank sum test with continuity correction","IBS_before_poor vs IBS_after_poor",0.943932411674347,-0.0832445327929738
"s__obeum","Group_sub",0.384627899243821,1,"IBS_after_poor","Wilcoxon rank sum test with continuity correction","IBS_before_poor vs IBS_after_poor",0.541766109785203,-0.884257946408437
"s__torques","Group_sub",0.514317385034572,1,"IBS_after_poor","Wilcoxon rank sum test with continuity correction","IBS_before_poor vs IBS_after_poor",0.67590618336887,-0.565105082375969
"s__eutactus","Group_sub",0.434628543734562,1,"IBS_before_poor","Wilcoxon rank sum test with continuity correction","IBS_before_poor vs IBS_after_poor",1.9452380952381,0.959946750479561
"s__rhizosphaerae","Group_sub",0.242918847417124,1,"IBS_after_poor","Wilcoxon rank sum test with continuity correction","IBS_before_poor vs IBS_after_poor",0.407821229050279,-1.29399121838424
"s__parvula","Group_sub",0.497299483862142,1,"IBS_after_poor","Wilcoxon rank sum test with continuity correction","IBS_before_poor vs IBS_after_poor",0.68984962406015,-0.535646182657977
"s__palleronii","Group_sub",0.968040148586462,1,"IBS_before_poor","Wilcoxon rank sum test with continuity correction","IBS_before_poor vs IBS_after_poor",1.23759791122715,0.307542666973302
"s__mucosae","Group_sub",0.530713078569355,1,"IBS_after_poor","Wilcoxon rank sum test with continuity correction","IBS_before_poor vs IBS_after_poor",0.0423728813559322,-4.56071495447448
"s__putredinis","Group_sub",0.732373496697565,1,"IBS_before_poor","Wilcoxon rank sum test with continuity correction","IBS_before_poor vs IBS_after_poor",1.31034482758621,0.389946518316013
"s__citroniae","Group_sub",0.450033186107523,1,"IBS_before_poor","Wilcoxon rank sum test with continuity correction","IBS_before_poor vs IBS_after_poor",1.63921568627451,0.713005695222025
"s__breve","Group_sub",0.308088087038606,1,"IBS_after_poor","Wilcoxon rank sum test with continuity correction","IBS_before_poor vs IBS_after_poor",0.428082191780822,-1.22404027421793
"s__bifidum","Group_sub",0.961132169398719,1,"IBS_before_poor","Wilcoxon rank sum test with continuity correction","IBS_before_poor vs IBS_after_poor",1.73275862068966,0.793070696051356
"s__colinum","Group_sub",0.35360918951154,1,"IBS_after_poor","Wilcoxon rank sum test with continuity correction","IBS_before_poor vs IBS_after_poor",0.741935483870968,-0.430634354329863
