"feature","symbol","baseMean","log2FoldChange","lfcSE","stat","pvalue","padj","direction"
"Mmp13","Mmp13",59.5126790544369,5.22991392950862,1.35834460134921,3.85021144436683,0.000118015896617955,0.00379589600104752,"Up"
"Ccl3","Ccl3",31.3151710360163,5.1193723417203,0.910549596554225,5.62228829829088,1.88444430356966e-08,2.31392629166504e-05,"Up"
"Try5","Try5",143.532599399474,5.05204040872164,1.32795191943872,3.80438503440468,0.000142156915426579,0.00417222805321904,"Up"
"Clec4e","Clec4e",16.3886905783222,4.87513037508349,1.16691711348151,4.17778633868731,2.94359971395916e-05,0.00178025617897559,"Up"
"Kng1","Kng1",226.885340356174,4.39594595374468,1.07618896308478,4.08473428415786,4.4127283682647e-05,0.00220750822482042,"Up"
"Saa3","Saa3",9296.36615651081,3.86714200500112,1.18075936064233,3.27513135521315,0.0010561285410764,0.014307843302983,"Up"
"Hp","Hp",935.223023975983,3.71428054115311,1.05468233138502,3.52170547531168,0.00042878023171932,0.00804379804143452,"Up"
"Car6","Car6",93.4040966645854,3.51236268211294,0.931487031034297,3.77070486769194,0.000162787101409314,0.00456175389779171,"Up"
"Lcn2","Lcn2",539.894513378587,3.51128917437483,0.851328077113631,4.12448416629182,3.71566551089736e-05,0.00200749976222763,"Up"
"Tnxb","Tnxb",11.4727204441455,3.40365015765299,0.936679257945137,3.63374135680108,0.000279340893084621,0.00631563337185171,"Up"
"Serpinb2","Serpinb2",137.870518575686,3.40189884222149,0.783740447232192,4.34059369302098,1.42098262351474e-05,0.00124141447767656,"Up"
"S100a8","S100a8",18.0135665041555,3.31491189236636,0.871555611035446,3.80344277564584,0.000142698968465253,0.00417222805321904,"Up"
"Serpina3n","Serpina3n",715.438131101773,3.2586468536926,0.846509285778186,3.8495110549165,0.00011835384221466,0.00379589600104752,"Up"
"Il1f9","Il1f9",73.4406915693152,3.1783145865021,0.774899999743708,4.10158031688386,4.10338025443127e-05,0.00209540095226232,"Up"
"Slfn2","Slfn2",12.7180403178064,3.09026447911397,0.792390902377436,3.8999242291174,9.62227970844678e-05,0.00339787581991618,"Up"
"Gda","Gda",369.221750314337,3.08616574247737,0.776537690826324,3.97426393971082,7.05972412168309e-05,0.00280241875693805,"Up"
"Nos2","Nos2",774.348071922399,3.03427889806075,0.749305169989001,4.04945677620947,5.13366581771099e-05,0.00237467206163775,"Up"
"Kng2","Kng2",2414.45303214042,2.9383003989109,0.828246869767244,3.54761425145697,0.000388737108537819,0.00757672745313178,"Up"
"Gsta1","Gsta1",81.7473752940985,2.92248459002916,0.952255520431703,3.06901301943019,0.00214767231517776,0.0216967912947688,"Up"
"Vnn3","Vnn3",12.8533431405522,2.72197924692928,0.932373672738316,2.91940809411212,0.00350696787310542,0.0295315555249594,"Up"
"Prl2c2","Prl2c2",506.050483914909,2.69874659959726,0.744891636180219,3.62300564070816,0.00029119946955041,0.00641401311138324,"Up"
"Il6","Il6",417.902885293824,2.68858769070807,0.598720869220966,4.49055282506915,7.10385535743874e-06,0.000820100635153206,"Up"
"Prg4","Prg4",988.514696629631,2.66652312928803,0.642513133360869,4.15014571817379,3.32263680220352e-05,0.00186741379844182,"Up"
"Gm3776","Gm3776",11.585332336837,2.59273914097964,0.814217962343785,3.1843305612127,0.00145089223288173,0.0173273221834957,"Up"
"Mmp3","Mmp3",59.2236355114177,2.57464548099742,0.598045068754456,4.30510276819038,1.6690823456184e-05,0.00134144869303812,"Up"
"Ucma","Ucma",14.1150767049133,-2.5461333871245,0.819976021508994,-3.10513151645444,0.00190194436440693,0.0203143526590898,"Down"
"P2rx3","P2rx3",34.5926998827639,2.50401560754743,0.470760464582762,5.31908644827845,1.04289577084713e-07,6.76732597858437e-05,"Up"
"Itgb7","Itgb7",66.6673952989522,2.47103990206491,0.51432315663562,4.80445002365614,1.55177453586188e-06,0.000349330310931439,"Up"
"Wfdc21","Wfdc21",25.082848245494,2.44012500432896,0.564809783960672,4.32025980006548,1.55845611636238e-05,0.00126807631106666,"Up"
"Serpina3m","Serpina3m",23.4881917442979,2.41094349953728,0.585671713549951,4.11654420686249,3.84595589314805e-05,0.00204517032475396,"Up"
"Hlf","Hlf",142.394664615412,2.40892224766696,0.719113450636247,3.34985007655694,0.00080855310947389,0.0117557877822,"Up"
"Il13ra2","Il13ra2",579.571715632702,2.36793490511454,0.582498624648311,4.0651338988898,4.8004893749155e-05,0.0022946568276456,"Up"
"Il1a","Il1a",68.2682683539358,2.33959470880012,0.393507939190337,5.94548286271925,2.75643088672924e-09,6.2051853311753e-06,"Up"
"Trib3","Trib3",923.109603582581,2.32661075216066,0.622080552379839,3.74004739942431,0.000183985556832831,0.00497901963229716,"Up"
"Sprr2g","Sprr2g",19.3669849877595,2.29162126251423,0.623652565106213,3.67451589351509,0.00023830081108436,0.00579951181138099,"Up"
"Kcnma1","Kcnma1",21.3928276274376,2.27628948236031,0.54352806300368,4.18798887730089,2.81437306110547e-05,0.00173616198529278,"Up"
"Tnfrsf9","Tnfrsf9",260.482930099863,2.27598405974537,0.684536021159646,3.32485652966767,0.000884640450786673,0.0125644990207945,"Up"
"Slco4a1","Slco4a1",27.2831453087793,2.26591042201665,0.653660791783095,3.46649279029811,0.000527295876115745,0.00909602222055602,"Up"
"Cck","Cck",567.863891775827,2.24260071092052,0.720106088890542,3.11426433621144,0.00184404201540633,0.0198577495456425,"Up"
"Fam198a","Fam198a",23.0773221996229,-2.20679637719298,0.616654693222142,-3.57865820441913,0.000345362784201316,0.00713062534346444,"Down"
"Ccl8","Ccl8",460.541461736378,2.19728294727529,0.6338097532176,3.46678626531156,0.000526720535833696,0.00909602222055602,"Up"
"Csf2rb","Csf2rb",538.919206445025,2.15273466119092,0.636027716438666,3.38465542546607,0.00071267658032022,0.0108037290352247,"Up"
"Ccr1","Ccr1",8.46576185999212,2.12136943880413,0.678712231082202,3.12558009367479,0.00177454738912919,0.0194112714268113,"Up"
"Rasl11a","Rasl11a",442.472776274505,2.09420906837087,0.550594610369905,3.80354080648177,0.000142642483691488,0.00417222805321904,"Up"
"Mark1","Mark1",30.5041476141383,2.06756103624264,0.474412104138217,4.35815405679505,1.31164046229729e-05,0.00120519236219385,"Up"
"Avil","Avil",36.6398595738284,2.01939832295507,0.412197055442127,4.89910904576706,9.62722057848966e-07,0.000265377282354408,"Up"
"H2-Q10","H2-Q10",9.2934558753526,2.01445268825491,0.706052432089135,2.85312052859071,0.00432921982093804,0.0336061908743736,"Up"
"Havcr2","Havcr2",64.8833244510438,2.00422545525468,0.439643395985432,4.55875255617644,5.14583568643416e-06,0.000674067689847203,"Up"
"Tpsab1","Tpsab1",206.581505194076,1.99920085590785,0.599484096550068,3.33486887711104,0.000853396295531713,0.0122235670877485,"Up"
"Cxcl1","Cxcl1",9874.1126639175,1.99708131410399,0.561002252601579,3.5598454459724,0.000371073118427992,0.00744737683596863,"Up"
"Erv3","Erv3",54.8477171906519,1.963613924779,0.360623543789632,5.44505193461374,5.17902726973161e-08,4.37207008326656e-05,"Up"
"Mmp10","Mmp10",18.6871225551938,1.95784161743249,0.645417670119138,3.0334490486929,0.00241775535069051,0.0234097645317395,"Up"
"Slpi","Slpi",892.477956370023,1.9499758233228,0.588286886528259,3.31466817972174,0.000917519679962378,0.0129227719679373,"Up"
"Npy1r","Npy1r",171.265002445237,1.91638832345243,0.379469285541988,5.05018033466211,4.41393172100275e-07,0.00017033993073024,"Up"
"Thbd","Thbd",3037.25472303878,1.91131451717925,0.498306571626649,3.83561972891516,0.000125248072160903,0.00389798550847307,"Up"
"Adm2","Adm2",123.804764555874,1.90552728178612,0.392626473351764,4.85328272828641,1.21434372495867e-06,0.000301420785388789,"Up"
"Ptn","Ptn",199.308737624005,-1.89596726779424,0.662017921187217,-2.86392136393248,0.00418431874705363,0.0328209020420751,"Down"
"Acat3","Acat3",165.198297368963,1.89518584020864,0.537321412624612,3.5270990429199,0.000420139569824264,0.00798146999946038,"Up"
"Serpina3i","Serpina3i",74.3512285163475,1.87658226415228,0.487418375997002,3.85004414393237,0.00011809653809589,0.00379589600104752,"Up"
"Cd93","Cd93",23.0427961553189,1.87439133939481,0.598573798778421,3.1314289787159,0.00173957855584059,0.019212172979345,"Up"
"Fam110c","Fam110c",282.179292976384,1.86786863208788,0.655077142219292,2.85137201667554,0.00435310063857676,0.033733408103991,"Up"
"Erich2","Erich2",19.8178460831488,1.83575203999832,0.540429759988855,3.39683743551831,0.000681694517055211,0.010533743494054,"Up"
"Gipr","Gipr",47.8979055933805,1.83507245785233,0.49370125739826,3.71696938250251,0.000201626866931022,0.00521233250180804,"Up"
"Angptl7","Angptl7",172.678091524176,1.82697679184409,0.596637615314741,3.06212136973683,0.00219774321122118,0.0220091156685071,"Up"
"Cxcl5","Cxcl5",40539.9450380627,1.82061748190133,0.447061693065046,4.0724077015394,4.65296407206435e-05,0.00226886591051889,"Up"
"Cebpd","Cebpd",2559.15783302021,1.81914847973125,0.490360194719603,3.70982086091117,0.000207405950149165,0.00530808449957777,"Up"
"Gpr137b","Gpr137b",2319.50801166191,1.81902573342787,0.447843681570624,4.06174254161274,4.8707777679395e-05,0.00230840685303715,"Up"
"N4bp2l1","N4bp2l1",107.076655907336,1.80141281613283,0.420775211449624,4.28117618888892,1.85908090872255e-05,0.0014028271415707,"Up"
"Serpinb9b","Serpinb9b",965.955728657615,1.80045219108415,0.429639953310942,4.19060698896669,2.78209190774864e-05,0.00173169195382308,"Up"
"Gpr68","Gpr68",20.2448673701375,1.78491261167762,0.394981338529231,4.51897960122368,6.21383806373225e-06,0.00074937777434671,"Up"
"Plek","Plek",93.0857921118874,1.7721145954614,0.50513758726,3.50818200853716,0.000451180258430246,0.00817998892700314,"Up"
"Pthlh","Pthlh",16.5502938102061,-1.76165700273,0.557895346113868,-3.15768363188755,0.00159028041642158,0.0181867953936162,"Down"
"Mt2","Mt2",10271.3355763371,1.74790413149512,0.432037344800978,4.04572464054076,5.21615180302916e-05,0.00240225307413573,"Up"
"Chac1","Chac1",1394.80403555988,1.73984483613644,0.448592373641183,3.87845388902687,0.000105122446701284,0.003567560019081,"Up"
"Ceacam19","Ceacam19",32.5416751746843,1.71666369805948,0.508443164772342,3.37631384783809,0.000734640659000247,0.0110745439521388,"Up"
"Adm","Adm",452.311129553418,1.69177713137498,0.453380645157482,3.731471886691,0.000190364257085696,0.0050291477968565,"Up"
"Muc13","Muc13",14.0797569228408,1.6422246855898,0.525422841108978,3.12552968219587,0.00177485157415503,0.0194112714268113,"Up"
"AI607873","AI607873",38.4640490190786,1.6357604228982,0.379439777462597,4.31098825177718,1.62526541408886e-05,0.00131451855976636,"Up"
"Saa2","Saa2",14.4472156164209,1.62503557591903,0.541604565554828,3.00040967020712,0.00269616710132125,0.0250872066838551,"Up"
"Cth","Cth",186.786674647921,1.62080416827742,0.382845387302224,4.23357371417912,2.30006743269977e-05,0.00156328056222645,"Up"
"Mmp8","Mmp8",35.2910983397947,1.61777873634015,0.560062866230441,2.88856632689964,0.00387002401711882,0.0314704481632896,"Up"
"Parm1","Parm1",246.911614380621,-1.61016339716126,0.540321978938409,-2.98000721777932,0.00288241591672017,0.026042001195411,"Down"
"Oas1b","Oas1b",9.59435763320758,1.60425653792225,0.566178219154488,2.83348331611554,0.00460437114083508,0.0351164545450364,"Up"
"Slc10a6","Slc10a6",97.8338465243576,1.55675423012294,0.406256981350362,3.83194456117019,0.000127134391789116,0.00392055760250136,"Up"
"Mpeg1","Mpeg1",15.2418036877116,1.55094931356905,0.581878037164979,2.66541992395103,0.00768922414144743,0.0485092715920273,"Up"
"Klf15","Klf15",56.2052921876619,1.55083466993231,0.417258815202561,3.71672116544607,0.000201824972121538,0.00521233250180804,"Up"
"Cd40","Cd40",60.140850842503,1.53446628814848,0.401535499159412,3.8214959607825,0.000132644586975749,0.00401710860152789,"Up"
"Ifit1","Ifit1",147.303438181523,1.52511417222152,0.332771581978699,4.58306614751481,4.58207012454016e-06,0.000658404480554935,"Up"
"Unc93a","Unc93a",29.4546146071605,1.50637799849905,0.406340128859397,3.70718492098597,0.000209575914194787,0.00534102240194147,"Up"
"Cd200r3","Cd200r3",12.1401271386836,1.50065115071835,0.543406980243553,2.76156031349793,0.00575258903714976,0.0403637507141724,"Up"
"Gm20219","Gm20219",12.3928477595156,1.49625826437099,0.520348158241174,2.87549449474077,0.00403395180226941,0.0321321397533976,"Up"
"Xdh","Xdh",3142.07523178096,1.49210610948088,0.439364083799926,3.39605845014939,0.000683637592237133,0.010533743494054,"Up"
"Ddit3","Ddit3",1273.63486420874,1.48713321693244,0.458352963344064,3.24451533177091,0.0011765068366469,0.0153983312428195,"Up"
"Prl2c5","Prl2c5",11.5538016311563,1.4790063124964,0.537763208952745,2.75029285729059,0.00595420238221818,0.0412427751674979,"Up"
"Itgb2","Itgb2",86.7946419399386,1.47759789891791,0.366280536292295,4.03406065163882,5.48211578315737e-05,0.00247648621682631,"Up"
"Dnajb13","Dnajb13",15.4547681259063,-1.47391703551589,0.525906328048664,-2.80262274269403,0.00506889240626851,0.0370484468243879,"Down"
"Aldh1l2","Aldh1l2",2874.30045744229,1.45882222336812,0.254137477148184,5.74028765744573,9.45158655559440e-09,1.27662579606414e-05,"Up"
"Stra6","Stra6",75.2341102777289,-1.45820324461835,0.337129096013736,-4.32535566303936,1.52285955878084e-05,0.00125422341832029,"Down"
"Dmp1","Dmp1",135.336231917466,-1.45401641434922,0.420295402056335,-3.45951063760227,0.000541157901263206,0.00927591341670321,"Down"
"Dcn","Dcn",3893.73878712189,1.45341286907419,0.241562344653356,6.0167194980652,1.77987102906382e-09,4.80814359791301e-06,"Up"
"Fetub","Fetub",314.833482767358,1.43941392381868,0.463451888993908,3.1058540444046,0.00189730339979421,0.0202904806183851,"Up"
"Mest","Mest",2235.89481411951,-1.43490439231874,0.246470490731027,-5.82181010011722,5.8213672136449e-09,1.03420428333968e-05,"Down"
"Tmem154","Tmem154",179.344308369463,1.43470139675646,0.325730523357702,4.40456541182337,1.05996155004942e-05,0.00106557442815755,"Up"
"Atf3","Atf3",277.652473843184,1.42791037940988,0.304354393230232,4.69160429805173,2.71071023054436e-06,0.000494777879513008,"Up"
"Mfap4","Mfap4",62.3640573790693,-1.42552688817681,0.47464715570046,-3.00334020978823,0.00267033735518498,0.024995319928263,"Down"
"Otoa","Otoa",21.6692625142264,-1.42383586289646,0.461160214405744,-3.0875080252342,0.00201842321645305,0.0209070877182756,"Down"
"Camp","Camp",90.6757543471779,1.40999882705107,0.339447134552561,4.15380977927432,3.26985029008312e-05,0.00186741379844182,"Up"
"Bfsp2","Bfsp2",10.9585572655297,-1.40164847670617,0.467564453774197,-2.99776526079349,0.00271967064487143,0.0251951930043062,"Down"
"Oit3","Oit3",18.9169892182195,1.39455570461748,0.483594818625036,2.88372755643351,0.00392998593418779,0.0317091862629297,"Up"
"Gm14023","Gm14023",11.5752093028548,1.39354420446391,0.470646113874088,2.9609172654015,0.00306724322078588,0.0270425941143308,"Up"
"Tnfrsf26","Tnfrsf26",10.9812603378378,1.38149340307824,0.487783604335437,2.83218499104824,0.00462310935117673,0.0351403140159506,"Up"
"Apln","Apln",2030.10570053827,1.38105896741805,0.435302213059266,3.17264402979274,0.00151057611484822,0.0176499581170025,"Up"
"4930558J18Rik","4930558J18Rik",21.5331027713692,-1.37334353699891,0.429418923327562,-3.19814396244322,0.00138315211855516,0.0169530269195323,"Down"
"Ptx3","Ptx3",1189.72500270002,1.3691883470144,0.400354431021165,3.41994053499566,0.000626348257553597,0.0100444221060581,"Up"
"Spc24","Spc24",606.986970732208,-1.36771720360576,0.466533308413229,-2.93166035295021,0.00337155258385566,0.0286232311440216,"Down"
"F13a1","F13a1",32.6560457832241,1.36665879756772,0.353524805702728,3.86580736492057,0.000110722307734958,0.00367451157389699,"Up"
"Trim66","Trim66",66.9991696815145,-1.3606087591432,0.455363321383887,-2.98796300722728,0.00280843545023822,0.0256510058729373,"Down"
"Mt1","Mt1",10034.9460619334,1.36000117865113,0.377496249819297,3.60268791889229,0.000314943562886466,0.00667808901712322,"Up"
"Enpp2","Enpp2",2111.14673440302,1.35654236093109,0.363720605004608,3.72962747302674,0.000191763073876892,0.00503919034796727,"Up"
"Ero1l","Ero1l",3585.19692809135,1.35350680564927,0.252806872563948,5.35391618084628,8.60707425671329e-08,6.45865288807925e-05,"Up"
"1500015O10Rik","1500015O10Rik",31.6882096633177,-1.34651413446554,0.493226926243784,-2.73000937868507,0.00633325237753675,0.0427978313444334,"Down"
"Ier3","Ier3",3746.13627062464,1.34524248501884,0.385655774239702,3.48819484855609,0.000486293555385553,0.00854143960025053,"Up"
"Gpnmb","Gpnmb",77.7612828849096,1.34213035717082,0.359992583909379,3.72821668323221,0.000192839541272222,0.00505747040475016,"Up"
"Steap4","Steap4",699.927427712532,1.33986955175313,0.295014065858059,4.54171413100618,5.57986709339226e-06,0.000697845044726382,"Up"
"Cd33","Cd33",22.2366238699664,1.33802314907642,0.486053126197144,2.75283313070127,0.00590820024045787,0.0410715700709544,"Up"
"Smoc2","Smoc2",918.608255820402,-1.33397459497402,0.444097902885196,-3.00378494540847,0.00266643728469059,0.02497612233309,"Down"
"Cxcl10","Cxcl10",104.277481980568,1.33360649936443,0.252182226115205,5.28826523545396,1.23481839175778e-07,7.25160522498798e-05,"Up"
"Rmi2","Rmi2",45.5483075660173,-1.32446344049309,0.385630269735776,-3.43454221423173,0.00059355561407694,0.0097177644598027,"Down"
"Gjb5","Gjb5",105.781968488412,-1.31818667324618,0.441071911871605,-2.98859808971446,0.00280260523829286,0.0256358199222812,"Down"
"Cyp2f2","Cyp2f2",84.1643249764564,1.30597886637126,0.434717490851566,3.00420133501642,0.00266279051160053,0.0249592723387844,"Up"
"Cgn","Cgn",19.6188841067861,-1.30455331691486,0.455248738212332,-2.86558359730457,0.00416241355976185,0.0326987683383565,"Down"
"Gm9992","Gm9992",145.964370713454,1.3024489652501,0.302947130267932,4.29926160415579,1.71368098358378e-05,0.00134733675963743,"Up"
"Padi3","Padi3",105.765818511506,-1.3017498443169,0.388837783047479,-3.34779669330116,0.000814567442695048,0.011817789955405,"Down"
"Ccl5","Ccl5",85.3043134149088,1.30005186238431,0.36375146965567,3.57401129846965,0.000351553749491997,0.00717588080134154,"Up"
"Piwil2","Piwil2",12.2421363054945,1.29885729326955,0.453941763417436,2.8612861779698,0.00421926004971604,0.0329991577831584,"Up"
"Adgrd1","Adgrd1",30.9373434757099,1.29649593688344,0.439325223640463,2.95110744186286,0.00316636753099424,0.0275923395104124,"Up"
"Fam83a","Fam83a",22.2345821548492,-1.29132564630062,0.440458469237004,-2.93177617526019,0.0033702955185677,0.0286232311440216,"Down"
"Trem2","Trem2",44.2640277617099,1.28362221661695,0.473995840869813,2.70808751034908,0.00676721760357763,0.0444575915231143,"Up"
"Cep290","Cep290",80.234658202807,1.28025219936039,0.186476772518806,6.86547810790362,6.6268927568137e-12,8.95094404662827e-08,"Up"
"Prdm1","Prdm1",165.105142235487,1.26993547909697,0.219197904309227,5.79355666332212,6.89112204786933e-09,1.03420428333968e-05,"Up"
"Abcb1a","Abcb1a",29.1613149444664,1.26548329323257,0.37042157004361,3.41633262092048,0.000634706688092902,0.0100880617304348,"Up"
"Ptgs2","Ptgs2",1431.03458001196,1.25819504187459,0.416507661961725,3.02082087985746,0.00252090440418216,0.0240805203587613,"Up"
"Ccl7","Ccl7",2158.8522849692,1.25403232015032,0.369390151809323,3.3948720993451,0.000686606678863741,0.0105506216284557,"Up"
"1700026D08Rik","1700026D08Rik",55.9021002176261,1.24716879442018,0.346983809040144,3.59431409168689,0.000325247284258677,0.00684526090605842,"Up"
"Cdkn1c","Cdkn1c",505.657840992519,-1.24638766215575,0.240054187230187,-5.19210965047902,2.07924480519018e-07,9.36145319456794e-05,"Down"
"Klf4","Klf4",2217.83934650345,1.2455267293498,0.254655750669415,4.89102141253701,1.00314049793837e-06,0.000270988374113072,"Up"
"Cilp2","Cilp2",27.1706594939964,-1.24505992506311,0.349835406582036,-3.55898774577335,0.000372286899540456,0.00746065156096874,"Down"
"Serpinb9e","Serpinb9e",90.4204160760218,1.23027727898547,0.282451082845819,4.35571804713895,1.32631412144912e-05,0.00120673280595253,"Up"
"Ifitm6","Ifitm6",33.0997111589962,1.22885238831468,0.432952867906063,2.83830522767505,0.0045353789703689,0.0347690170780132,"Up"
"Ckmt2","Ckmt2",19.4363261917016,-1.22381079908867,0.385190066905557,-3.1771608466444,0.00148724526743597,0.017513706911297,"Down"
"Mx1","Mx1",13.8209843322443,1.22289122604768,0.460596281146481,2.65501758503946,0.00793042742776289,0.0494992066852095,"Up"
"Neurl1b","Neurl1b",243.12448773442,-1.22265463000862,0.34200030808702,-3.57501031752732,0.000350214084959051,0.00717588080134154,"Down"
"Nrn1","Nrn1",1036.0351045567,1.22220255093543,0.223232456244681,5.4750217396515,4.37457902631771e-08,4.37207008326656e-05,"Up"
"Rtn4r","Rtn4r",80.456639495219,-1.22032530073046,0.316978898367597,-3.849862899439,0.000118183959469103,0.00379589600104752,"Down"
"Mgst1","Mgst1",2375.99101222949,1.21979242291258,0.255202374476882,4.779706401294,1.75551366759125e-06,0.000376376557272302,"Up"
"Susd1","Susd1",294.301093643055,1.21809474206277,0.272912774925362,4.46331155584746,8.07025753585771e-06,0.000908374737806918,"Up"
"Sox8","Sox8",851.948943386604,-1.21641001201089,0.38969154542086,-3.12146882914073,0.00179951297262925,0.0195700657981508,"Down"
"Lrrc15","Lrrc15",63.7663014792258,-1.21233894879938,0.285185124604951,-4.25105955466211,2.12761578990959e-05,0.00148900033545642,"Down"
"Mxd3","Mxd3",342.365497954784,-1.21021306126606,0.336793026358991,-3.59334358656251,0.000326461651236685,0.00685772554160793,"Down"
"Zfp423","Zfp423",22.2994739704031,-1.2057974919187,0.428450365186262,-2.81432247442361,0.00488801672986656,0.0362561460572804,"Down"
"Cthrc1","Cthrc1",461.579864909086,-1.20474712171099,0.432276110256448,-2.78698520026071,0.00532009086273934,0.0382022686246785,"Down"
"Tmem130","Tmem130",35.966620670767,-1.20243953263476,0.425574867295146,-2.82544770624539,0.0047214594153968,0.0355676253897181,"Down"
"Plekhg4","Plekhg4",329.523695221782,-1.20243912017605,0.302755413340031,-3.97165192493376,7.13759583860697e-05,0.00281071448956456,"Down"
"Asf1b","Asf1b",1466.12831015893,-1.20098006831326,0.382061895441614,-3.14341755260645,0.00166987449823487,0.0187147663134806,"Down"
"Kirrel3","Kirrel3",249.289270680921,-1.19911014020056,0.315876230113338,-3.79613920227652,0.000146966995831188,0.00424491998968199,"Down"
"Maff","Maff",1483.55400886753,1.19695172558592,0.262463042964055,4.56045815848383,5.10421324811086e-06,0.000674067689847203,"Up"
"Map3k8","Map3k8",552.405505410168,1.19639107922732,0.224229116497308,5.33557415698817,9.52426928395506e-08,6.76732597858437e-05,"Up"
"Cd14","Cd14",623.427456293615,1.18636765830666,0.298431423016275,3.97534430629298,7.02775081669889e-05,0.00280241875693805,"Up"
"Gsta4","Gsta4",2541.15742460391,1.18631654565242,0.40425736248717,2.93455767472899,0.0033402347055025,0.0285467544240543,"Up"
"Sema3g","Sema3g",166.101850208887,-1.18066668832828,0.272435301193844,-4.33375074065095,1.4659014369822e-05,0.00124956074804252,"Down"
"Hsd17b1","Hsd17b1",14.8832935025241,1.17013541207922,0.428493247068894,2.73081412620508,0.00631780926302903,0.0427957119938481,"Up"
"Slc22a4","Slc22a4",229.556273583553,1.16370751102146,0.32024378875179,3.63381758490065,0.000279258333731745,0.00631563337185171,"Up"
"Comp","Comp",16.1948544368652,-1.16242019947217,0.389578213299108,-2.98379159765716,0.00284700611617483,0.0258546701548712,"Down"
"Hmha1","Hmha1",26.3240011207079,1.16185475679625,0.29728271961794,3.90824854633137,9.29676391317695e-05,0.00333089190369735,"Up"
"Ppbp","Ppbp",44.6710122959705,1.15177761251457,0.308260141745876,3.73638189482205,0.00018668707209272,0.00498192380364453,"Up"
"Megf6","Megf6",477.326713520831,-1.14970991041208,0.270300479745482,-4.25345123876458,2.10500792236124e-05,0.00148860429357766,"Down"
"Hmox1","Hmox1",4264.19180780966,1.14654316795301,0.357141876955094,3.21032968110085,0.00132582813360549,0.0165355130199533,"Up"
"Arhgap26","Arhgap26",88.3774643493018,1.14623409441037,0.237685807968317,4.82247595768596,1.41787124201123e-06,0.000330192876997339,"Up"
"Pou2af1","Pou2af1",33.3886202206441,-1.14426503553046,0.363995989138985,-3.14361990151915,0.00166872036782705,0.0187147663134806,"Down"
"Serpina3g","Serpina3g",471.19195461901,1.14133573564857,0.247464696458433,4.61211539254967,3.98591602689611e-06,0.000611792815628247,"Up"
"Ptges","Ptges",57.2757551245144,1.14090294267413,0.300436051896582,3.79749013299794,0.000146168593061953,0.00423669353323561,"Up"
"Npas2","Npas2",95.7511507180299,1.14011248194659,0.291497269376204,3.91122868624602,9.18277723018804e-05,0.00332253015312029,"Up"
"Cyp3a13","Cyp3a13",28.4185336153561,1.13781382764204,0.416019665953174,2.73500009917826,0.00623802572654863,0.0425111067045875,"Up"
"Vldlr","Vldlr",2073.84522785368,1.12103903112155,0.253286229752908,4.42597701507569,9.60067471611148e-06,0.0010210733337836,"Up"
"Kctd12","Kctd12",93.1386930971545,-1.11267723021662,0.365565313761923,-3.04371664468489,0.00233675122010191,0.0228548144315109,"Down"
"Chd5","Chd5",30.6681525741828,1.11257276939987,0.384452038598349,2.89391824648955,0.00380467208354915,0.0311264117701383,"Up"
"BC022687","BC022687",1536.96517709464,1.11184806050567,0.408115124541106,2.72434907124764,0.00644283704462495,0.0432401640388718,"Up"
"Phex","Phex",226.504881242964,1.10922323419208,0.34529443478558,3.21239823885629,0.00131631771423971,0.0164320733514194,"Up"
"Gpr137c","Gpr137c",27.7032278809808,1.10784614494104,0.328447961348855,3.37297311997732,0.000743612116428543,0.0111848205530071,"Up"
"Myl9","Myl9",5104.77951306796,-1.10778785834263,0.256062521844976,-4.32623974161008,1.5167633780277e-05,0.00125422341832029,"Down"
"Ccl11","Ccl11",90.8609022167553,1.10183152730699,0.286570456505708,3.84488876048896,0.000120607137821226,0.00381508339707564,"Up"
"Gdf5","Gdf5",51.9947112379163,-1.09896513024926,0.356685581149662,-3.08104725373841,0.00206273910144527,0.0211231364997887,"Down"
"Mmp9","Mmp9",107.467361865978,-1.09894024151485,0.252586501467628,-4.35074810066875,1.35673844965535e-05,0.00121360703572813,"Down"
"Tril","Tril",606.56202787279,-1.09680712047349,0.281633167751027,-3.89445294825183,9.84205928336421e-05,0.00343016253379844,"Down"
"Col28a1","Col28a1",25.2797716355167,1.09532576834989,0.367134083473781,2.98344887509775,0.00285019648038819,0.0258546701548712,"Up"
"Rora","Rora",167.089003777525,1.09399432685247,0.296014455368486,3.69574629553357,0.000219241823284723,0.00544356490276978,"Up"
"Aoc3","Aoc3",670.478072341357,-1.09371455604562,0.275078451332768,-3.97600957380167,7.00813051621827e-05,0.00280241875693805,"Down"
"Hsd17b14","Hsd17b14",19.4619663175553,1.09128947057657,0.406400634870747,2.6852553291991,0.00724744165870362,0.0466148545162427,"Up"
"Ly6c2","Ly6c2",642.227487285651,1.08954911003093,0.29064990328054,3.74866496679779,0.000177778384579758,0.00485610298064662,"Up"
"Mchr1","Mchr1",264.997583377616,-1.08896684263427,0.267124914410332,-4.07662027721419,4.56950237712737e-05,0.0022504062999677,"Down"
"Igf2bp2","Igf2bp2",2940.1259643828,1.07768977623667,0.211603771789215,5.09296109008014,3.52514065124143e-07,0.000148793983675994,"Up"
"Adgrf4","Adgrf4",26.8317969612238,-1.07383870765486,0.311267357718364,-3.4498918085284,0.000560811261929297,0.00940960294929384,"Down"
"Ptprv","Ptprv",242.132268867862,-1.0727971600765,0.164085307516596,-6.53804521753419,6.23280826221339e-11,4.20932705988581e-07,"Down"
"Ccl2","Ccl2",1350.78084948605,1.07243163550244,0.217494017935686,4.93085578022457,8.18701618282732e-07,0.000245778685905545,"Up"
"Tagln","Tagln",11746.4065960424,-1.07217430808764,0.371524756234927,-2.88587581337289,0.00390326140763702,0.0316264858026114,"Down"
"Flrt1","Flrt1",23.8481102700879,-1.06855620683443,0.360629135148827,-2.96303349532046,0.00304623418826356,0.0269453079115101,"Down"
"Actg2","Actg2",4570.04054648643,-1.06851085197989,0.233410006793354,-4.57782794602239,4.69828869975219e-06,0.000667997741763714,"Down"
"Sparcl1","Sparcl1",26.2044015131825,-1.06730412091096,0.383224477908007,-2.78506249584392,0.00535174070840548,0.0383276573427534,"Down"
"Aunip","Aunip",202.15558065263,-1.05933522360841,0.330188260372545,-3.20827646147439,0.00133533069676797,0.016608021842767,"Down"
"Ankrd37","Ankrd37",373.870239412899,1.05747442484127,0.257219684100331,4.11117223994722,3.93655393847776e-05,0.00205974864951141,"Up"
"Smim5","Smim5",156.313397276673,-1.05469938347757,0.393014315022395,-2.68361569327945,0.00728307714086821,0.0467994876030956,"Down"
"Xkr5","Xkr5",184.451894523555,-1.05407767974189,0.284383587120967,-3.70653486163928,0.000210114325451105,0.00534465949880993,"Down"
"F7","F7",52.1290211250003,1.05189248492335,0.385155111748815,2.73108795089643,0.00631256229721647,0.0427957119938481,"Up"
"Col8a2","Col8a2",6256.13663212489,-1.05086383537924,0.273110785301656,-3.84775663186843,0.000119204380819688,0.00379589600104752,"Down"
"Dbh","Dbh",143.939898286805,-1.0495511939878,0.293339708324414,-3.57793767500125,0.000346316000985613,0.00713062534346444,"Down"
"Anpep","Anpep",5141.23379725997,1.04806403582836,0.22486084545622,4.6609450111332,3.14760817469928e-06,0.000538161311590673,"Up"
"Cdca3","Cdca3",1034.97070743316,-1.04579386797554,0.27855559483217,-3.75434522722703,0.000173795193256677,0.00478096064219539,"Down"
"Plin4","Plin4",206.825548514469,1.04117110112574,0.297566909483285,3.4989478599408,0.000467097911935544,0.00831237351319287,"Up"
"Slc6a9","Slc6a9",2052.94919881727,1.04068710341549,0.240535528497464,4.32654215332042,1.51468343822155e-05,0.00125422341832029,"Up"
"Amz1","Amz1",43.1718156748094,1.03957746790084,0.336202812263682,3.0921141346239,0.001987364211604,0.0207779584412687,"Up"
"Slc3a2","Slc3a2",8863.02527952979,1.03649474177864,0.232043144122533,4.46681907236747,7.93912178853405e-06,0.000901123680653189,"Up"
"Htr1d","Htr1d",20.6223054687659,-1.03607118984303,0.368435692921102,-2.81208148328043,0.00492220323327001,0.0363546377941757,"Down"
"Arhgef39","Arhgef39",182.199419931516,-1.03287834118897,0.305021364271119,-3.38624916866772,0.000708550174073756,0.0107882710283648,"Down"
"Gm867","Gm867",41.5677955544749,1.02996353414318,0.258202575175074,3.9889746779048,6.63595041827145e-05,0.00273267628962172,"Up"
"Sapcd2","Sapcd2",220.025900040443,-1.02949911578665,0.308523802659498,-3.3368547480366,0.00084732218146703,0.0121623599416314,"Down"
"Adora2b","Adora2b",573.970410998446,1.0270722694401,0.242619237966714,4.23326805428761,2.3031970969354e-05,0.00156328056222645,"Up"
"Krt80","Krt80",1694.3220136497,1.02553114025976,0.267853831019036,3.82869692906084,0.000128823528502962,0.00395458954429435,"Up"
"Mcm5","Mcm5",1686.8415338349,-1.02476066693502,0.269016123819478,-3.80929087961537,0.000139365923016862,0.00415214076388852,"Down"
"Orm1","Orm1",255.298131561363,1.02070456293197,0.28037899733499,3.64044587017498,0.000272166323367098,0.0062626073760126,"Up"
"Kcnh2","Kcnh2",290.863578910481,-1.01949785797739,0.223723630638235,-4.55695205316035,5.19012658207664e-06,0.000674067689847203,"Down"
"Eno2","Eno2",2462.09714471003,1.01702860520347,0.218708195836893,4.65016229186922,3.31673928951734e-06,0.000556542549993027,"Up"
"Fam105a","Fam105a",39.8589484433405,-1.0168844563291,0.344637202763443,-2.95059398165751,0.00317163537567519,0.0276042039538574,"Down"
"Aig1","Aig1",417.432573291023,1.01681940164518,0.237296243337257,4.28502106626284,1.82721873340812e-05,0.0013865305298957,"Up"
"Hk2","Hk2",3395.29504314072,1.01313978881214,0.20001060831261,5.06543026572187,4.07478926839159e-07,0.000161876996024015,"Up"
"Traf1","Traf1",90.254174938988,-1.01300962284718,0.349665529152349,-2.89708174924447,0.00376651594055179,0.0310282531404432,"Down"
"Gla","Gla",1088.55302205091,1.01248632459774,0.243669522670973,4.15516193202752,3.25057243671875e-05,0.00186741379844182,"Up"
"Trnp1","Trnp1",49.0087946825689,1.0080997988964,0.317108204933051,3.17904041337952,0.00147763487797407,0.017446166343353,"Up"
"Hvcn1","Hvcn1",54.9336729143341,1.00595521339321,0.282999236229334,3.55462165480196,0.000378523351575892,0.00749664942776477,"Up"
NA,NA,NA,NA,NA,NA,NA,NA,NA
NA,NA,NA,NA,NA,NA,NA,NA,NA
NA,NA,NA,NA,NA,NA,NA,NA,NA
NA,NA,NA,NA,NA,NA,NA,NA,NA
NA,NA,NA,NA,NA,NA,NA,NA,NA
NA,NA,NA,NA,NA,NA,NA,NA,NA
NA,NA,NA,NA,NA,NA,NA,NA,NA
NA,NA,NA,NA,NA,NA,NA,NA,NA
NA,NA,NA,NA,NA,NA,NA,NA,NA
NA,NA,NA,NA,NA,NA,NA,NA,NA
NA,NA,NA,NA,NA,NA,NA,NA,NA
NA,NA,NA,NA,NA,NA,NA,NA,NA
NA,NA,NA,NA,NA,NA,NA,NA,NA
NA,NA,NA,NA,NA,NA,NA,NA,NA
NA,NA,NA,NA,NA,NA,NA,NA,NA
NA,NA,NA,NA,NA,NA,NA,NA,NA
NA,NA,NA,NA,NA,NA,NA,NA,NA
NA,NA,NA,NA,NA,NA,NA,NA,NA
NA,NA,NA,NA,NA,NA,NA,NA,NA
NA,NA,NA,NA,NA,NA,NA,NA,NA
NA,NA,NA,NA,NA,NA,NA,NA,NA
NA,NA,NA,NA,NA,NA,NA,NA,NA
NA,NA,NA,NA,NA,NA,NA,NA,NA
NA,NA,NA,NA,NA,NA,NA,NA,NA
NA,NA,NA,NA,NA,NA,NA,NA,NA
NA,NA,NA,NA,NA,NA,NA,NA,NA
NA,NA,NA,NA,NA,NA,NA,NA,NA
NA,NA,NA,NA,NA,NA,NA,NA,NA
NA,NA,NA,NA,NA,NA,NA,NA,NA
NA,NA,NA,NA,NA,NA,NA,NA,NA
NA,NA,NA,NA,NA,NA,NA,NA,NA
NA,NA,NA,NA,NA,NA,NA,NA,NA
NA,NA,NA,NA,NA,NA,NA,NA,NA
NA,NA,NA,NA,NA,NA,NA,NA,NA
NA,NA,NA,NA,NA,NA,NA,NA,NA
NA,NA,NA,NA,NA,NA,NA,NA,NA
NA,NA,NA,NA,NA,NA,NA,NA,NA
NA,NA,NA,NA,NA,NA,NA,NA,NA
NA,NA,NA,NA,NA,NA,NA,NA,NA
NA,NA,NA,NA,NA,NA,NA,NA,NA
NA,NA,NA,NA,NA,NA,NA,NA,NA
NA,NA,NA,NA,NA,NA,NA,NA,NA
NA,NA,NA,NA,NA,NA,NA,NA,NA
NA,NA,NA,NA,NA,NA,NA,NA,NA
NA,NA,NA,NA,NA,NA,NA,NA,NA
NA,NA,NA,NA,NA,NA,NA,NA,NA
NA,NA,NA,NA,NA,NA,NA,NA,NA
NA,NA,NA,NA,NA,NA,NA,NA,NA
NA,NA,NA,NA,NA,NA,NA,NA,NA
NA,NA,NA,NA,NA,NA,NA,NA,NA
NA,NA,NA,NA,NA,NA,NA,NA,NA
NA,NA,NA,NA,NA,NA,NA,NA,NA
NA,NA,NA,NA,NA,NA,NA,NA,NA
NA,NA,NA,NA,NA,NA,NA,NA,NA
NA,NA,NA,NA,NA,NA,NA,NA,NA
NA,NA,NA,NA,NA,NA,NA,NA,NA
NA,NA,NA,NA,NA,NA,NA,NA,NA
NA,NA,NA,NA,NA,NA,NA,NA,NA
NA,NA,NA,NA,NA,NA,NA,NA,NA
NA,NA,NA,NA,NA,NA,NA,NA,NA
NA,NA,NA,NA,NA,NA,NA,NA,NA
NA,NA,NA,NA,NA,NA,NA,NA,NA
NA,NA,NA,NA,NA,NA,NA,NA,NA
NA,NA,NA,NA,NA,NA,NA,NA,NA
NA,NA,NA,NA,NA,NA,NA,NA,NA
NA,NA,NA,NA,NA,NA,NA,NA,NA
NA,NA,NA,NA,NA,NA,NA,NA,NA
NA,NA,NA,NA,NA,NA,NA,NA,NA
NA,NA,NA,NA,NA,NA,NA,NA,NA
NA,NA,NA,NA,NA,NA,NA,NA,NA
NA,NA,NA,NA,NA,NA,NA,NA,NA
NA,NA,NA,NA,NA,NA,NA,NA,NA
NA,NA,NA,NA,NA,NA,NA,NA,NA
NA,NA,NA,NA,NA,NA,NA,NA,NA
NA,NA,NA,NA,NA,NA,NA,NA,NA
NA,NA,NA,NA,NA,NA,NA,NA,NA
NA,NA,NA,NA,NA,NA,NA,NA,NA
NA,NA,NA,NA,NA,NA,NA,NA,NA
NA,NA,NA,NA,NA,NA,NA,NA,NA
NA,NA,NA,NA,NA,NA,NA,NA,NA
NA,NA,NA,NA,NA,NA,NA,NA,NA
NA,NA,NA,NA,NA,NA,NA,NA,NA
NA,NA,NA,NA,NA,NA,NA,NA,NA
NA,NA,NA,NA,NA,NA,NA,NA,NA
NA,NA,NA,NA,NA,NA,NA,NA,NA
NA,NA,NA,NA,NA,NA,NA,NA,NA
NA,NA,NA,NA,NA,NA,NA,NA,NA
NA,NA,NA,NA,NA,NA,NA,NA,NA
NA,NA,NA,NA,NA,NA,NA,NA,NA
NA,NA,NA,NA,NA,NA,NA,NA,NA
NA,NA,NA,NA,NA,NA,NA,NA,NA
NA,NA,NA,NA,NA,NA,NA,NA,NA
NA,NA,NA,NA,NA,NA,NA,NA,NA
NA,NA,NA,NA,NA,NA,NA,NA,NA
NA,NA,NA,NA,NA,NA,NA,NA,NA
NA,NA,NA,NA,NA,NA,NA,NA,NA
NA,NA,NA,NA,NA,NA,NA,NA,NA
NA,NA,NA,NA,NA,NA,NA,NA,NA
NA,NA,NA,NA,NA,NA,NA,NA,NA
NA,NA,NA,NA,NA,NA,NA,NA,NA
NA,NA,NA,NA,NA,NA,NA,NA,NA
NA,NA,NA,NA,NA,NA,NA,NA,NA
NA,NA,NA,NA,NA,NA,NA,NA,NA
NA,NA,NA,NA,NA,NA,NA,NA,NA
NA,NA,NA,NA,NA,NA,NA,NA,NA
NA,NA,NA,NA,NA,NA,NA,NA,NA
NA,NA,NA,NA,NA,NA,NA,NA,NA
NA,NA,NA,NA,NA,NA,NA,NA,NA
NA,NA,NA,NA,NA,NA,NA,NA,NA
NA,NA,NA,NA,NA,NA,NA,NA,NA
NA,NA,NA,NA,NA,NA,NA,NA,NA
NA,NA,NA,NA,NA,NA,NA,NA,NA
NA,NA,NA,NA,NA,NA,NA,NA,NA
NA,NA,NA,NA,NA,NA,NA,NA,NA
NA,NA,NA,NA,NA,NA,NA,NA,NA
NA,NA,NA,NA,NA,NA,NA,NA,NA
NA,NA,NA,NA,NA,NA,NA,NA,NA
NA,NA,NA,NA,NA,NA,NA,NA,NA
NA,NA,NA,NA,NA,NA,NA,NA,NA
NA,NA,NA,NA,NA,NA,NA,NA,NA
NA,NA,NA,NA,NA,NA,NA,NA,NA
NA,NA,NA,NA,NA,NA,NA,NA,NA
NA,NA,NA,NA,NA,NA,NA,NA,NA
NA,NA,NA,NA,NA,NA,NA,NA,NA
NA,NA,NA,NA,NA,NA,NA,NA,NA
NA,NA,NA,NA,NA,NA,NA,NA,NA
NA,NA,NA,NA,NA,NA,NA,NA,NA
NA,NA,NA,NA,NA,NA,NA,NA,NA
NA,NA,NA,NA,NA,NA,NA,NA,NA
NA,NA,NA,NA,NA,NA,NA,NA,NA
NA,NA,NA,NA,NA,NA,NA,NA,NA
NA,NA,NA,NA,NA,NA,NA,NA,NA
NA,NA,NA,NA,NA,NA,NA,NA,NA
NA,NA,NA,NA,NA,NA,NA,NA,NA
NA,NA,NA,NA,NA,NA,NA,NA,NA
NA,NA,NA,NA,NA,NA,NA,NA,NA
NA,NA,NA,NA,NA,NA,NA,NA,NA
NA,NA,NA,NA,NA,NA,NA,NA,NA
NA,NA,NA,NA,NA,NA,NA,NA,NA
NA,NA,NA,NA,NA,NA,NA,NA,NA
NA,NA,NA,NA,NA,NA,NA,NA,NA
NA,NA,NA,NA,NA,NA,NA,NA,NA
NA,NA,NA,NA,NA,NA,NA,NA,NA
NA,NA,NA,NA,NA,NA,NA,NA,NA
NA,NA,NA,NA,NA,NA,NA,NA,NA
NA,NA,NA,NA,NA,NA,NA,NA,NA
NA,NA,NA,NA,NA,NA,NA,NA,NA
NA,NA,NA,NA,NA,NA,NA,NA,NA
NA,NA,NA,NA,NA,NA,NA,NA,NA
NA,NA,NA,NA,NA,NA,NA,NA,NA
NA,NA,NA,NA,NA,NA,NA,NA,NA
NA,NA,NA,NA,NA,NA,NA,NA,NA
NA,NA,NA,NA,NA,NA,NA,NA,NA
NA,NA,NA,NA,NA,NA,NA,NA,NA
NA,NA,NA,NA,NA,NA,NA,NA,NA
NA,NA,NA,NA,NA,NA,NA,NA,NA
NA,NA,NA,NA,NA,NA,NA,NA,NA
NA,NA,NA,NA,NA,NA,NA,NA,NA
NA,NA,NA,NA,NA,NA,NA,NA,NA
NA,NA,NA,NA,NA,NA,NA,NA,NA
NA,NA,NA,NA,NA,NA,NA,NA,NA
NA,NA,NA,NA,NA,NA,NA,NA,NA
NA,NA,NA,NA,NA,NA,NA,NA,NA
NA,NA,NA,NA,NA,NA,NA,NA,NA
NA,NA,NA,NA,NA,NA,NA,NA,NA
NA,NA,NA,NA,NA,NA,NA,NA,NA
NA,NA,NA,NA,NA,NA,NA,NA,NA
NA,NA,NA,NA,NA,NA,NA,NA,NA
NA,NA,NA,NA,NA,NA,NA,NA,NA
NA,NA,NA,NA,NA,NA,NA,NA,NA
NA,NA,NA,NA,NA,NA,NA,NA,NA
NA,NA,NA,NA,NA,NA,NA,NA,NA
NA,NA,NA,NA,NA,NA,NA,NA,NA
NA,NA,NA,NA,NA,NA,NA,NA,NA
NA,NA,NA,NA,NA,NA,NA,NA,NA
NA,NA,NA,NA,NA,NA,NA,NA,NA
NA,NA,NA,NA,NA,NA,NA,NA,NA
NA,NA,NA,NA,NA,NA,NA,NA,NA
NA,NA,NA,NA,NA,NA,NA,NA,NA
NA,NA,NA,NA,NA,NA,NA,NA,NA
NA,NA,NA,NA,NA,NA,NA,NA,NA
NA,NA,NA,NA,NA,NA,NA,NA,NA
NA,NA,NA,NA,NA,NA,NA,NA,NA
NA,NA,NA,NA,NA,NA,NA,NA,NA
NA,NA,NA,NA,NA,NA,NA,NA,NA
NA,NA,NA,NA,NA,NA,NA,NA,NA
NA,NA,NA,NA,NA,NA,NA,NA,NA
NA,NA,NA,NA,NA,NA,NA,NA,NA
NA,NA,NA,NA,NA,NA,NA,NA,NA
NA,NA,NA,NA,NA,NA,NA,NA,NA
NA,NA,NA,NA,NA,NA,NA,NA,NA
NA,NA,NA,NA,NA,NA,NA,NA,NA
NA,NA,NA,NA,NA,NA,NA,NA,NA
NA,NA,NA,NA,NA,NA,NA,NA,NA
NA,NA,NA,NA,NA,NA,NA,NA,NA
NA,NA,NA,NA,NA,NA,NA,NA,NA
NA,NA,NA,NA,NA,NA,NA,NA,NA
NA,NA,NA,NA,NA,NA,NA,NA,NA
NA,NA,NA,NA,NA,NA,NA,NA,NA
NA,NA,NA,NA,NA,NA,NA,NA,NA
NA,NA,NA,NA,NA,NA,NA,NA,NA
NA,NA,NA,NA,NA,NA,NA,NA,NA
NA,NA,NA,NA,NA,NA,NA,NA,NA
NA,NA,NA,NA,NA,NA,NA,NA,NA
NA,NA,NA,NA,NA,NA,NA,NA,NA
NA,NA,NA,NA,NA,NA,NA,NA,NA
NA,NA,NA,NA,NA,NA,NA,NA,NA
NA,NA,NA,NA,NA,NA,NA,NA,NA
NA,NA,NA,NA,NA,NA,NA,NA,NA
NA,NA,NA,NA,NA,NA,NA,NA,NA
NA,NA,NA,NA,NA,NA,NA,NA,NA
NA,NA,NA,NA,NA,NA,NA,NA,NA
NA,NA,NA,NA,NA,NA,NA,NA,NA
NA,NA,NA,NA,NA,NA,NA,NA,NA
NA,NA,NA,NA,NA,NA,NA,NA,NA
NA,NA,NA,NA,NA,NA,NA,NA,NA
NA,NA,NA,NA,NA,NA,NA,NA,NA
NA,NA,NA,NA,NA,NA,NA,NA,NA
NA,NA,NA,NA,NA,NA,NA,NA,NA
NA,NA,NA,NA,NA,NA,NA,NA,NA
NA,NA,NA,NA,NA,NA,NA,NA,NA
NA,NA,NA,NA,NA,NA,NA,NA,NA
NA,NA,NA,NA,NA,NA,NA,NA,NA
NA,NA,NA,NA,NA,NA,NA,NA,NA
NA,NA,NA,NA,NA,NA,NA,NA,NA
NA,NA,NA,NA,NA,NA,NA,NA,NA
NA,NA,NA,NA,NA,NA,NA,NA,NA
NA,NA,NA,NA,NA,NA,NA,NA,NA
NA,NA,NA,NA,NA,NA,NA,NA,NA
NA,NA,NA,NA,NA,NA,NA,NA,NA
NA,NA,NA,NA,NA,NA,NA,NA,NA
NA,NA,NA,NA,NA,NA,NA,NA,NA
NA,NA,NA,NA,NA,NA,NA,NA,NA
NA,NA,NA,NA,NA,NA,NA,NA,NA
NA,NA,NA,NA,NA,NA,NA,NA,NA
NA,NA,NA,NA,NA,NA,NA,NA,NA
NA,NA,NA,NA,NA,NA,NA,NA,NA
NA,NA,NA,NA,NA,NA,NA,NA,NA
NA,NA,NA,NA,NA,NA,NA,NA,NA
NA,NA,NA,NA,NA,NA,NA,NA,NA
NA,NA,NA,NA,NA,NA,NA,NA,NA
NA,NA,NA,NA,NA,NA,NA,NA,NA
NA,NA,NA,NA,NA,NA,NA,NA,NA
NA,NA,NA,NA,NA,NA,NA,NA,NA
NA,NA,NA,NA,NA,NA,NA,NA,NA
NA,NA,NA,NA,NA,NA,NA,NA,NA
NA,NA,NA,NA,NA,NA,NA,NA,NA
NA,NA,NA,NA,NA,NA,NA,NA,NA
NA,NA,NA,NA,NA,NA,NA,NA,NA
NA,NA,NA,NA,NA,NA,NA,NA,NA
NA,NA,NA,NA,NA,NA,NA,NA,NA
NA,NA,NA,NA,NA,NA,NA,NA,NA
NA,NA,NA,NA,NA,NA,NA,NA,NA
NA,NA,NA,NA,NA,NA,NA,NA,NA
NA,NA,NA,NA,NA,NA,NA,NA,NA
NA,NA,NA,NA,NA,NA,NA,NA,NA
NA,NA,NA,NA,NA,NA,NA,NA,NA
NA,NA,NA,NA,NA,NA,NA,NA,NA
NA,NA,NA,NA,NA,NA,NA,NA,NA
NA,NA,NA,NA,NA,NA,NA,NA,NA
NA,NA,NA,NA,NA,NA,NA,NA,NA
NA,NA,NA,NA,NA,NA,NA,NA,NA
NA,NA,NA,NA,NA,NA,NA,NA,NA
NA,NA,NA,NA,NA,NA,NA,NA,NA
NA,NA,NA,NA,NA,NA,NA,NA,NA
NA,NA,NA,NA,NA,NA,NA,NA,NA
NA,NA,NA,NA,NA,NA,NA,NA,NA
NA,NA,NA,NA,NA,NA,NA,NA,NA
NA,NA,NA,NA,NA,NA,NA,NA,NA
NA,NA,NA,NA,NA,NA,NA,NA,NA
NA,NA,NA,NA,NA,NA,NA,NA,NA
NA,NA,NA,NA,NA,NA,NA,NA,NA
NA,NA,NA,NA,NA,NA,NA,NA,NA
NA,NA,NA,NA,NA,NA,NA,NA,NA
NA,NA,NA,NA,NA,NA,NA,NA,NA
NA,NA,NA,NA,NA,NA,NA,NA,NA
NA,NA,NA,NA,NA,NA,NA,NA,NA
NA,NA,NA,NA,NA,NA,NA,NA,NA
NA,NA,NA,NA,NA,NA,NA,NA,NA
NA,NA,NA,NA,NA,NA,NA,NA,NA
NA,NA,NA,NA,NA,NA,NA,NA,NA
NA,NA,NA,NA,NA,NA,NA,NA,NA
NA,NA,NA,NA,NA,NA,NA,NA,NA
NA,NA,NA,NA,NA,NA,NA,NA,NA
NA,NA,NA,NA,NA,NA,NA,NA,NA
NA,NA,NA,NA,NA,NA,NA,NA,NA
NA,NA,NA,NA,NA,NA,NA,NA,NA
NA,NA,NA,NA,NA,NA,NA,NA,NA
NA,NA,NA,NA,NA,NA,NA,NA,NA
NA,NA,NA,NA,NA,NA,NA,NA,NA
NA,NA,NA,NA,NA,NA,NA,NA,NA
NA,NA,NA,NA,NA,NA,NA,NA,NA
NA,NA,NA,NA,NA,NA,NA,NA,NA
NA,NA,NA,NA,NA,NA,NA,NA,NA
NA,NA,NA,NA,NA,NA,NA,NA,NA
NA,NA,NA,NA,NA,NA,NA,NA,NA
NA,NA,NA,NA,NA,NA,NA,NA,NA
NA,NA,NA,NA,NA,NA,NA,NA,NA
NA,NA,NA,NA,NA,NA,NA,NA,NA
NA,NA,NA,NA,NA,NA,NA,NA,NA
NA,NA,NA,NA,NA,NA,NA,NA,NA
NA,NA,NA,NA,NA,NA,NA,NA,NA
NA,NA,NA,NA,NA,NA,NA,NA,NA
NA,NA,NA,NA,NA,NA,NA,NA,NA
NA,NA,NA,NA,NA,NA,NA,NA,NA
NA,NA,NA,NA,NA,NA,NA,NA,NA
NA,NA,NA,NA,NA,NA,NA,NA,NA
NA,NA,NA,NA,NA,NA,NA,NA,NA
NA,NA,NA,NA,NA,NA,NA,NA,NA
NA,NA,NA,NA,NA,NA,NA,NA,NA
NA,NA,NA,NA,NA,NA,NA,NA,NA
NA,NA,NA,NA,NA,NA,NA,NA,NA
NA,NA,NA,NA,NA,NA,NA,NA,NA
NA,NA,NA,NA,NA,NA,NA,NA,NA
NA,NA,NA,NA,NA,NA,NA,NA,NA
NA,NA,NA,NA,NA,NA,NA,NA,NA
NA,NA,NA,NA,NA,NA,NA,NA,NA
NA,NA,NA,NA,NA,NA,NA,NA,NA
NA,NA,NA,NA,NA,NA,NA,NA,NA
NA,NA,NA,NA,NA,NA,NA,NA,NA
NA,NA,NA,NA,NA,NA,NA,NA,NA
NA,NA,NA,NA,NA,NA,NA,NA,NA
NA,NA,NA,NA,NA,NA,NA,NA,NA
NA,NA,NA,NA,NA,NA,NA,NA,NA
NA,NA,NA,NA,NA,NA,NA,NA,NA
NA,NA,NA,NA,NA,NA,NA,NA,NA
NA,NA,NA,NA,NA,NA,NA,NA,NA
NA,NA,NA,NA,NA,NA,NA,NA,NA
NA,NA,NA,NA,NA,NA,NA,NA,NA
NA,NA,NA,NA,NA,NA,NA,NA,NA
NA,NA,NA,NA,NA,NA,NA,NA,NA
NA,NA,NA,NA,NA,NA,NA,NA,NA
NA,NA,NA,NA,NA,NA,NA,NA,NA
NA,NA,NA,NA,NA,NA,NA,NA,NA
NA,NA,NA,NA,NA,NA,NA,NA,NA
NA,NA,NA,NA,NA,NA,NA,NA,NA
NA,NA,NA,NA,NA,NA,NA,NA,NA
NA,NA,NA,NA,NA,NA,NA,NA,NA
NA,NA,NA,NA,NA,NA,NA,NA,NA
NA,NA,NA,NA,NA,NA,NA,NA,NA
NA,NA,NA,NA,NA,NA,NA,NA,NA
NA,NA,NA,NA,NA,NA,NA,NA,NA
NA,NA,NA,NA,NA,NA,NA,NA,NA
NA,NA,NA,NA,NA,NA,NA,NA,NA
NA,NA,NA,NA,NA,NA,NA,NA,NA
NA,NA,NA,NA,NA,NA,NA,NA,NA
NA,NA,NA,NA,NA,NA,NA,NA,NA
NA,NA,NA,NA,NA,NA,NA,NA,NA
NA,NA,NA,NA,NA,NA,NA,NA,NA
NA,NA,NA,NA,NA,NA,NA,NA,NA
NA,NA,NA,NA,NA,NA,NA,NA,NA
NA,NA,NA,NA,NA,NA,NA,NA,NA
NA,NA,NA,NA,NA,NA,NA,NA,NA
NA,NA,NA,NA,NA,NA,NA,NA,NA
NA,NA,NA,NA,NA,NA,NA,NA,NA
NA,NA,NA,NA,NA,NA,NA,NA,NA
NA,NA,NA,NA,NA,NA,NA,NA,NA
NA,NA,NA,NA,NA,NA,NA,NA,NA
NA,NA,NA,NA,NA,NA,NA,NA,NA
NA,NA,NA,NA,NA,NA,NA,NA,NA
NA,NA,NA,NA,NA,NA,NA,NA,NA
NA,NA,NA,NA,NA,NA,NA,NA,NA
NA,NA,NA,NA,NA,NA,NA,NA,NA
NA,NA,NA,NA,NA,NA,NA,NA,NA
NA,NA,NA,NA,NA,NA,NA,NA,NA
NA,NA,NA,NA,NA,NA,NA,NA,NA
NA,NA,NA,NA,NA,NA,NA,NA,NA
NA,NA,NA,NA,NA,NA,NA,NA,NA
NA,NA,NA,NA,NA,NA,NA,NA,NA
NA,NA,NA,NA,NA,NA,NA,NA,NA
NA,NA,NA,NA,NA,NA,NA,NA,NA
NA,NA,NA,NA,NA,NA,NA,NA,NA
NA,NA,NA,NA,NA,NA,NA,NA,NA
NA,NA,NA,NA,NA,NA,NA,NA,NA
NA,NA,NA,NA,NA,NA,NA,NA,NA
NA,NA,NA,NA,NA,NA,NA,NA,NA
NA,NA,NA,NA,NA,NA,NA,NA,NA
NA,NA,NA,NA,NA,NA,NA,NA,NA
NA,NA,NA,NA,NA,NA,NA,NA,NA
NA,NA,NA,NA,NA,NA,NA,NA,NA
NA,NA,NA,NA,NA,NA,NA,NA,NA
NA,NA,NA,NA,NA,NA,NA,NA,NA
NA,NA,NA,NA,NA,NA,NA,NA,NA
NA,NA,NA,NA,NA,NA,NA,NA,NA
NA,NA,NA,NA,NA,NA,NA,NA,NA
NA,NA,NA,NA,NA,NA,NA,NA,NA
NA,NA,NA,NA,NA,NA,NA,NA,NA
NA,NA,NA,NA,NA,NA,NA,NA,NA
NA,NA,NA,NA,NA,NA,NA,NA,NA
NA,NA,NA,NA,NA,NA,NA,NA,NA
NA,NA,NA,NA,NA,NA,NA,NA,NA
NA,NA,NA,NA,NA,NA,NA,NA,NA
NA,NA,NA,NA,NA,NA,NA,NA,NA
NA,NA,NA,NA,NA,NA,NA,NA,NA
NA,NA,NA,NA,NA,NA,NA,NA,NA
NA,NA,NA,NA,NA,NA,NA,NA,NA
NA,NA,NA,NA,NA,NA,NA,NA,NA
NA,NA,NA,NA,NA,NA,NA,NA,NA
NA,NA,NA,NA,NA,NA,NA,NA,NA
NA,NA,NA,NA,NA,NA,NA,NA,NA
NA,NA,NA,NA,NA,NA,NA,NA,NA
NA,NA,NA,NA,NA,NA,NA,NA,NA
NA,NA,NA,NA,NA,NA,NA,NA,NA
NA,NA,NA,NA,NA,NA,NA,NA,NA
NA,NA,NA,NA,NA,NA,NA,NA,NA
NA,NA,NA,NA,NA,NA,NA,NA,NA
NA,NA,NA,NA,NA,NA,NA,NA,NA
NA,NA,NA,NA,NA,NA,NA,NA,NA
NA,NA,NA,NA,NA,NA,NA,NA,NA
NA,NA,NA,NA,NA,NA,NA,NA,NA
NA,NA,NA,NA,NA,NA,NA,NA,NA
NA,NA,NA,NA,NA,NA,NA,NA,NA
NA,NA,NA,NA,NA,NA,NA,NA,NA
NA,NA,NA,NA,NA,NA,NA,NA,NA
NA,NA,NA,NA,NA,NA,NA,NA,NA
NA,NA,NA,NA,NA,NA,NA,NA,NA
NA,NA,NA,NA,NA,NA,NA,NA,NA
NA,NA,NA,NA,NA,NA,NA,NA,NA
NA,NA,NA,NA,NA,NA,NA,NA,NA
NA,NA,NA,NA,NA,NA,NA,NA,NA
NA,NA,NA,NA,NA,NA,NA,NA,NA
NA,NA,NA,NA,NA,NA,NA,NA,NA
NA,NA,NA,NA,NA,NA,NA,NA,NA
NA,NA,NA,NA,NA,NA,NA,NA,NA
NA,NA,NA,NA,NA,NA,NA,NA,NA
NA,NA,NA,NA,NA,NA,NA,NA,NA
NA,NA,NA,NA,NA,NA,NA,NA,NA
NA,NA,NA,NA,NA,NA,NA,NA,NA
NA,NA,NA,NA,NA,NA,NA,NA,NA
NA,NA,NA,NA,NA,NA,NA,NA,NA
NA,NA,NA,NA,NA,NA,NA,NA,NA
NA,NA,NA,NA,NA,NA,NA,NA,NA
NA,NA,NA,NA,NA,NA,NA,NA,NA
NA,NA,NA,NA,NA,NA,NA,NA,NA
NA,NA,NA,NA,NA,NA,NA,NA,NA
NA,NA,NA,NA,NA,NA,NA,NA,NA
NA,NA,NA,NA,NA,NA,NA,NA,NA
NA,NA,NA,NA,NA,NA,NA,NA,NA
NA,NA,NA,NA,NA,NA,NA,NA,NA
NA,NA,NA,NA,NA,NA,NA,NA,NA
NA,NA,NA,NA,NA,NA,NA,NA,NA
NA,NA,NA,NA,NA,NA,NA,NA,NA
NA,NA,NA,NA,NA,NA,NA,NA,NA
NA,NA,NA,NA,NA,NA,NA,NA,NA
NA,NA,NA,NA,NA,NA,NA,NA,NA
NA,NA,NA,NA,NA,NA,NA,NA,NA
NA,NA,NA,NA,NA,NA,NA,NA,NA
NA,NA,NA,NA,NA,NA,NA,NA,NA
NA,NA,NA,NA,NA,NA,NA,NA,NA
NA,NA,NA,NA,NA,NA,NA,NA,NA
NA,NA,NA,NA,NA,NA,NA,NA,NA
NA,NA,NA,NA,NA,NA,NA,NA,NA
NA,NA,NA,NA,NA,NA,NA,NA,NA
NA,NA,NA,NA,NA,NA,NA,NA,NA
NA,NA,NA,NA,NA,NA,NA,NA,NA
NA,NA,NA,NA,NA,NA,NA,NA,NA
NA,NA,NA,NA,NA,NA,NA,NA,NA
NA,NA,NA,NA,NA,NA,NA,NA,NA
NA,NA,NA,NA,NA,NA,NA,NA,NA
NA,NA,NA,NA,NA,NA,NA,NA,NA
NA,NA,NA,NA,NA,NA,NA,NA,NA
NA,NA,NA,NA,NA,NA,NA,NA,NA
NA,NA,NA,NA,NA,NA,NA,NA,NA
NA,NA,NA,NA,NA,NA,NA,NA,NA
NA,NA,NA,NA,NA,NA,NA,NA,NA
NA,NA,NA,NA,NA,NA,NA,NA,NA
NA,NA,NA,NA,NA,NA,NA,NA,NA
NA,NA,NA,NA,NA,NA,NA,NA,NA
NA,NA,NA,NA,NA,NA,NA,NA,NA
NA,NA,NA,NA,NA,NA,NA,NA,NA
NA,NA,NA,NA,NA,NA,NA,NA,NA
NA,NA,NA,NA,NA,NA,NA,NA,NA
NA,NA,NA,NA,NA,NA,NA,NA,NA
NA,NA,NA,NA,NA,NA,NA,NA,NA
NA,NA,NA,NA,NA,NA,NA,NA,NA
NA,NA,NA,NA,NA,NA,NA,NA,NA
NA,NA,NA,NA,NA,NA,NA,NA,NA
NA,NA,NA,NA,NA,NA,NA,NA,NA
NA,NA,NA,NA,NA,NA,NA,NA,NA
NA,NA,NA,NA,NA,NA,NA,NA,NA
NA,NA,NA,NA,NA,NA,NA,NA,NA
NA,NA,NA,NA,NA,NA,NA,NA,NA
NA,NA,NA,NA,NA,NA,NA,NA,NA
NA,NA,NA,NA,NA,NA,NA,NA,NA
NA,NA,NA,NA,NA,NA,NA,NA,NA
NA,NA,NA,NA,NA,NA,NA,NA,NA
NA,NA,NA,NA,NA,NA,NA,NA,NA
NA,NA,NA,NA,NA,NA,NA,NA,NA
NA,NA,NA,NA,NA,NA,NA,NA,NA
NA,NA,NA,NA,NA,NA,NA,NA,NA
NA,NA,NA,NA,NA,NA,NA,NA,NA
NA,NA,NA,NA,NA,NA,NA,NA,NA
NA,NA,NA,NA,NA,NA,NA,NA,NA
NA,NA,NA,NA,NA,NA,NA,NA,NA
NA,NA,NA,NA,NA,NA,NA,NA,NA
NA,NA,NA,NA,NA,NA,NA,NA,NA
NA,NA,NA,NA,NA,NA,NA,NA,NA
NA,NA,NA,NA,NA,NA,NA,NA,NA
NA,NA,NA,NA,NA,NA,NA,NA,NA
NA,NA,NA,NA,NA,NA,NA,NA,NA
NA,NA,NA,NA,NA,NA,NA,NA,NA
NA,NA,NA,NA,NA,NA,NA,NA,NA
NA,NA,NA,NA,NA,NA,NA,NA,NA
NA,NA,NA,NA,NA,NA,NA,NA,NA
NA,NA,NA,NA,NA,NA,NA,NA,NA
NA,NA,NA,NA,NA,NA,NA,NA,NA
NA,NA,NA,NA,NA,NA,NA,NA,NA
NA,NA,NA,NA,NA,NA,NA,NA,NA
NA,NA,NA,NA,NA,NA,NA,NA,NA
NA,NA,NA,NA,NA,NA,NA,NA,NA
NA,NA,NA,NA,NA,NA,NA,NA,NA
NA,NA,NA,NA,NA,NA,NA,NA,NA
NA,NA,NA,NA,NA,NA,NA,NA,NA
NA,NA,NA,NA,NA,NA,NA,NA,NA
NA,NA,NA,NA,NA,NA,NA,NA,NA
NA,NA,NA,NA,NA,NA,NA,NA,NA
NA,NA,NA,NA,NA,NA,NA,NA,NA
NA,NA,NA,NA,NA,NA,NA,NA,NA
NA,NA,NA,NA,NA,NA,NA,NA,NA
NA,NA,NA,NA,NA,NA,NA,NA,NA
NA,NA,NA,NA,NA,NA,NA,NA,NA
NA,NA,NA,NA,NA,NA,NA,NA,NA
NA,NA,NA,NA,NA,NA,NA,NA,NA
NA,NA,NA,NA,NA,NA,NA,NA,NA
NA,NA,NA,NA,NA,NA,NA,NA,NA
NA,NA,NA,NA,NA,NA,NA,NA,NA
NA,NA,NA,NA,NA,NA,NA,NA,NA
NA,NA,NA,NA,NA,NA,NA,NA,NA
NA,NA,NA,NA,NA,NA,NA,NA,NA
NA,NA,NA,NA,NA,NA,NA,NA,NA
NA,NA,NA,NA,NA,NA,NA,NA,NA
NA,NA,NA,NA,NA,NA,NA,NA,NA
NA,NA,NA,NA,NA,NA,NA,NA,NA
NA,NA,NA,NA,NA,NA,NA,NA,NA
NA,NA,NA,NA,NA,NA,NA,NA,NA
NA,NA,NA,NA,NA,NA,NA,NA,NA
NA,NA,NA,NA,NA,NA,NA,NA,NA
NA,NA,NA,NA,NA,NA,NA,NA,NA
NA,NA,NA,NA,NA,NA,NA,NA,NA
NA,NA,NA,NA,NA,NA,NA,NA,NA
NA,NA,NA,NA,NA,NA,NA,NA,NA
NA,NA,NA,NA,NA,NA,NA,NA,NA
NA,NA,NA,NA,NA,NA,NA,NA,NA
NA,NA,NA,NA,NA,NA,NA,NA,NA
NA,NA,NA,NA,NA,NA,NA,NA,NA
NA,NA,NA,NA,NA,NA,NA,NA,NA
NA,NA,NA,NA,NA,NA,NA,NA,NA
NA,NA,NA,NA,NA,NA,NA,NA,NA
NA,NA,NA,NA,NA,NA,NA,NA,NA
NA,NA,NA,NA,NA,NA,NA,NA,NA
NA,NA,NA,NA,NA,NA,NA,NA,NA
NA,NA,NA,NA,NA,NA,NA,NA,NA
NA,NA,NA,NA,NA,NA,NA,NA,NA
NA,NA,NA,NA,NA,NA,NA,NA,NA
NA,NA,NA,NA,NA,NA,NA,NA,NA
NA,NA,NA,NA,NA,NA,NA,NA,NA
NA,NA,NA,NA,NA,NA,NA,NA,NA
NA,NA,NA,NA,NA,NA,NA,NA,NA
NA,NA,NA,NA,NA,NA,NA,NA,NA
NA,NA,NA,NA,NA,NA,NA,NA,NA
NA,NA,NA,NA,NA,NA,NA,NA,NA
NA,NA,NA,NA,NA,NA,NA,NA,NA
NA,NA,NA,NA,NA,NA,NA,NA,NA
NA,NA,NA,NA,NA,NA,NA,NA,NA
NA,NA,NA,NA,NA,NA,NA,NA,NA
NA,NA,NA,NA,NA,NA,NA,NA,NA
NA,NA,NA,NA,NA,NA,NA,NA,NA
NA,NA,NA,NA,NA,NA,NA,NA,NA
NA,NA,NA,NA,NA,NA,NA,NA,NA
NA,NA,NA,NA,NA,NA,NA,NA,NA
NA,NA,NA,NA,NA,NA,NA,NA,NA
NA,NA,NA,NA,NA,NA,NA,NA,NA
NA,NA,NA,NA,NA,NA,NA,NA,NA
NA,NA,NA,NA,NA,NA,NA,NA,NA
NA,NA,NA,NA,NA,NA,NA,NA,NA
NA,NA,NA,NA,NA,NA,NA,NA,NA
NA,NA,NA,NA,NA,NA,NA,NA,NA
NA,NA,NA,NA,NA,NA,NA,NA,NA
NA,NA,NA,NA,NA,NA,NA,NA,NA
NA,NA,NA,NA,NA,NA,NA,NA,NA
NA,NA,NA,NA,NA,NA,NA,NA,NA
NA,NA,NA,NA,NA,NA,NA,NA,NA
NA,NA,NA,NA,NA,NA,NA,NA,NA
NA,NA,NA,NA,NA,NA,NA,NA,NA
NA,NA,NA,NA,NA,NA,NA,NA,NA
NA,NA,NA,NA,NA,NA,NA,NA,NA
NA,NA,NA,NA,NA,NA,NA,NA,NA
NA,NA,NA,NA,NA,NA,NA,NA,NA
NA,NA,NA,NA,NA,NA,NA,NA,NA
NA,NA,NA,NA,NA,NA,NA,NA,NA
NA,NA,NA,NA,NA,NA,NA,NA,NA
NA,NA,NA,NA,NA,NA,NA,NA,NA
NA,NA,NA,NA,NA,NA,NA,NA,NA
NA,NA,NA,NA,NA,NA,NA,NA,NA
NA,NA,NA,NA,NA,NA,NA,NA,NA
NA,NA,NA,NA,NA,NA,NA,NA,NA
NA,NA,NA,NA,NA,NA,NA,NA,NA
NA,NA,NA,NA,NA,NA,NA,NA,NA
NA,NA,NA,NA,NA,NA,NA,NA,NA
NA,NA,NA,NA,NA,NA,NA,NA,NA
NA,NA,NA,NA,NA,NA,NA,NA,NA
NA,NA,NA,NA,NA,NA,NA,NA,NA
NA,NA,NA,NA,NA,NA,NA,NA,NA
NA,NA,NA,NA,NA,NA,NA,NA,NA
NA,NA,NA,NA,NA,NA,NA,NA,NA
NA,NA,NA,NA,NA,NA,NA,NA,NA
NA,NA,NA,NA,NA,NA,NA,NA,NA
NA,NA,NA,NA,NA,NA,NA,NA,NA
NA,NA,NA,NA,NA,NA,NA,NA,NA
NA,NA,NA,NA,NA,NA,NA,NA,NA
NA,NA,NA,NA,NA,NA,NA,NA,NA
NA,NA,NA,NA,NA,NA,NA,NA,NA
NA,NA,NA,NA,NA,NA,NA,NA,NA
NA,NA,NA,NA,NA,NA,NA,NA,NA
NA,NA,NA,NA,NA,NA,NA,NA,NA
NA,NA,NA,NA,NA,NA,NA,NA,NA
NA,NA,NA,NA,NA,NA,NA,NA,NA
NA,NA,NA,NA,NA,NA,NA,NA,NA
NA,NA,NA,NA,NA,NA,NA,NA,NA
NA,NA,NA,NA,NA,NA,NA,NA,NA
NA,NA,NA,NA,NA,NA,NA,NA,NA
NA,NA,NA,NA,NA,NA,NA,NA,NA
NA,NA,NA,NA,NA,NA,NA,NA,NA
NA,NA,NA,NA,NA,NA,NA,NA,NA
NA,NA,NA,NA,NA,NA,NA,NA,NA
NA,NA,NA,NA,NA,NA,NA,NA,NA
NA,NA,NA,NA,NA,NA,NA,NA,NA
NA,NA,NA,NA,NA,NA,NA,NA,NA
NA,NA,NA,NA,NA,NA,NA,NA,NA
NA,NA,NA,NA,NA,NA,NA,NA,NA
NA,NA,NA,NA,NA,NA,NA,NA,NA
NA,NA,NA,NA,NA,NA,NA,NA,NA
NA,NA,NA,NA,NA,NA,NA,NA,NA
NA,NA,NA,NA,NA,NA,NA,NA,NA
NA,NA,NA,NA,NA,NA,NA,NA,NA
NA,NA,NA,NA,NA,NA,NA,NA,NA
NA,NA,NA,NA,NA,NA,NA,NA,NA
NA,NA,NA,NA,NA,NA,NA,NA,NA
NA,NA,NA,NA,NA,NA,NA,NA,NA
NA,NA,NA,NA,NA,NA,NA,NA,NA
NA,NA,NA,NA,NA,NA,NA,NA,NA
NA,NA,NA,NA,NA,NA,NA,NA,NA
NA,NA,NA,NA,NA,NA,NA,NA,NA
NA,NA,NA,NA,NA,NA,NA,NA,NA
NA,NA,NA,NA,NA,NA,NA,NA,NA
NA,NA,NA,NA,NA,NA,NA,NA,NA
NA,NA,NA,NA,NA,NA,NA,NA,NA
NA,NA,NA,NA,NA,NA,NA,NA,NA
NA,NA,NA,NA,NA,NA,NA,NA,NA
NA,NA,NA,NA,NA,NA,NA,NA,NA
NA,NA,NA,NA,NA,NA,NA,NA,NA
NA,NA,NA,NA,NA,NA,NA,NA,NA
NA,NA,NA,NA,NA,NA,NA,NA,NA
NA,NA,NA,NA,NA,NA,NA,NA,NA
NA,NA,NA,NA,NA,NA,NA,NA,NA
NA,NA,NA,NA,NA,NA,NA,NA,NA
NA,NA,NA,NA,NA,NA,NA,NA,NA
NA,NA,NA,NA,NA,NA,NA,NA,NA
NA,NA,NA,NA,NA,NA,NA,NA,NA
NA,NA,NA,NA,NA,NA,NA,NA,NA
NA,NA,NA,NA,NA,NA,NA,NA,NA
NA,NA,NA,NA,NA,NA,NA,NA,NA
NA,NA,NA,NA,NA,NA,NA,NA,NA
NA,NA,NA,NA,NA,NA,NA,NA,NA
NA,NA,NA,NA,NA,NA,NA,NA,NA
NA,NA,NA,NA,NA,NA,NA,NA,NA
NA,NA,NA,NA,NA,NA,NA,NA,NA
NA,NA,NA,NA,NA,NA,NA,NA,NA
NA,NA,NA,NA,NA,NA,NA,NA,NA
NA,NA,NA,NA,NA,NA,NA,NA,NA
NA,NA,NA,NA,NA,NA,NA,NA,NA
NA,NA,NA,NA,NA,NA,NA,NA,NA
NA,NA,NA,NA,NA,NA,NA,NA,NA
NA,NA,NA,NA,NA,NA,NA,NA,NA
NA,NA,NA,NA,NA,NA,NA,NA,NA
NA,NA,NA,NA,NA,NA,NA,NA,NA
NA,NA,NA,NA,NA,NA,NA,NA,NA
NA,NA,NA,NA,NA,NA,NA,NA,NA
NA,NA,NA,NA,NA,NA,NA,NA,NA
NA,NA,NA,NA,NA,NA,NA,NA,NA
NA,NA,NA,NA,NA,NA,NA,NA,NA
NA,NA,NA,NA,NA,NA,NA,NA,NA
NA,NA,NA,NA,NA,NA,NA,NA,NA
NA,NA,NA,NA,NA,NA,NA,NA,NA
NA,NA,NA,NA,NA,NA,NA,NA,NA
NA,NA,NA,NA,NA,NA,NA,NA,NA
NA,NA,NA,NA,NA,NA,NA,NA,NA
NA,NA,NA,NA,NA,NA,NA,NA,NA
NA,NA,NA,NA,NA,NA,NA,NA,NA
NA,NA,NA,NA,NA,NA,NA,NA,NA
NA,NA,NA,NA,NA,NA,NA,NA,NA
NA,NA,NA,NA,NA,NA,NA,NA,NA
NA,NA,NA,NA,NA,NA,NA,NA,NA
NA,NA,NA,NA,NA,NA,NA,NA,NA
NA,NA,NA,NA,NA,NA,NA,NA,NA
NA,NA,NA,NA,NA,NA,NA,NA,NA
NA,NA,NA,NA,NA,NA,NA,NA,NA
NA,NA,NA,NA,NA,NA,NA,NA,NA
NA,NA,NA,NA,NA,NA,NA,NA,NA
NA,NA,NA,NA,NA,NA,NA,NA,NA
NA,NA,NA,NA,NA,NA,NA,NA,NA
NA,NA,NA,NA,NA,NA,NA,NA,NA
NA,NA,NA,NA,NA,NA,NA,NA,NA
NA,NA,NA,NA,NA,NA,NA,NA,NA
NA,NA,NA,NA,NA,NA,NA,NA,NA
NA,NA,NA,NA,NA,NA,NA,NA,NA
NA,NA,NA,NA,NA,NA,NA,NA,NA
NA,NA,NA,NA,NA,NA,NA,NA,NA
NA,NA,NA,NA,NA,NA,NA,NA,NA
NA,NA,NA,NA,NA,NA,NA,NA,NA
NA,NA,NA,NA,NA,NA,NA,NA,NA
NA,NA,NA,NA,NA,NA,NA,NA,NA
NA,NA,NA,NA,NA,NA,NA,NA,NA
NA,NA,NA,NA,NA,NA,NA,NA,NA
NA,NA,NA,NA,NA,NA,NA,NA,NA
NA,NA,NA,NA,NA,NA,NA,NA,NA
NA,NA,NA,NA,NA,NA,NA,NA,NA
NA,NA,NA,NA,NA,NA,NA,NA,NA
NA,NA,NA,NA,NA,NA,NA,NA,NA
NA,NA,NA,NA,NA,NA,NA,NA,NA
NA,NA,NA,NA,NA,NA,NA,NA,NA
NA,NA,NA,NA,NA,NA,NA,NA,NA
NA,NA,NA,NA,NA,NA,NA,NA,NA
NA,NA,NA,NA,NA,NA,NA,NA,NA
NA,NA,NA,NA,NA,NA,NA,NA,NA
NA,NA,NA,NA,NA,NA,NA,NA,NA
NA,NA,NA,NA,NA,NA,NA,NA,NA
NA,NA,NA,NA,NA,NA,NA,NA,NA
NA,NA,NA,NA,NA,NA,NA,NA,NA
NA,NA,NA,NA,NA,NA,NA,NA,NA
NA,NA,NA,NA,NA,NA,NA,NA,NA
NA,NA,NA,NA,NA,NA,NA,NA,NA
NA,NA,NA,NA,NA,NA,NA,NA,NA
NA,NA,NA,NA,NA,NA,NA,NA,NA
NA,NA,NA,NA,NA,NA,NA,NA,NA
NA,NA,NA,NA,NA,NA,NA,NA,NA
NA,NA,NA,NA,NA,NA,NA,NA,NA
NA,NA,NA,NA,NA,NA,NA,NA,NA
NA,NA,NA,NA,NA,NA,NA,NA,NA
NA,NA,NA,NA,NA,NA,NA,NA,NA
NA,NA,NA,NA,NA,NA,NA,NA,NA
NA,NA,NA,NA,NA,NA,NA,NA,NA
NA,NA,NA,NA,NA,NA,NA,NA,NA
NA,NA,NA,NA,NA,NA,NA,NA,NA
NA,NA,NA,NA,NA,NA,NA,NA,NA
NA,NA,NA,NA,NA,NA,NA,NA,NA
NA,NA,NA,NA,NA,NA,NA,NA,NA
NA,NA,NA,NA,NA,NA,NA,NA,NA
NA,NA,NA,NA,NA,NA,NA,NA,NA
NA,NA,NA,NA,NA,NA,NA,NA,NA
NA,NA,NA,NA,NA,NA,NA,NA,NA
NA,NA,NA,NA,NA,NA,NA,NA,NA
NA,NA,NA,NA,NA,NA,NA,NA,NA
NA,NA,NA,NA,NA,NA,NA,NA,NA
NA,NA,NA,NA,NA,NA,NA,NA,NA
NA,NA,NA,NA,NA,NA,NA,NA,NA
NA,NA,NA,NA,NA,NA,NA,NA,NA
NA,NA,NA,NA,NA,NA,NA,NA,NA
NA,NA,NA,NA,NA,NA,NA,NA,NA
NA,NA,NA,NA,NA,NA,NA,NA,NA
NA,NA,NA,NA,NA,NA,NA,NA,NA
NA,NA,NA,NA,NA,NA,NA,NA,NA
NA,NA,NA,NA,NA,NA,NA,NA,NA
NA,NA,NA,NA,NA,NA,NA,NA,NA
NA,NA,NA,NA,NA,NA,NA,NA,NA
NA,NA,NA,NA,NA,NA,NA,NA,NA
NA,NA,NA,NA,NA,NA,NA,NA,NA
NA,NA,NA,NA,NA,NA,NA,NA,NA
NA,NA,NA,NA,NA,NA,NA,NA,NA
NA,NA,NA,NA,NA,NA,NA,NA,NA
NA,NA,NA,NA,NA,NA,NA,NA,NA
NA,NA,NA,NA,NA,NA,NA,NA,NA
NA,NA,NA,NA,NA,NA,NA,NA,NA
NA,NA,NA,NA,NA,NA,NA,NA,NA
NA,NA,NA,NA,NA,NA,NA,NA,NA
NA,NA,NA,NA,NA,NA,NA,NA,NA
NA,NA,NA,NA,NA,NA,NA,NA,NA
NA,NA,NA,NA,NA,NA,NA,NA,NA
NA,NA,NA,NA,NA,NA,NA,NA,NA
NA,NA,NA,NA,NA,NA,NA,NA,NA
NA,NA,NA,NA,NA,NA,NA,NA,NA
NA,NA,NA,NA,NA,NA,NA,NA,NA
NA,NA,NA,NA,NA,NA,NA,NA,NA
NA,NA,NA,NA,NA,NA,NA,NA,NA
NA,NA,NA,NA,NA,NA,NA,NA,NA
NA,NA,NA,NA,NA,NA,NA,NA,NA
NA,NA,NA,NA,NA,NA,NA,NA,NA
NA,NA,NA,NA,NA,NA,NA,NA,NA
NA,NA,NA,NA,NA,NA,NA,NA,NA
NA,NA,NA,NA,NA,NA,NA,NA,NA
NA,NA,NA,NA,NA,NA,NA,NA,NA
NA,NA,NA,NA,NA,NA,NA,NA,NA
NA,NA,NA,NA,NA,NA,NA,NA,NA
NA,NA,NA,NA,NA,NA,NA,NA,NA
NA,NA,NA,NA,NA,NA,NA,NA,NA
NA,NA,NA,NA,NA,NA,NA,NA,NA
NA,NA,NA,NA,NA,NA,NA,NA,NA
NA,NA,NA,NA,NA,NA,NA,NA,NA
NA,NA,NA,NA,NA,NA,NA,NA,NA
NA,NA,NA,NA,NA,NA,NA,NA,NA
NA,NA,NA,NA,NA,NA,NA,NA,NA
NA,NA,NA,NA,NA,NA,NA,NA,NA
NA,NA,NA,NA,NA,NA,NA,NA,NA
NA,NA,NA,NA,NA,NA,NA,NA,NA
NA,NA,NA,NA,NA,NA,NA,NA,NA
NA,NA,NA,NA,NA,NA,NA,NA,NA
NA,NA,NA,NA,NA,NA,NA,NA,NA
NA,NA,NA,NA,NA,NA,NA,NA,NA
NA,NA,NA,NA,NA,NA,NA,NA,NA
NA,NA,NA,NA,NA,NA,NA,NA,NA
NA,NA,NA,NA,NA,NA,NA,NA,NA
NA,NA,NA,NA,NA,NA,NA,NA,NA
NA,NA,NA,NA,NA,NA,NA,NA,NA
NA,NA,NA,NA,NA,NA,NA,NA,NA
NA,NA,NA,NA,NA,NA,NA,NA,NA
NA,NA,NA,NA,NA,NA,NA,NA,NA
NA,NA,NA,NA,NA,NA,NA,NA,NA
NA,NA,NA,NA,NA,NA,NA,NA,NA
NA,NA,NA,NA,NA,NA,NA,NA,NA
NA,NA,NA,NA,NA,NA,NA,NA,NA
NA,NA,NA,NA,NA,NA,NA,NA,NA
NA,NA,NA,NA,NA,NA,NA,NA,NA
NA,NA,NA,NA,NA,NA,NA,NA,NA
NA,NA,NA,NA,NA,NA,NA,NA,NA
NA,NA,NA,NA,NA,NA,NA,NA,NA
NA,NA,NA,NA,NA,NA,NA,NA,NA
NA,NA,NA,NA,NA,NA,NA,NA,NA
NA,NA,NA,NA,NA,NA,NA,NA,NA
NA,NA,NA,NA,NA,NA,NA,NA,NA
NA,NA,NA,NA,NA,NA,NA,NA,NA
NA,NA,NA,NA,NA,NA,NA,NA,NA
NA,NA,NA,NA,NA,NA,NA,NA,NA
NA,NA,NA,NA,NA,NA,NA,NA,NA
NA,NA,NA,NA,NA,NA,NA,NA,NA
NA,NA,NA,NA,NA,NA,NA,NA,NA
NA,NA,NA,NA,NA,NA,NA,NA,NA
NA,NA,NA,NA,NA,NA,NA,NA,NA
NA,NA,NA,NA,NA,NA,NA,NA,NA
NA,NA,NA,NA,NA,NA,NA,NA,NA
NA,NA,NA,NA,NA,NA,NA,NA,NA
NA,NA,NA,NA,NA,NA,NA,NA,NA
NA,NA,NA,NA,NA,NA,NA,NA,NA
NA,NA,NA,NA,NA,NA,NA,NA,NA
NA,NA,NA,NA,NA,NA,NA,NA,NA
NA,NA,NA,NA,NA,NA,NA,NA,NA
NA,NA,NA,NA,NA,NA,NA,NA,NA
NA,NA,NA,NA,NA,NA,NA,NA,NA
NA,NA,NA,NA,NA,NA,NA,NA,NA
NA,NA,NA,NA,NA,NA,NA,NA,NA
NA,NA,NA,NA,NA,NA,NA,NA,NA
NA,NA,NA,NA,NA,NA,NA,NA,NA
NA,NA,NA,NA,NA,NA,NA,NA,NA
NA,NA,NA,NA,NA,NA,NA,NA,NA
NA,NA,NA,NA,NA,NA,NA,NA,NA
NA,NA,NA,NA,NA,NA,NA,NA,NA
NA,NA,NA,NA,NA,NA,NA,NA,NA
NA,NA,NA,NA,NA,NA,NA,NA,NA
NA,NA,NA,NA,NA,NA,NA,NA,NA
NA,NA,NA,NA,NA,NA,NA,NA,NA
NA,NA,NA,NA,NA,NA,NA,NA,NA
NA,NA,NA,NA,NA,NA,NA,NA,NA
NA,NA,NA,NA,NA,NA,NA,NA,NA
NA,NA,NA,NA,NA,NA,NA,NA,NA
NA,NA,NA,NA,NA,NA,NA,NA,NA
NA,NA,NA,NA,NA,NA,NA,NA,NA
NA,NA,NA,NA,NA,NA,NA,NA,NA
NA,NA,NA,NA,NA,NA,NA,NA,NA
NA,NA,NA,NA,NA,NA,NA,NA,NA
NA,NA,NA,NA,NA,NA,NA,NA,NA
NA,NA,NA,NA,NA,NA,NA,NA,NA
NA,NA,NA,NA,NA,NA,NA,NA,NA
NA,NA,NA,NA,NA,NA,NA,NA,NA
NA,NA,NA,NA,NA,NA,NA,NA,NA
NA,NA,NA,NA,NA,NA,NA,NA,NA
NA,NA,NA,NA,NA,NA,NA,NA,NA
NA,NA,NA,NA,NA,NA,NA,NA,NA
NA,NA,NA,NA,NA,NA,NA,NA,NA
NA,NA,NA,NA,NA,NA,NA,NA,NA
NA,NA,NA,NA,NA,NA,NA,NA,NA
NA,NA,NA,NA,NA,NA,NA,NA,NA
NA,NA,NA,NA,NA,NA,NA,NA,NA
NA,NA,NA,NA,NA,NA,NA,NA,NA
NA,NA,NA,NA,NA,NA,NA,NA,NA
NA,NA,NA,NA,NA,NA,NA,NA,NA
NA,NA,NA,NA,NA,NA,NA,NA,NA
NA,NA,NA,NA,NA,NA,NA,NA,NA
NA,NA,NA,NA,NA,NA,NA,NA,NA
NA,NA,NA,NA,NA,NA,NA,NA,NA
NA,NA,NA,NA,NA,NA,NA,NA,NA
NA,NA,NA,NA,NA,NA,NA,NA,NA
NA,NA,NA,NA,NA,NA,NA,NA,NA
NA,NA,NA,NA,NA,NA,NA,NA,NA
NA,NA,NA,NA,NA,NA,NA,NA,NA
NA,NA,NA,NA,NA,NA,NA,NA,NA
NA,NA,NA,NA,NA,NA,NA,NA,NA
NA,NA,NA,NA,NA,NA,NA,NA,NA
NA,NA,NA,NA,NA,NA,NA,NA,NA
NA,NA,NA,NA,NA,NA,NA,NA,NA
NA,NA,NA,NA,NA,NA,NA,NA,NA
NA,NA,NA,NA,NA,NA,NA,NA,NA
NA,NA,NA,NA,NA,NA,NA,NA,NA
NA,NA,NA,NA,NA,NA,NA,NA,NA
NA,NA,NA,NA,NA,NA,NA,NA,NA
NA,NA,NA,NA,NA,NA,NA,NA,NA
NA,NA,NA,NA,NA,NA,NA,NA,NA
NA,NA,NA,NA,NA,NA,NA,NA,NA
NA,NA,NA,NA,NA,NA,NA,NA,NA
NA,NA,NA,NA,NA,NA,NA,NA,NA
NA,NA,NA,NA,NA,NA,NA,NA,NA
NA,NA,NA,NA,NA,NA,NA,NA,NA
NA,NA,NA,NA,NA,NA,NA,NA,NA
NA,NA,NA,NA,NA,NA,NA,NA,NA
NA,NA,NA,NA,NA,NA,NA,NA,NA
NA,NA,NA,NA,NA,NA,NA,NA,NA
NA,NA,NA,NA,NA,NA,NA,NA,NA
NA,NA,NA,NA,NA,NA,NA,NA,NA
NA,NA,NA,NA,NA,NA,NA,NA,NA
NA,NA,NA,NA,NA,NA,NA,NA,NA
NA,NA,NA,NA,NA,NA,NA,NA,NA
NA,NA,NA,NA,NA,NA,NA,NA,NA
NA,NA,NA,NA,NA,NA,NA,NA,NA
NA,NA,NA,NA,NA,NA,NA,NA,NA
NA,NA,NA,NA,NA,NA,NA,NA,NA
NA,NA,NA,NA,NA,NA,NA,NA,NA
NA,NA,NA,NA,NA,NA,NA,NA,NA
NA,NA,NA,NA,NA,NA,NA,NA,NA
NA,NA,NA,NA,NA,NA,NA,NA,NA
NA,NA,NA,NA,NA,NA,NA,NA,NA
NA,NA,NA,NA,NA,NA,NA,NA,NA
NA,NA,NA,NA,NA,NA,NA,NA,NA
NA,NA,NA,NA,NA,NA,NA,NA,NA
NA,NA,NA,NA,NA,NA,NA,NA,NA
NA,NA,NA,NA,NA,NA,NA,NA,NA
NA,NA,NA,NA,NA,NA,NA,NA,NA
NA,NA,NA,NA,NA,NA,NA,NA,NA
NA,NA,NA,NA,NA,NA,NA,NA,NA
NA,NA,NA,NA,NA,NA,NA,NA,NA
NA,NA,NA,NA,NA,NA,NA,NA,NA
NA,NA,NA,NA,NA,NA,NA,NA,NA
NA,NA,NA,NA,NA,NA,NA,NA,NA
NA,NA,NA,NA,NA,NA,NA,NA,NA
NA,NA,NA,NA,NA,NA,NA,NA,NA
NA,NA,NA,NA,NA,NA,NA,NA,NA
NA,NA,NA,NA,NA,NA,NA,NA,NA
NA,NA,NA,NA,NA,NA,NA,NA,NA
NA,NA,NA,NA,NA,NA,NA,NA,NA
NA,NA,NA,NA,NA,NA,NA,NA,NA
NA,NA,NA,NA,NA,NA,NA,NA,NA
NA,NA,NA,NA,NA,NA,NA,NA,NA
NA,NA,NA,NA,NA,NA,NA,NA,NA
NA,NA,NA,NA,NA,NA,NA,NA,NA
NA,NA,NA,NA,NA,NA,NA,NA,NA
NA,NA,NA,NA,NA,NA,NA,NA,NA
NA,NA,NA,NA,NA,NA,NA,NA,NA
NA,NA,NA,NA,NA,NA,NA,NA,NA
NA,NA,NA,NA,NA,NA,NA,NA,NA
NA,NA,NA,NA,NA,NA,NA,NA,NA
NA,NA,NA,NA,NA,NA,NA,NA,NA
NA,NA,NA,NA,NA,NA,NA,NA,NA
NA,NA,NA,NA,NA,NA,NA,NA,NA
NA,NA,NA,NA,NA,NA,NA,NA,NA
NA,NA,NA,NA,NA,NA,NA,NA,NA
NA,NA,NA,NA,NA,NA,NA,NA,NA
NA,NA,NA,NA,NA,NA,NA,NA,NA
NA,NA,NA,NA,NA,NA,NA,NA,NA
NA,NA,NA,NA,NA,NA,NA,NA,NA
NA,NA,NA,NA,NA,NA,NA,NA,NA
NA,NA,NA,NA,NA,NA,NA,NA,NA
NA,NA,NA,NA,NA,NA,NA,NA,NA
NA,NA,NA,NA,NA,NA,NA,NA,NA
NA,NA,NA,NA,NA,NA,NA,NA,NA
NA,NA,NA,NA,NA,NA,NA,NA,NA
NA,NA,NA,NA,NA,NA,NA,NA,NA
NA,NA,NA,NA,NA,NA,NA,NA,NA
NA,NA,NA,NA,NA,NA,NA,NA,NA
NA,NA,NA,NA,NA,NA,NA,NA,NA
NA,NA,NA,NA,NA,NA,NA,NA,NA
NA,NA,NA,NA,NA,NA,NA,NA,NA
NA,NA,NA,NA,NA,NA,NA,NA,NA
NA,NA,NA,NA,NA,NA,NA,NA,NA
NA,NA,NA,NA,NA,NA,NA,NA,NA
NA,NA,NA,NA,NA,NA,NA,NA,NA
NA,NA,NA,NA,NA,NA,NA,NA,NA
NA,NA,NA,NA,NA,NA,NA,NA,NA
NA,NA,NA,NA,NA,NA,NA,NA,NA
NA,NA,NA,NA,NA,NA,NA,NA,NA
NA,NA,NA,NA,NA,NA,NA,NA,NA
NA,NA,NA,NA,NA,NA,NA,NA,NA
NA,NA,NA,NA,NA,NA,NA,NA,NA
NA,NA,NA,NA,NA,NA,NA,NA,NA
NA,NA,NA,NA,NA,NA,NA,NA,NA
NA,NA,NA,NA,NA,NA,NA,NA,NA
NA,NA,NA,NA,NA,NA,NA,NA,NA
NA,NA,NA,NA,NA,NA,NA,NA,NA
NA,NA,NA,NA,NA,NA,NA,NA,NA
NA,NA,NA,NA,NA,NA,NA,NA,NA
NA,NA,NA,NA,NA,NA,NA,NA,NA
NA,NA,NA,NA,NA,NA,NA,NA,NA
NA,NA,NA,NA,NA,NA,NA,NA,NA
NA,NA,NA,NA,NA,NA,NA,NA,NA
NA,NA,NA,NA,NA,NA,NA,NA,NA
NA,NA,NA,NA,NA,NA,NA,NA,NA
NA,NA,NA,NA,NA,NA,NA,NA,NA
NA,NA,NA,NA,NA,NA,NA,NA,NA
NA,NA,NA,NA,NA,NA,NA,NA,NA
NA,NA,NA,NA,NA,NA,NA,NA,NA
NA,NA,NA,NA,NA,NA,NA,NA,NA
NA,NA,NA,NA,NA,NA,NA,NA,NA
NA,NA,NA,NA,NA,NA,NA,NA,NA
NA,NA,NA,NA,NA,NA,NA,NA,NA
NA,NA,NA,NA,NA,NA,NA,NA,NA
NA,NA,NA,NA,NA,NA,NA,NA,NA
NA,NA,NA,NA,NA,NA,NA,NA,NA
NA,NA,NA,NA,NA,NA,NA,NA,NA
NA,NA,NA,NA,NA,NA,NA,NA,NA
NA,NA,NA,NA,NA,NA,NA,NA,NA
NA,NA,NA,NA,NA,NA,NA,NA,NA
NA,NA,NA,NA,NA,NA,NA,NA,NA
NA,NA,NA,NA,NA,NA,NA,NA,NA
NA,NA,NA,NA,NA,NA,NA,NA,NA
NA,NA,NA,NA,NA,NA,NA,NA,NA
NA,NA,NA,NA,NA,NA,NA,NA,NA
NA,NA,NA,NA,NA,NA,NA,NA,NA
NA,NA,NA,NA,NA,NA,NA,NA,NA
NA,NA,NA,NA,NA,NA,NA,NA,NA
NA,NA,NA,NA,NA,NA,NA,NA,NA
NA,NA,NA,NA,NA,NA,NA,NA,NA
NA,NA,NA,NA,NA,NA,NA,NA,NA
NA,NA,NA,NA,NA,NA,NA,NA,NA
NA,NA,NA,NA,NA,NA,NA,NA,NA
NA,NA,NA,NA,NA,NA,NA,NA,NA
NA,NA,NA,NA,NA,NA,NA,NA,NA
NA,NA,NA,NA,NA,NA,NA,NA,NA
NA,NA,NA,NA,NA,NA,NA,NA,NA
NA,NA,NA,NA,NA,NA,NA,NA,NA
NA,NA,NA,NA,NA,NA,NA,NA,NA
NA,NA,NA,NA,NA,NA,NA,NA,NA
NA,NA,NA,NA,NA,NA,NA,NA,NA
NA,NA,NA,NA,NA,NA,NA,NA,NA
NA,NA,NA,NA,NA,NA,NA,NA,NA
NA,NA,NA,NA,NA,NA,NA,NA,NA
NA,NA,NA,NA,NA,NA,NA,NA,NA
NA,NA,NA,NA,NA,NA,NA,NA,NA
NA,NA,NA,NA,NA,NA,NA,NA,NA
NA,NA,NA,NA,NA,NA,NA,NA,NA
NA,NA,NA,NA,NA,NA,NA,NA,NA
NA,NA,NA,NA,NA,NA,NA,NA,NA
NA,NA,NA,NA,NA,NA,NA,NA,NA
NA,NA,NA,NA,NA,NA,NA,NA,NA
NA,NA,NA,NA,NA,NA,NA,NA,NA
NA,NA,NA,NA,NA,NA,NA,NA,NA
NA,NA,NA,NA,NA,NA,NA,NA,NA
NA,NA,NA,NA,NA,NA,NA,NA,NA
NA,NA,NA,NA,NA,NA,NA,NA,NA
NA,NA,NA,NA,NA,NA,NA,NA,NA
NA,NA,NA,NA,NA,NA,NA,NA,NA
NA,NA,NA,NA,NA,NA,NA,NA,NA
NA,NA,NA,NA,NA,NA,NA,NA,NA
NA,NA,NA,NA,NA,NA,NA,NA,NA
NA,NA,NA,NA,NA,NA,NA,NA,NA
NA,NA,NA,NA,NA,NA,NA,NA,NA
NA,NA,NA,NA,NA,NA,NA,NA,NA
NA,NA,NA,NA,NA,NA,NA,NA,NA
NA,NA,NA,NA,NA,NA,NA,NA,NA
NA,NA,NA,NA,NA,NA,NA,NA,NA
NA,NA,NA,NA,NA,NA,NA,NA,NA
NA,NA,NA,NA,NA,NA,NA,NA,NA
NA,NA,NA,NA,NA,NA,NA,NA,NA
NA,NA,NA,NA,NA,NA,NA,NA,NA
NA,NA,NA,NA,NA,NA,NA,NA,NA
NA,NA,NA,NA,NA,NA,NA,NA,NA
NA,NA,NA,NA,NA,NA,NA,NA,NA
NA,NA,NA,NA,NA,NA,NA,NA,NA
NA,NA,NA,NA,NA,NA,NA,NA,NA
NA,NA,NA,NA,NA,NA,NA,NA,NA
NA,NA,NA,NA,NA,NA,NA,NA,NA
NA,NA,NA,NA,NA,NA,NA,NA,NA
NA,NA,NA,NA,NA,NA,NA,NA,NA
NA,NA,NA,NA,NA,NA,NA,NA,NA
NA,NA,NA,NA,NA,NA,NA,NA,NA
NA,NA,NA,NA,NA,NA,NA,NA,NA
NA,NA,NA,NA,NA,NA,NA,NA,NA
NA,NA,NA,NA,NA,NA,NA,NA,NA
NA,NA,NA,NA,NA,NA,NA,NA,NA
NA,NA,NA,NA,NA,NA,NA,NA,NA
NA,NA,NA,NA,NA,NA,NA,NA,NA
NA,NA,NA,NA,NA,NA,NA,NA,NA
NA,NA,NA,NA,NA,NA,NA,NA,NA
NA,NA,NA,NA,NA,NA,NA,NA,NA
NA,NA,NA,NA,NA,NA,NA,NA,NA
NA,NA,NA,NA,NA,NA,NA,NA,NA
NA,NA,NA,NA,NA,NA,NA,NA,NA
NA,NA,NA,NA,NA,NA,NA,NA,NA
NA,NA,NA,NA,NA,NA,NA,NA,NA
NA,NA,NA,NA,NA,NA,NA,NA,NA
NA,NA,NA,NA,NA,NA,NA,NA,NA
NA,NA,NA,NA,NA,NA,NA,NA,NA
NA,NA,NA,NA,NA,NA,NA,NA,NA
NA,NA,NA,NA,NA,NA,NA,NA,NA
NA,NA,NA,NA,NA,NA,NA,NA,NA
NA,NA,NA,NA,NA,NA,NA,NA,NA
NA,NA,NA,NA,NA,NA,NA,NA,NA
NA,NA,NA,NA,NA,NA,NA,NA,NA
NA,NA,NA,NA,NA,NA,NA,NA,NA
NA,NA,NA,NA,NA,NA,NA,NA,NA
NA,NA,NA,NA,NA,NA,NA,NA,NA
NA,NA,NA,NA,NA,NA,NA,NA,NA
NA,NA,NA,NA,NA,NA,NA,NA,NA
NA,NA,NA,NA,NA,NA,NA,NA,NA
NA,NA,NA,NA,NA,NA,NA,NA,NA
NA,NA,NA,NA,NA,NA,NA,NA,NA
NA,NA,NA,NA,NA,NA,NA,NA,NA
NA,NA,NA,NA,NA,NA,NA,NA,NA
NA,NA,NA,NA,NA,NA,NA,NA,NA
NA,NA,NA,NA,NA,NA,NA,NA,NA
NA,NA,NA,NA,NA,NA,NA,NA,NA
NA,NA,NA,NA,NA,NA,NA,NA,NA
NA,NA,NA,NA,NA,NA,NA,NA,NA
NA,NA,NA,NA,NA,NA,NA,NA,NA
NA,NA,NA,NA,NA,NA,NA,NA,NA
NA,NA,NA,NA,NA,NA,NA,NA,NA
NA,NA,NA,NA,NA,NA,NA,NA,NA
NA,NA,NA,NA,NA,NA,NA,NA,NA
NA,NA,NA,NA,NA,NA,NA,NA,NA
NA,NA,NA,NA,NA,NA,NA,NA,NA
NA,NA,NA,NA,NA,NA,NA,NA,NA
NA,NA,NA,NA,NA,NA,NA,NA,NA
NA,NA,NA,NA,NA,NA,NA,NA,NA
NA,NA,NA,NA,NA,NA,NA,NA,NA
NA,NA,NA,NA,NA,NA,NA,NA,NA
NA,NA,NA,NA,NA,NA,NA,NA,NA
NA,NA,NA,NA,NA,NA,NA,NA,NA
NA,NA,NA,NA,NA,NA,NA,NA,NA
NA,NA,NA,NA,NA,NA,NA,NA,NA
NA,NA,NA,NA,NA,NA,NA,NA,NA
NA,NA,NA,NA,NA,NA,NA,NA,NA
NA,NA,NA,NA,NA,NA,NA,NA,NA
NA,NA,NA,NA,NA,NA,NA,NA,NA
NA,NA,NA,NA,NA,NA,NA,NA,NA
NA,NA,NA,NA,NA,NA,NA,NA,NA
NA,NA,NA,NA,NA,NA,NA,NA,NA
NA,NA,NA,NA,NA,NA,NA,NA,NA
NA,NA,NA,NA,NA,NA,NA,NA,NA
NA,NA,NA,NA,NA,NA,NA,NA,NA
NA,NA,NA,NA,NA,NA,NA,NA,NA
NA,NA,NA,NA,NA,NA,NA,NA,NA
NA,NA,NA,NA,NA,NA,NA,NA,NA
NA,NA,NA,NA,NA,NA,NA,NA,NA
NA,NA,NA,NA,NA,NA,NA,NA,NA
NA,NA,NA,NA,NA,NA,NA,NA,NA
NA,NA,NA,NA,NA,NA,NA,NA,NA
NA,NA,NA,NA,NA,NA,NA,NA,NA
NA,NA,NA,NA,NA,NA,NA,NA,NA
NA,NA,NA,NA,NA,NA,NA,NA,NA
NA,NA,NA,NA,NA,NA,NA,NA,NA
NA,NA,NA,NA,NA,NA,NA,NA,NA
NA,NA,NA,NA,NA,NA,NA,NA,NA
