"taxon","logFC","FDR","comparison"
"k__Bacteria;p__Verrucomicrobia;c__Verrucomicrobiae;o__Verrucomicrobiales;f__Verrucomicrobiaceae;g__Akkermansia;s__muciniphila",3.005,0.04022,"IBS_before vs IBS_after"
"k__Bacteria;p__Firmicutes;c__Bacilli;o__Lactobacillales;f__Lactobacillaceae;g__Lactobacillus;s__mucosae",5.351,0.04022,"IBS_before vs IBS_after"
"k__Bacteria;p__Actinobacteria;c__Actinobacteria;o__Bifidobacteriales;f__Bifidobacteriaceae;g__Bifidobacterium;s__animalis",4.9,0.04022,"IBS_before vs IBS_after"
"k__Bacteria;p__Fusobacteria;c__Fusobacteriia;o__Fusobacteriales;f__Fusobacteriaceae;g__Fusobacterium;s__",-4.507,0.1408,"IBS_before vs IBS_after"
"k__Bacteria;p__Firmicutes;c__Bacilli;o__Lactobacillales;f__Lactobacillaceae;g__Lactobacillus;s__reuteri",4.338,0.1644,"IBS_before vs IBS_after"
"k__Bacteria;p__Proteobacteria;c__Deltaproteobacteria;o__Desulfovibrionales;f__Desulfovibrionaceae;g__;s__",-3.229,0.3914,"IBS_before vs IBS_after"
"k__Bacteria;p__Firmicutes;c__Bacilli;o__Lactobacillales;f__Lactobacillaceae;g__Lactobacillus;s__",1.792,0.3914,"IBS_before vs IBS_after"
"k__Bacteria;p__Actinobacteria;c__Actinobacteria;o__Bifidobacteriales;f__Bifidobacteriaceae;g__Bifidobacterium;__",2.152,0.8157,"IBS_before vs IBS_after"
"k__Bacteria;p__Firmicutes;c__Bacilli;o__Lactobacillales;f__Lactobacillaceae;g__Lactobacillus;s__zeae",2.731,0.8581,"IBS_before vs IBS_after"
"k__Bacteria;p__Firmicutes;c__Bacilli;o__Lactobacillales;f__Aerococcaceae;g__Abiotrophia;s__",2.714,0.9766,"IBS_before vs IBS_after"
"k__Bacteria;p__Bacteroidetes;c__Bacteroidia;o__Bacteroidales;__;__;__",1.813,0.9766,"IBS_before vs IBS_after"
"k__Bacteria;p__Proteobacteria;c__Deltaproteobacteria;o__Desulfovibrionales;f__Desulfovibrionaceae;g__Desulfovibrio;s__D168",-2.478,0.9766,"IBS_before vs IBS_after"
"k__Bacteria;p__Firmicutes;c__Clostridia;o__Clostridiales;f__Veillonellaceae;g__Veillonella;s__",-2.36,0.9766,"IBS_before vs IBS_after"
"k__Bacteria;p__Firmicutes;c__Clostridia;o__Clostridiales;f__Ruminococcaceae;g__Butyricicoccus;s__pullicaecorum",-2.428,0.9766,"IBS_before vs IBS_after"
"k__Bacteria;p__Firmicutes;c__Clostridia;o__Clostridiales;f__[Mogibacteriaceae];g__;s__",1.794,0.9766,"IBS_before vs IBS_after"
"k__Bacteria;p__Firmicutes;c__Clostridia;o__Clostridiales;f__Ruminococcaceae;g__Ruminococcus;__",-2.199,0.9766,"IBS_before vs IBS_after"
"k__Bacteria;p__Firmicutes;c__Clostridia;o__Clostridiales;f__Ruminococcaceae;g__Faecalibacterium;__",1.885,0.9871,"IBS_before vs IBS_after"
"k__Bacteria;p__Actinobacteria;c__Coriobacteriia;o__Coriobacteriales;f__Coriobacteriaceae;g__;s__",1.778,0.9886,"IBS_before vs IBS_after"
"k__Bacteria;__;__;__;__;__;__",-1.471,0.9886,"IBS_before vs IBS_after"
"k__Bacteria;p__Firmicutes;c__Clostridia;o__Clostridiales;__;__;__",0.806,0.9886,"IBS_before vs IBS_after"
"k__Bacteria;p__Firmicutes;c__Clostridia;o__Clostridiales;f__Veillonellaceae;g__Megamonas;s__",1.442,0.9886,"IBS_before vs IBS_after"
"k__Bacteria;p__Firmicutes;c__Clostridia;o__Clostridiales;f__Clostridiaceae;g__;s__",1.523,0.9886,"IBS_before vs IBS_after"
"k__Bacteria;p__Firmicutes;c__Clostridia;o__Clostridiales;f__Lachnospiraceae;g__[Ruminococcus];s__gnavus",-1.077,0.9886,"IBS_before vs IBS_after"
"k__Bacteria;p__Bacteroidetes;c__[Saprospirae];o__[Saprospirales];f__Chitinophagaceae;g__;s__",-1.818,0.9886,"IBS_before vs IBS_after"
"k__Bacteria;p__Bacteroidetes;c__Bacteroidia;o__Bacteroidales;f__[Paraprevotellaceae];g__CF231;s__",-1.611,0.9886,"IBS_before vs IBS_after"
"k__Bacteria;p__Firmicutes;c__Clostridia;o__Clostridiales;f__Lachnospiraceae;g__Roseburia;__",0.888,0.9886,"IBS_before vs IBS_after"
"k__Bacteria;p__Firmicutes;c__Clostridia;o__Clostridiales;f__Clostridiaceae;g__SMB53;s__",1.734,0.9886,"IBS_before vs IBS_after"
"k__Bacteria;p__Firmicutes;c__Erysipelotrichi;o__Erysipelotrichales;f__Erysipelotrichaceae;g__[Eubacterium];s__dolichum",1.602,0.9886,"IBS_before vs IBS_after"
"k__Bacteria;p__Firmicutes;c__Clostridia;o__Clostridiales;f__Lachnospiraceae;g__Coprococcus;s__catus",1.59,0.9886,"IBS_before vs IBS_after"
"k__Bacteria;p__Actinobacteria;c__Actinobacteria;o__Bifidobacteriales;f__Bifidobacteriaceae;__;__",1.267,0.9886,"IBS_before vs IBS_after"
"k__Bacteria;p__Bacteroidetes;c__Bacteroidia;o__Bacteroidales;f__Bacteroidaceae;g__Bacteroides;__",-0.933,0.9886,"IBS_before vs IBS_after"
"k__Bacteria;p__Bacteroidetes;c__Bacteroidia;o__Bacteroidales;f__Bacteroidaceae;g__Bacteroides;s__uniformis",-0.978,0.9886,"IBS_before vs IBS_after"
"k__Bacteria;p__Actinobacteria;c__Actinobacteria;o__Bifidobacteriales;f__Bifidobacteriaceae;g__Bifidobacterium;s__adolescentis",0.974,0.9886,"IBS_before vs IBS_after"
"k__Bacteria;p__Firmicutes;c__Erysipelotrichi;o__Erysipelotrichales;f__Erysipelotrichaceae;g__;s__",0.85,0.9886,"IBS_before vs IBS_after"
"k__Bacteria;p__Proteobacteria;c__Gammaproteobacteria;o__Enterobacteriales;f__Enterobacteriaceae;__;__",-0.601,0.9886,"IBS_before vs IBS_after"
"k__Bacteria;p__Firmicutes;c__Clostridia;o__Clostridiales;f__Ruminococcaceae;g__Ruminococcus;s__bromii",0.909,0.9886,"IBS_before vs IBS_after"
"k__Bacteria;p__Firmicutes;c__Clostridia;o__Clostridiales;f__Ruminococcaceae;g__Ruminococcus;s__callidus",-1.274,0.9886,"IBS_before vs IBS_after"
"k__Bacteria;p__Bacteroidetes;c__Bacteroidia;o__Bacteroidales;f__Bacteroidaceae;g__Bacteroides;s__ovatus",-0.843,0.9886,"IBS_before vs IBS_after"
"k__Bacteria;p__Actinobacteria;c__Coriobacteriia;o__Coriobacteriales;f__Coriobacteriaceae;g__Collinsella;s__aerofaciens",0.875,0.9886,"IBS_before vs IBS_after"
"k__Bacteria;p__Firmicutes;c__Bacilli;o__Turicibacterales;f__Turicibacteraceae;g__Turicibacter;s__",1.22,0.9886,"IBS_before vs IBS_after"
"k__Bacteria;p__Firmicutes;c__Clostridia;o__Clostridiales;f__Lachnospiraceae;g__Dorea;s__longicatena",-1.181,0.9886,"IBS_before vs IBS_after"
"k__Bacteria;p__Firmicutes;c__Clostridia;o__Clostridiales;f__Lachnospiraceae;g__Blautia;s__",0.632,0.9886,"IBS_before vs IBS_after"
"k__Bacteria;p__Proteobacteria;c__Gammaproteobacteria;o__Pasteurellales;f__Pasteurellaceae;__;__",-1.309,0.9886,"IBS_before vs IBS_after"
"k__Bacteria;p__Actinobacteria;c__Actinobacteria;o__Bifidobacteriales;f__Bifidobacteriaceae;g__Bifidobacterium;s__longum",0.648,0.9886,"IBS_before vs IBS_after"
"k__Bacteria;p__Firmicutes;c__Bacilli;o__Lactobacillales;f__Lactobacillaceae;g__Lactobacillus;s__salivarius",1.312,0.9886,"IBS_before vs IBS_after"
"k__Bacteria;p__Firmicutes;c__Clostridia;o__Clostridiales;f__Ruminococcaceae;g__Gemmiger;s__formicilis",0.677,0.9886,"IBS_before vs IBS_after"
"k__Bacteria;p__Firmicutes;c__Clostridia;o__Clostridiales;f__Veillonellaceae;g__Veillonella;__",0.961,0.9886,"IBS_before vs IBS_after"
"k__Bacteria;p__Firmicutes;c__Clostridia;o__Clostridiales;f__Clostridiaceae;g__Clostridium;__",1.078,0.9886,"IBS_before vs IBS_after"
"k__Bacteria;p__Bacteroidetes;c__Bacteroidia;o__Bacteroidales;f__Rikenellaceae;__;__",1.13,0.9886,"IBS_before vs IBS_after"
"k__Bacteria;p__Actinobacteria;c__Actinobacteria;o__Actinomycetales;f__Micrococcaceae;g__Rothia;s__mucilaginosa",0.785,0.9886,"IBS_before vs IBS_after"
"k__Bacteria;p__Proteobacteria;c__Alphaproteobacteria;o__Caulobacterales;f__Caulobacteraceae;g__Brevundimonas;__",-1.032,0.9886,"IBS_before vs IBS_after"
"k__Bacteria;p__Firmicutes;c__Clostridia;o__Clostridiales;f__Lachnospiraceae;g__Coprococcus;s__eutactus",-1.067,0.9886,"IBS_before vs IBS_after"
"k__Bacteria;p__Firmicutes;c__Clostridia;o__Clostridiales;f__Peptostreptococcaceae;__;__",0.88,0.9886,"IBS_before vs IBS_after"
"k__Bacteria;p__Firmicutes;c__Clostridia;o__Clostridiales;f__Peptostreptococcaceae;g__;s__",-1.059,0.9886,"IBS_before vs IBS_after"
"k__Bacteria;p__Firmicutes;c__Clostridia;o__Clostridiales;f__Veillonellaceae;__;__",0.911,0.9886,"IBS_before vs IBS_after"
"k__Bacteria;p__Firmicutes;c__Erysipelotrichi;o__Erysipelotrichales;f__Erysipelotrichaceae;g__Clostridium;s__spiroforme",1.025,0.9886,"IBS_before vs IBS_after"
"k__Bacteria;p__Firmicutes;c__Bacilli;o__Lactobacillales;__;__;__",-0.905,0.9886,"IBS_before vs IBS_after"
"k__Bacteria;p__Bacteroidetes;c__Bacteroidia;o__Bacteroidales;f__[Paraprevotellaceae];g__Paraprevotella;s__",-0.897,0.9886,"IBS_before vs IBS_after"
"k__Bacteria;p__Firmicutes;c__Clostridia;o__Clostridiales;f__Veillonellaceae;g__Veillonella;s__dispar",-0.6,0.9886,"IBS_before vs IBS_after"
"k__Bacteria;p__Proteobacteria;c__Alphaproteobacteria;o__Caulobacterales;f__Caulobacteraceae;g__Caulobacter;s__",-0.906,0.9886,"IBS_before vs IBS_after"
"k__Bacteria;p__Firmicutes;c__Clostridia;o__Clostridiales;f__Lachnospiraceae;g__Dorea;s__",0.534,0.9886,"IBS_before vs IBS_after"
"k__Bacteria;p__Firmicutes;c__Clostridia;o__Clostridiales;f__Lachnospiraceae;g__Dorea;s__formicigenerans",0.521,0.9886,"IBS_before vs IBS_after"
"k__Bacteria;p__Firmicutes;c__Clostridia;o__Clostridiales;f__Lachnospiraceae;g__Coprococcus;s__",0.517,0.9886,"IBS_before vs IBS_after"
"k__Bacteria;p__Proteobacteria;c__Gammaproteobacteria;o__Pseudomonadales;f__Pseudomonadaceae;g__Pseudomonas;__",0.85,0.9886,"IBS_before vs IBS_after"
"k__Bacteria;p__Firmicutes;c__Clostridia;o__Clostridiales;f__Lachnospiraceae;g__Roseburia;s__",0.599,0.9886,"IBS_before vs IBS_after"
"k__Bacteria;p__Bacteroidetes;c__Bacteroidia;o__Bacteroidales;f__Bacteroidaceae;g__Bacteroides;s__fragilis",-0.625,0.9886,"IBS_before vs IBS_after"
"k__Bacteria;p__Bacteroidetes;c__Bacteroidia;o__Bacteroidales;f__Porphyromonadaceae;g__Parabacteroides;s__distasonis",0.465,0.9886,"IBS_before vs IBS_after"
"k__Bacteria;p__TM7;c__TM7-3;o__;f__;g__;s__",0.763,0.9886,"IBS_before vs IBS_after"
"k__Bacteria;p__Firmicutes;c__Clostridia;o__Clostridiales;f__Lachnospiraceae;g__Blautia;s__producta",-0.77,0.9886,"IBS_before vs IBS_after"
"k__Bacteria;p__Firmicutes;c__Clostridia;o__Clostridiales;f__Ruminococcaceae;g__Ruminococcus;s__",0.38,0.9886,"IBS_before vs IBS_after"
"k__Bacteria;p__Actinobacteria;c__Actinobacteria;o__Bifidobacteriales;f__Bifidobacteriaceae;g__Bifidobacterium;s__",0.425,0.9886,"IBS_before vs IBS_after"
"k__Bacteria;p__Firmicutes;c__Bacilli;o__Lactobacillales;f__Enterococcaceae;g__Enterococcus;s__",-0.714,0.9886,"IBS_before vs IBS_after"
"k__Bacteria;p__Bacteroidetes;c__Bacteroidia;o__Bacteroidales;f__Bacteroidaceae;g__Bacteroides;s__caccae",-0.695,0.9886,"IBS_before vs IBS_after"
"k__Bacteria;p__Proteobacteria;c__Alphaproteobacteria;o__Caulobacterales;f__Caulobacteraceae;g__;s__",-0.608,0.9886,"IBS_before vs IBS_after"
"k__Bacteria;p__Firmicutes;c__Bacilli;o__Lactobacillales;f__Streptococcaceae;g__Streptococcus;s__",-0.339,0.9886,"IBS_before vs IBS_after"
"k__Bacteria;p__Firmicutes;c__Clostridia;o__Clostridiales;f__Veillonellaceae;g__Phascolarctobacterium;s__",0.407,0.9886,"IBS_before vs IBS_after"
"k__Bacteria;p__Firmicutes;c__Bacilli;o__Lactobacillales;f__Carnobacteriaceae;g__Granulicatella;s__",-0.476,0.9886,"IBS_before vs IBS_after"
"k__Bacteria;p__Firmicutes;c__Bacilli;o__Lactobacillales;f__Lactobacillaceae;g__Lactobacillus;s__helveticus",-0.632,0.9886,"IBS_before vs IBS_after"
"k__Bacteria;p__Firmicutes;c__Clostridia;o__Clostridiales;f__Ruminococcaceae;g__Faecalibacterium;s__prausnitzii",0.287,0.9886,"IBS_before vs IBS_after"
"k__Bacteria;p__Firmicutes;c__Clostridia;o__Clostridiales;f__Veillonellaceae;g__Megasphaera;s__",0.458,0.9886,"IBS_before vs IBS_after"
"k__Bacteria;p__Bacteroidetes;c__Bacteroidia;o__Bacteroidales;f__Prevotellaceae;g__Prevotella;s__stercorea",-0.61,0.9886,"IBS_before vs IBS_after"
"k__Bacteria;p__Firmicutes;c__Clostridia;o__Clostridiales;f__Ruminococcaceae;g__Oscillospira;s__",-0.295,0.9886,"IBS_before vs IBS_after"
"k__Bacteria;p__Firmicutes;c__Erysipelotrichi;o__Erysipelotrichales;f__Erysipelotrichaceae;g__Holdemania;s__",0.57,0.9886,"IBS_before vs IBS_after"
"k__Bacteria;p__Actinobacteria;c__Actinobacteria;o__Bifidobacteriales;f__Bifidobacteriaceae;g__Bifidobacterium;s__bifidum",0.545,0.9886,"IBS_before vs IBS_after"
"k__Bacteria;p__Bacteroidetes;c__Bacteroidia;o__Bacteroidales;f__[Odoribacteraceae];g__Butyricimonas;s__",0.532,0.9886,"IBS_before vs IBS_after"
"k__Bacteria;p__Firmicutes;c__Clostridia;o__Clostridiales;f__Lachnospiraceae;g__Blautia;s__obeum",0.505,0.9886,"IBS_before vs IBS_after"
"k__Bacteria;p__Firmicutes;c__Clostridia;o__Clostridiales;f__Veillonellaceae;g__Dialister;s__",-0.262,0.9886,"IBS_before vs IBS_after"
"k__Bacteria;p__Firmicutes;c__Clostridia;o__Clostridiales;f__Lachnospiraceae;g__Clostridium;s__colinum",-0.467,0.9886,"IBS_before vs IBS_after"
"k__Bacteria;p__Firmicutes;c__Erysipelotrichi;o__Erysipelotrichales;f__Erysipelotrichaceae;g__[Eubacterium];s__biforme",0.475,0.9886,"IBS_before vs IBS_after"
"k__Bacteria;p__Firmicutes;c__Clostridia;o__Clostridiales;f__Lachnospiraceae;__;__",0.18,0.9886,"IBS_before vs IBS_after"
"k__Bacteria;p__Bacteroidetes;c__Bacteroidia;o__Bacteroidales;f__Rikenellaceae;g__Alistipes;s__putredinis",-0.41,0.9886,"IBS_before vs IBS_after"
"k__Bacteria;p__Firmicutes;c__Erysipelotrichi;o__Erysipelotrichales;f__Erysipelotrichaceae;g__Catenibacterium;s__",0.365,0.9886,"IBS_before vs IBS_after"
"k__Bacteria;p__Proteobacteria;c__Betaproteobacteria;o__Burkholderiales;f__Alcaligenaceae;g__Sutterella;s__",0.208,0.9886,"IBS_before vs IBS_after"
"k__Bacteria;p__Cyanobacteria;c__Chloroplast;o__Streptophyta;f__;g__;s__",-0.366,0.9886,"IBS_before vs IBS_after"
"k__Bacteria;p__Proteobacteria;c__Gammaproteobacteria;o__Pseudomonadales;f__Moraxellaceae;g__Acinetobacter;s__rhizosphaerae",0.375,0.9886,"IBS_before vs IBS_after"
"k__Bacteria;p__Bacteroidetes;c__Bacteroidia;o__Bacteroidales;f__Rikenellaceae;g__;s__",-0.311,0.9886,"IBS_before vs IBS_after"
"k__Bacteria;p__Firmicutes;c__Bacilli;o__Gemellales;f__Gemellaceae;g__;s__",-0.391,0.9886,"IBS_before vs IBS_after"
"k__Bacteria;p__Proteobacteria;c__Deltaproteobacteria;o__Desulfovibrionales;f__Desulfovibrionaceae;g__Bilophila;s__",-0.284,0.9886,"IBS_before vs IBS_after"
"k__Bacteria;p__Proteobacteria;c__Gammaproteobacteria;o__Enterobacteriales;f__Enterobacteriaceae;g__Klebsiella;__",0.295,0.9886,"IBS_before vs IBS_after"
"k__Bacteria;p__Firmicutes;c__Clostridia;o__Clostridiales;f__Clostridiaceae;g__Clostridium;s__neonatale",-0.374,0.9886,"IBS_before vs IBS_after"
"k__Bacteria;p__Bacteroidetes;c__Bacteroidia;o__Bacteroidales;f__Bacteroidaceae;g__Bacteroides;s__",-0.158,0.9886,"IBS_before vs IBS_after"
"k__Bacteria;p__Firmicutes;c__Clostridia;o__Clostridiales;f__Lachnospiraceae;g__Clostridium;s__citroniae",-0.339,0.9886,"IBS_before vs IBS_after"
"k__Bacteria;p__Firmicutes;c__Clostridia;o__Clostridiales;f__Lachnospiraceae;g__;s__",0.148,0.9886,"IBS_before vs IBS_after"
"k__Bacteria;p__Firmicutes;c__Clostridia;o__Clostridiales;f__Lachnospiraceae;g__[Ruminococcus];s__",0.202,0.9886,"IBS_before vs IBS_after"
"k__Bacteria;p__Bacteroidetes;c__Bacteroidia;o__Bacteroidales;f__[Odoribacteraceae];g__Odoribacter;s__",-0.245,0.9886,"IBS_before vs IBS_after"
"k__Bacteria;p__Firmicutes;c__Clostridia;o__Clostridiales;f__Lachnospiraceae;g__[Ruminococcus];s__torques",-0.246,0.9886,"IBS_before vs IBS_after"
"k__Bacteria;p__Actinobacteria;c__Actinobacteria;o__Actinomycetales;f__Actinomycetaceae;g__Actinomyces;s__",0.143,0.9886,"IBS_before vs IBS_after"
"k__Bacteria;p__Firmicutes;c__Bacilli;o__Lactobacillales;f__Streptococcaceae;g__Streptococcus;__",-0.228,0.9886,"IBS_before vs IBS_after"
"k__Bacteria;p__Proteobacteria;c__Deltaproteobacteria;o__Desulfovibrionales;f__Desulfovibrionaceae;g__Desulfovibrio;s__C21_c20",-0.237,0.9886,"IBS_before vs IBS_after"
"k__Bacteria;p__Proteobacteria;c__Deltaproteobacteria;o__Desulfovibrionales;f__Desulfovibrionaceae;g__Desulfovibrio;s__",0.216,0.9886,"IBS_before vs IBS_after"
"k__Bacteria;p__Firmicutes;c__Clostridia;o__Clostridiales;f__;g__;s__",-0.144,0.9886,"IBS_before vs IBS_after"
"k__Bacteria;p__Proteobacteria;c__Gammaproteobacteria;o__Pseudomonadales;f__Pseudomonadaceae;g__Pseudomonas;s__viridiflava",-0.166,0.9886,"IBS_before vs IBS_after"
"k__Bacteria;p__Bacteroidetes;c__Bacteroidia;o__Bacteroidales;f__Prevotellaceae;g__Prevotella;s__copri",-0.165,0.9886,"IBS_before vs IBS_after"
"k__Bacteria;p__Bacteroidetes;c__Bacteroidia;o__Bacteroidales;f__Bacteroidaceae;g__Bacteroides;s__plebeius",-0.161,0.9886,"IBS_before vs IBS_after"
"k__Bacteria;p__Firmicutes;c__Clostridia;o__Clostridiales;f__Lachnospiraceae;g__Lachnospira;s__",-0.13,0.9886,"IBS_before vs IBS_after"
"k__Bacteria;p__Bacteroidetes;c__Bacteroidia;o__Bacteroidales;f__S24-7;g__;s__",-0.154,0.9886,"IBS_before vs IBS_after"
"k__Bacteria;p__Firmicutes;c__Bacilli;o__Lactobacillales;f__Lactobacillaceae;g__Lactobacillus;__",-0.179,0.9886,"IBS_before vs IBS_after"
"k__Bacteria;p__Firmicutes;c__Bacilli;o__Gemellales;f__Gemellaceae;__;__",0.218,0.9886,"IBS_before vs IBS_after"
"k__Bacteria;p__Proteobacteria;c__Alphaproteobacteria;o__Sphingomonadales;f__Sphingomonadaceae;g__Sphingomonas;s__yabuuchiae",0.16,0.9886,"IBS_before vs IBS_after"
"k__Bacteria;p__Actinobacteria;c__Coriobacteriia;o__Coriobacteriales;f__Coriobacteriaceae;g__Eggerthella;s__lenta",-0.157,0.9886,"IBS_before vs IBS_after"
"k__Bacteria;p__Proteobacteria;c__Gammaproteobacteria;o__Pasteurellales;f__Pasteurellaceae;g__Haemophilus;s__parainfluenzae",0.11,0.9886,"IBS_before vs IBS_after"
"k__Bacteria;p__Firmicutes;c__Clostridia;o__Clostridiales;f__Veillonellaceae;g__Veillonella;s__parvula",-0.139,0.9886,"IBS_before vs IBS_after"
"k__Bacteria;p__Firmicutes;c__Clostridia;o__Clostridiales;f__Ruminococcaceae;g__;s__",-0.069,0.9886,"IBS_before vs IBS_after"
"k__Bacteria;p__Firmicutes;c__Clostridia;o__Clostridiales;f__Lachnospiraceae;g__Anaerostipes;s__",-0.1,0.9886,"IBS_before vs IBS_after"
"k__Bacteria;p__Proteobacteria;c__Betaproteobacteria;o__Burkholderiales;f__Comamonadaceae;g__Hydrogenophaga;s__palleronii",-0.081,0.9886,"IBS_before vs IBS_after"
"k__Bacteria;p__Firmicutes;c__Erysipelotrichi;o__Erysipelotrichales;f__Erysipelotrichaceae;g__Bulleidia;s__moorei",-0.105,0.9886,"IBS_before vs IBS_after"
"k__Bacteria;p__Proteobacteria;c__Betaproteobacteria;o__Burkholderiales;f__Comamonadaceae;g__Hydrogenophaga;__",0.105,0.9886,"IBS_before vs IBS_after"
"k__Bacteria;p__Firmicutes;c__Bacilli;o__Lactobacillales;f__Leuconostocaceae;g__Weissella;__",0.074,0.9886,"IBS_before vs IBS_after"
"k__Bacteria;p__Firmicutes;c__Clostridia;o__Clostridiales;f__Clostridiaceae;g__Clostridium;s__",0.044,0.9886,"IBS_before vs IBS_after"
"k__Bacteria;p__Actinobacteria;c__Actinobacteria;o__Bifidobacteriales;f__Bifidobacteriaceae;g__Bifidobacterium;s__breve",0.077,0.9886,"IBS_before vs IBS_after"
"k__Bacteria;p__Bacteroidetes;c__Bacteroidia;o__Bacteroidales;f__Prevotellaceae;g__Prevotella;s__",0.217,0.9886,"IBS_before vs IBS_after"
"k__Bacteria;p__Bacteroidetes;c__Bacteroidia;o__Bacteroidales;f__Porphyromonadaceae;g__Parabacteroides;s__",-0.052,0.9886,"IBS_before vs IBS_after"
"k__Bacteria;p__Actinobacteria;c__Coriobacteriia;o__Coriobacteriales;f__Coriobacteriaceae;g__Atopobium;s__",0.072,0.9886,"IBS_before vs IBS_after"
"k__Bacteria;p__Firmicutes;c__Clostridia;o__Clostridiales;f__Christensenellaceae;g__;s__",-0.033,0.9886,"IBS_before vs IBS_after"
"k__Bacteria;p__Firmicutes;c__Clostridia;o__Clostridiales;f__Ruminococcaceae;__;__",0.017,0.9886,"IBS_before vs IBS_after"
"k__Bacteria;p__Firmicutes;c__Erysipelotrichi;o__Erysipelotrichales;f__Erysipelotrichaceae;g__Clostridium;s__ramosum",0.001,1,"IBS_before vs IBS_after"
"k__Bacteria;p__Firmicutes;c__Clostridia;o__Clostridiales;f__Clostridiaceae;g__SMB53;s__",6.537,0.02086,"UC_before vs UC_after"
"k__Bacteria;p__Actinobacteria;c__Actinobacteria;o__Bifidobacteriales;f__Bifidobacteriaceae;__;__",5.157,0.02086,"UC_before vs UC_after"
"k__Bacteria;p__Firmicutes;c__Bacilli;o__Lactobacillales;f__Enterococcaceae;g__Enterococcus;s__",-4.574,0.02086,"UC_before vs UC_after"
"k__Bacteria;p__Fusobacteria;c__Fusobacteriia;o__Fusobacteriales;f__Fusobacteriaceae;g__Fusobacterium;s__",-6.255,0.03395,"UC_before vs UC_after"
"k__Bacteria;p__Firmicutes;c__Clostridia;o__Clostridiales;f__Lachnospiraceae;g__Coprococcus;s__eutactus",-6.174,0.03395,"UC_before vs UC_after"
"k__Bacteria;p__Bacteroidetes;c__Bacteroidia;o__Bacteroidales;f__[Paraprevotellaceae];g__CF231;s__",-4.602,0.06766,"UC_before vs UC_after"
"k__Bacteria;p__Actinobacteria;c__Actinobacteria;o__Bifidobacteriales;f__Bifidobacteriaceae;g__Bifidobacterium;s__",2.301,0.1239,"UC_before vs UC_after"
"k__Bacteria;p__Firmicutes;c__Clostridia;o__Clostridiales;f__Peptostreptococcaceae;g__;s__",-4.485,0.2349,"UC_before vs UC_after"
"k__Bacteria;p__Bacteroidetes;c__Bacteroidia;o__Bacteroidales;f__[Paraprevotellaceae];g__Paraprevotella;s__",-3.276,0.3546,"UC_before vs UC_after"
"k__Bacteria;p__Actinobacteria;c__Actinobacteria;o__Bifidobacteriales;f__Bifidobacteriaceae;g__Bifidobacterium;s__animalis",3.961,0.359,"UC_before vs UC_after"
"k__Bacteria;p__Firmicutes;c__Clostridia;o__Clostridiales;f__Veillonellaceae;g__Veillonella;s__dispar",-2.517,0.3673,"UC_before vs UC_after"
"k__Bacteria;p__TM7;c__TM7-3;o__;f__;g__;s__",2.595,0.9944,"UC_before vs UC_after"
"k__Bacteria;p__Actinobacteria;c__Actinobacteria;o__Bifidobacteriales;f__Bifidobacteriaceae;g__Bifidobacterium;s__longum",1.302,0.9944,"UC_before vs UC_after"
"k__Bacteria;p__Firmicutes;c__Clostridia;o__Clostridiales;f__Lachnospiraceae;g__Lachnospira;s__",-1.845,0.9944,"UC_before vs UC_after"
"k__Bacteria;p__Firmicutes;c__Clostridia;o__Clostridiales;f__Ruminococcaceae;g__Ruminococcus;s__bromii",2.031,0.9944,"UC_before vs UC_after"
"k__Bacteria;p__Firmicutes;c__Clostridia;o__Clostridiales;f__Veillonellaceae;g__Veillonella;s__parvula",-2.34,0.9944,"UC_before vs UC_after"
"k__Bacteria;p__Firmicutes;c__Clostridia;o__Clostridiales;f__Lachnospiraceae;g__Clostridium;s__colinum",2.487,0.9944,"UC_before vs UC_after"
"k__Bacteria;p__Proteobacteria;c__Deltaproteobacteria;o__Desulfovibrionales;f__Desulfovibrionaceae;g__;s__",-2.073,0.9944,"UC_before vs UC_after"
"k__Bacteria;p__Bacteroidetes;c__Bacteroidia;o__Bacteroidales;f__Rikenellaceae;__;__",-2.217,0.9944,"UC_before vs UC_after"
"k__Bacteria;p__Bacteroidetes;c__Bacteroidia;o__Bacteroidales;f__Bacteroidaceae;g__Bacteroides;s__fragilis",-1.646,0.9944,"UC_before vs UC_after"
"k__Bacteria;p__Proteobacteria;c__Betaproteobacteria;o__Burkholderiales;f__Comamonadaceae;g__Hydrogenophaga;__",2.157,0.9944,"UC_before vs UC_after"
"k__Bacteria;p__Bacteroidetes;c__Bacteroidia;o__Bacteroidales;f__Porphyromonadaceae;g__Parabacteroides;s__",2.08,0.9944,"UC_before vs UC_after"
"k__Bacteria;p__Bacteroidetes;c__Bacteroidia;o__Bacteroidales;f__Bacteroidaceae;g__Bacteroides;s__caccae",-2.089,0.9944,"UC_before vs UC_after"
"k__Bacteria;p__Firmicutes;c__Bacilli;o__Lactobacillales;f__Aerococcaceae;g__Abiotrophia;s__",2.085,0.9944,"UC_before vs UC_after"
"k__Bacteria;p__Cyanobacteria;c__Chloroplast;o__Streptophyta;f__;g__;s__",2.132,0.9944,"UC_before vs UC_after"
"k__Bacteria;p__Firmicutes;c__Clostridia;o__Clostridiales;f__Lachnospiraceae;g__Roseburia;s__",-1.546,0.9944,"UC_before vs UC_after"
"k__Bacteria;p__Firmicutes;c__Bacilli;o__Lactobacillales;f__Lactobacillaceae;g__Lactobacillus;s__reuteri",1.911,0.9944,"UC_before vs UC_after"
"k__Bacteria;p__Proteobacteria;c__Gammaproteobacteria;o__Enterobacteriales;f__Enterobacteriaceae;g__Klebsiella;__",1.834,0.9944,"UC_before vs UC_after"
"k__Bacteria;p__Bacteroidetes;c__Bacteroidia;o__Bacteroidales;f__Prevotellaceae;g__Prevotella;s__",-1.793,0.9944,"UC_before vs UC_after"
"k__Bacteria;p__Firmicutes;c__Clostridia;o__Clostridiales;f__Christensenellaceae;g__;s__",-1.939,0.9944,"UC_before vs UC_after"
"k__Bacteria;p__Firmicutes;c__Clostridia;o__Clostridiales;f__Ruminococcaceae;g__Butyricicoccus;s__pullicaecorum",-1.666,0.9944,"UC_before vs UC_after"
"k__Bacteria;p__Firmicutes;c__Bacilli;o__Turicibacterales;f__Turicibacteraceae;g__Turicibacter;s__",1.671,0.9944,"UC_before vs UC_after"
"k__Bacteria;p__Firmicutes;c__Clostridia;o__Clostridiales;f__Veillonellaceae;g__Megasphaera;s__",-1.328,0.9944,"UC_before vs UC_after"
"k__Bacteria;p__Firmicutes;c__Bacilli;o__Lactobacillales;f__Streptococcaceae;g__Streptococcus;__",-1.318,0.9944,"UC_before vs UC_after"
"k__Bacteria;p__Actinobacteria;c__Actinobacteria;o__Bifidobacteriales;f__Bifidobacteriaceae;g__Bifidobacterium;__",1.199,0.9944,"UC_before vs UC_after"
"k__Bacteria;p__Bacteroidetes;c__[Saprospirae];o__[Saprospirales];f__Chitinophagaceae;g__;s__",-1.608,0.9944,"UC_before vs UC_after"
"k__Bacteria;p__Firmicutes;c__Clostridia;o__Clostridiales;f__Veillonellaceae;g__Dialister;s__",-0.897,0.9944,"UC_before vs UC_after"
"k__Bacteria;p__Firmicutes;c__Erysipelotrichi;o__Erysipelotrichales;f__Erysipelotrichaceae;g__;s__",0.918,0.9944,"UC_before vs UC_after"
"k__Bacteria;p__Firmicutes;c__Bacilli;o__Lactobacillales;f__Leuconostocaceae;g__Weissella;__",1.363,0.9944,"UC_before vs UC_after"
"k__Bacteria;p__Firmicutes;c__Bacilli;o__Gemellales;f__Gemellaceae;__;__",-1.6,0.9944,"UC_before vs UC_after"
"k__Bacteria;p__Firmicutes;c__Clostridia;o__Clostridiales;f__Veillonellaceae;g__Megamonas;s__",1.042,0.9944,"UC_before vs UC_after"
"k__Bacteria;p__Actinobacteria;c__Actinobacteria;o__Bifidobacteriales;f__Bifidobacteriaceae;g__Bifidobacterium;s__adolescentis",0.973,0.9944,"UC_before vs UC_after"
"k__Bacteria;p__Bacteroidetes;c__Bacteroidia;o__Bacteroidales;f__Rikenellaceae;g__Alistipes;s__putredinis",-1.613,0.9944,"UC_before vs UC_after"
"k__Bacteria;p__Firmicutes;c__Clostridia;o__Clostridiales;f__Lachnospiraceae;g__[Ruminococcus];s__torques",1.683,0.9944,"UC_before vs UC_after"
"k__Bacteria;p__Actinobacteria;c__Actinobacteria;o__Actinomycetales;f__Micrococcaceae;g__Rothia;s__mucilaginosa",-0.933,0.9944,"UC_before vs UC_after"
"k__Bacteria;p__Firmicutes;c__Clostridia;o__Clostridiales;f__Veillonellaceae;g__Phascolarctobacterium;s__",1.163,0.9944,"UC_before vs UC_after"
"k__Bacteria;p__Firmicutes;c__Bacilli;o__Lactobacillales;f__Lactobacillaceae;g__Lactobacillus;__",-1.116,0.9944,"UC_before vs UC_after"
"k__Bacteria;p__Firmicutes;c__Bacilli;o__Lactobacillales;f__Lactobacillaceae;g__Lactobacillus;s__salivarius",-1.461,0.9944,"UC_before vs UC_after"
"k__Bacteria;p__Firmicutes;c__Bacilli;o__Lactobacillales;f__Lactobacillaceae;g__Lactobacillus;s__mucosae",1.188,0.9944,"UC_before vs UC_after"
"k__Bacteria;p__Firmicutes;c__Clostridia;o__Clostridiales;f__Veillonellaceae;g__Veillonella;s__",-1.313,0.9944,"UC_before vs UC_after"
"k__Bacteria;p__Proteobacteria;c__Betaproteobacteria;o__Burkholderiales;f__Comamonadaceae;g__Hydrogenophaga;s__palleronii",1.184,0.9944,"UC_before vs UC_after"
"k__Bacteria;p__Firmicutes;c__Clostridia;o__Clostridiales;f__Ruminococcaceae;g__Ruminococcus;s__callidus",-1.415,0.9944,"UC_before vs UC_after"
"k__Bacteria;p__Actinobacteria;c__Actinobacteria;o__Actinomycetales;f__Actinomycetaceae;g__Actinomyces;s__",0.671,0.9944,"UC_before vs UC_after"
"k__Bacteria;p__Firmicutes;c__Bacilli;o__Lactobacillales;f__Lactobacillaceae;g__Lactobacillus;s__",-0.645,0.9944,"UC_before vs UC_after"
"k__Bacteria;p__Firmicutes;c__Clostridia;o__Clostridiales;f__Clostridiaceae;g__;s__",-1.125,0.9944,"UC_before vs UC_after"
"k__Bacteria;p__Firmicutes;c__Erysipelotrichi;o__Erysipelotrichales;f__Erysipelotrichaceae;g__Catenibacterium;s__",1.277,0.9944,"UC_before vs UC_after"
"k__Bacteria;p__Proteobacteria;c__Deltaproteobacteria;o__Desulfovibrionales;f__Desulfovibrionaceae;g__Desulfovibrio;s__D168",1.346,0.9944,"UC_before vs UC_after"
"k__Bacteria;p__Firmicutes;c__Clostridia;o__Clostridiales;f__Lachnospiraceae;g__Dorea;s__",-0.707,0.9944,"UC_before vs UC_after"
"k__Bacteria;p__Firmicutes;c__Clostridia;o__Clostridiales;f__Ruminococcaceae;g__;s__",0.716,0.9944,"UC_before vs UC_after"
"k__Bacteria;p__Firmicutes;c__Clostridia;o__Clostridiales;f__Ruminococcaceae;g__Oscillospira;s__",-0.616,0.9944,"UC_before vs UC_after"
"k__Bacteria;p__Actinobacteria;c__Coriobacteriia;o__Coriobacteriales;f__Coriobacteriaceae;g__Atopobium;s__",-0.997,0.9944,"UC_before vs UC_after"
"k__Bacteria;p__Bacteroidetes;c__Bacteroidia;o__Bacteroidales;f__Bacteroidaceae;g__Bacteroides;s__uniformis",-0.703,0.9944,"UC_before vs UC_after"
"k__Bacteria;p__Bacteroidetes;c__Bacteroidia;o__Bacteroidales;f__Prevotellaceae;g__Prevotella;s__copri",-0.837,0.9944,"UC_before vs UC_after"
"k__Bacteria;p__Proteobacteria;c__Deltaproteobacteria;o__Desulfovibrionales;f__Desulfovibrionaceae;g__Desulfovibrio;s__C21_c20",-0.933,0.9944,"UC_before vs UC_after"
"k__Bacteria;p__Bacteroidetes;c__Bacteroidia;o__Bacteroidales;f__[Odoribacteraceae];g__Butyricimonas;s__",-1.008,0.9944,"UC_before vs UC_after"
"k__Bacteria;p__Actinobacteria;c__Actinobacteria;o__Bifidobacteriales;f__Bifidobacteriaceae;g__Bifidobacterium;s__bifidum",0.874,0.9944,"UC_before vs UC_after"
"k__Bacteria;p__Proteobacteria;c__Deltaproteobacteria;o__Desulfovibrionales;f__Desulfovibrionaceae;g__Bilophila;s__",-0.948,0.9944,"UC_before vs UC_after"
"k__Bacteria;p__Firmicutes;c__Clostridia;o__Clostridiales;f__Lachnospiraceae;g__Roseburia;__",-0.529,0.9944,"UC_before vs UC_after"
"k__Bacteria;p__Firmicutes;c__Clostridia;o__Clostridiales;__;__;__",0.454,0.9944,"UC_before vs UC_after"
"k__Bacteria;p__Proteobacteria;c__Betaproteobacteria;o__Burkholderiales;f__Alcaligenaceae;g__Sutterella;s__",-0.515,0.9944,"UC_before vs UC_after"
"k__Bacteria;p__Firmicutes;c__Erysipelotrichi;o__Erysipelotrichales;f__Erysipelotrichaceae;g__Clostridium;s__ramosum",0.696,0.9944,"UC_before vs UC_after"
"k__Bacteria;p__Firmicutes;c__Erysipelotrichi;o__Erysipelotrichales;f__Erysipelotrichaceae;g__Holdemania;s__",0.923,0.9944,"UC_before vs UC_after"
"k__Bacteria;p__Firmicutes;c__Clostridia;o__Clostridiales;f__Peptostreptococcaceae;__;__",0.844,0.9944,"UC_before vs UC_after"
"k__Bacteria;p__Firmicutes;c__Clostridia;o__Clostridiales;f__Lachnospiraceae;g__;s__",-0.522,0.9944,"UC_before vs UC_after"
"k__Bacteria;p__Firmicutes;c__Clostridia;o__Clostridiales;f__Ruminococcaceae;g__Ruminococcus;__",0.812,0.9944,"UC_before vs UC_after"
"k__Bacteria;p__Firmicutes;c__Clostridia;o__Clostridiales;f__Clostridiaceae;g__Clostridium;s__neonatale",-0.789,0.9944,"UC_before vs UC_after"
"k__Bacteria;p__Firmicutes;c__Clostridia;o__Clostridiales;f__Lachnospiraceae;g__Blautia;s__obeum",0.695,0.9944,"UC_before vs UC_after"
"k__Bacteria;p__Bacteroidetes;c__Bacteroidia;o__Bacteroidales;f__Porphyromonadaceae;g__Parabacteroides;s__distasonis",-0.492,0.9944,"UC_before vs UC_after"
"k__Bacteria;p__Firmicutes;c__Erysipelotrichi;o__Erysipelotrichales;f__Erysipelotrichaceae;g__[Eubacterium];s__biforme",0.762,0.9944,"UC_before vs UC_after"
"k__Bacteria;p__Bacteroidetes;c__Bacteroidia;o__Bacteroidales;__;__;__",-0.729,0.9944,"UC_before vs UC_after"
"k__Bacteria;p__Firmicutes;c__Bacilli;o__Lactobacillales;__;__;__",-0.678,0.9944,"UC_before vs UC_after"
"k__Bacteria;p__Firmicutes;c__Clostridia;o__Clostridiales;f__Lachnospiraceae;g__[Ruminococcus];s__",0.509,0.9944,"UC_before vs UC_after"
"k__Bacteria;p__Proteobacteria;c__Gammaproteobacteria;o__Pasteurellales;f__Pasteurellaceae;__;__",0.725,0.9944,"UC_before vs UC_after"
"k__Bacteria;p__Bacteroidetes;c__Bacteroidia;o__Bacteroidales;f__Bacteroidaceae;g__Bacteroides;__",-0.485,0.9944,"UC_before vs UC_after"
"k__Bacteria;p__Proteobacteria;c__Gammaproteobacteria;o__Pseudomonadales;f__Moraxellaceae;g__Acinetobacter;s__rhizosphaerae",-0.646,0.9944,"UC_before vs UC_after"
"k__Bacteria;p__Firmicutes;c__Clostridia;o__Clostridiales;f__Veillonellaceae;g__Veillonella;__",-0.574,0.9944,"UC_before vs UC_after"
"k__Bacteria;p__Firmicutes;c__Clostridia;o__Clostridiales;f__;g__;s__",-0.483,0.9944,"UC_before vs UC_after"
"k__Bacteria;p__Firmicutes;c__Clostridia;o__Clostridiales;f__Lachnospiraceae;g__Blautia;s__",0.324,0.9944,"UC_before vs UC_after"
"k__Bacteria;p__Firmicutes;c__Clostridia;o__Clostridiales;f__Lachnospiraceae;g__Clostridium;s__citroniae",0.664,0.9944,"UC_before vs UC_after"
"k__Bacteria;p__Firmicutes;c__Clostridia;o__Clostridiales;f__[Mogibacteriaceae];g__;s__",0.584,0.9944,"UC_before vs UC_after"
"k__Bacteria;p__Proteobacteria;c__Gammaproteobacteria;o__Enterobacteriales;f__Enterobacteriaceae;__;__",0.291,0.9944,"UC_before vs UC_after"
"k__Bacteria;p__Firmicutes;c__Clostridia;o__Clostridiales;f__Ruminococcaceae;__;__",0.387,0.9944,"UC_before vs UC_after"
"k__Bacteria;p__Actinobacteria;c__Actinobacteria;o__Bifidobacteriales;f__Bifidobacteriaceae;g__Bifidobacterium;s__breve",0.495,0.9944,"UC_before vs UC_after"
"k__Bacteria;p__Bacteroidetes;c__Bacteroidia;o__Bacteroidales;f__Bacteroidaceae;g__Bacteroides;s__",-0.28,0.9944,"UC_before vs UC_after"
"k__Bacteria;p__Firmicutes;c__Erysipelotrichi;o__Erysipelotrichales;f__Erysipelotrichaceae;g__[Eubacterium];s__dolichum",-0.579,0.9944,"UC_before vs UC_after"
"k__Bacteria;p__Verrucomicrobia;c__Verrucomicrobiae;o__Verrucomicrobiales;f__Verrucomicrobiaceae;g__Akkermansia;s__muciniphila",-0.4,0.9944,"UC_before vs UC_after"
"k__Bacteria;p__Firmicutes;c__Clostridia;o__Clostridiales;f__Lachnospiraceae;g__Dorea;s__longicatena",0.483,0.9944,"UC_before vs UC_after"
"k__Bacteria;__;__;__;__;__;__",0.424,0.9944,"UC_before vs UC_after"
"k__Bacteria;p__Firmicutes;c__Clostridia;o__Clostridiales;f__Ruminococcaceae;g__Faecalibacterium;s__prausnitzii",0.273,0.9944,"UC_before vs UC_after"
"k__Bacteria;p__Firmicutes;c__Clostridia;o__Clostridiales;f__Clostridiaceae;g__Clostridium;__",0.499,0.9944,"UC_before vs UC_after"
"k__Bacteria;p__Bacteroidetes;c__Bacteroidia;o__Bacteroidales;f__Bacteroidaceae;g__Bacteroides;s__plebeius",0.467,0.9944,"UC_before vs UC_after"
"k__Bacteria;p__Proteobacteria;c__Alphaproteobacteria;o__Caulobacterales;f__Caulobacteraceae;g__Brevundimonas;__",-0.449,0.9944,"UC_before vs UC_after"
"k__Bacteria;p__Proteobacteria;c__Deltaproteobacteria;o__Desulfovibrionales;f__Desulfovibrionaceae;g__Desulfovibrio;s__",-0.373,0.9944,"UC_before vs UC_after"
"k__Bacteria;p__Firmicutes;c__Clostridia;o__Clostridiales;f__Ruminococcaceae;g__Ruminococcus;s__",0.248,0.9944,"UC_before vs UC_after"
"k__Bacteria;p__Bacteroidetes;c__Bacteroidia;o__Bacteroidales;f__Prevotellaceae;g__Prevotella;s__stercorea",-0.501,0.9944,"UC_before vs UC_after"
"k__Bacteria;p__Firmicutes;c__Clostridia;o__Clostridiales;f__Lachnospiraceae;g__Anaerostipes;s__",-0.325,0.9944,"UC_before vs UC_after"
"k__Bacteria;p__Firmicutes;c__Bacilli;o__Lactobacillales;f__Carnobacteriaceae;g__Granulicatella;s__",-0.263,0.9944,"UC_before vs UC_after"
"k__Bacteria;p__Firmicutes;c__Bacilli;o__Lactobacillales;f__Streptococcaceae;g__Streptococcus;s__",-0.162,0.9944,"UC_before vs UC_after"
"k__Bacteria;p__Firmicutes;c__Clostridia;o__Clostridiales;f__Ruminococcaceae;g__Faecalibacterium;__",-0.298,0.9944,"UC_before vs UC_after"
"k__Bacteria;p__Firmicutes;c__Clostridia;o__Clostridiales;f__Veillonellaceae;__;__",-0.369,0.9944,"UC_before vs UC_after"
"k__Bacteria;p__Bacteroidetes;c__Bacteroidia;o__Bacteroidales;f__[Odoribacteraceae];g__Odoribacter;s__",0.299,0.9944,"UC_before vs UC_after"
"k__Bacteria;p__Firmicutes;c__Erysipelotrichi;o__Erysipelotrichales;f__Erysipelotrichaceae;g__Clostridium;s__spiroforme",-0.301,0.9944,"UC_before vs UC_after"
"k__Bacteria;p__Firmicutes;c__Bacilli;o__Lactobacillales;f__Lactobacillaceae;g__Lactobacillus;s__zeae",0.28,0.9944,"UC_before vs UC_after"
"k__Bacteria;p__Actinobacteria;c__Coriobacteriia;o__Coriobacteriales;f__Coriobacteriaceae;g__Collinsella;s__aerofaciens",-0.168,0.9944,"UC_before vs UC_after"
"k__Bacteria;p__Actinobacteria;c__Coriobacteriia;o__Coriobacteriales;f__Coriobacteriaceae;g__;s__",0.211,0.9944,"UC_before vs UC_after"
"k__Bacteria;p__Proteobacteria;c__Alphaproteobacteria;o__Caulobacterales;f__Caulobacteraceae;g__;s__",-0.211,0.9944,"UC_before vs UC_after"
"k__Bacteria;p__Proteobacteria;c__Alphaproteobacteria;o__Sphingomonadales;f__Sphingomonadaceae;g__Sphingomonas;s__yabuuchiae",0.169,0.9944,"UC_before vs UC_after"
"k__Bacteria;p__Firmicutes;c__Clostridia;o__Clostridiales;f__Lachnospiraceae;g__Blautia;s__producta",-0.151,0.9944,"UC_before vs UC_after"
"k__Bacteria;p__Actinobacteria;c__Coriobacteriia;o__Coriobacteriales;f__Coriobacteriaceae;g__Eggerthella;s__lenta",-0.17,0.9944,"UC_before vs UC_after"
"k__Bacteria;p__Proteobacteria;c__Gammaproteobacteria;o__Pseudomonadales;f__Pseudomonadaceae;g__Pseudomonas;s__viridiflava",0.121,0.9944,"UC_before vs UC_after"
"k__Bacteria;p__Firmicutes;c__Clostridia;o__Clostridiales;f__Ruminococcaceae;g__Gemmiger;s__formicilis",0.127,0.9944,"UC_before vs UC_after"
"k__Bacteria;p__Bacteroidetes;c__Bacteroidia;o__Bacteroidales;f__Bacteroidaceae;g__Bacteroides;s__ovatus",-0.12,0.9944,"UC_before vs UC_after"
"k__Bacteria;p__Proteobacteria;c__Gammaproteobacteria;o__Pseudomonadales;f__Pseudomonadaceae;g__Pseudomonas;__",-0.18,0.9944,"UC_before vs UC_after"
"k__Bacteria;p__Firmicutes;c__Clostridia;o__Clostridiales;f__Lachnospiraceae;g__[Ruminococcus];s__gnavus",0.085,0.9944,"UC_before vs UC_after"
"k__Bacteria;p__Firmicutes;c__Clostridia;o__Clostridiales;f__Lachnospiraceae;__;__",0.069,0.9944,"UC_before vs UC_after"
"k__Bacteria;p__Bacteroidetes;c__Bacteroidia;o__Bacteroidales;f__Rikenellaceae;g__;s__",0.136,0.9944,"UC_before vs UC_after"
"k__Bacteria;p__Firmicutes;c__Clostridia;o__Clostridiales;f__Lachnospiraceae;g__Dorea;s__formicigenerans",-0.077,0.9944,"UC_before vs UC_after"
"k__Bacteria;p__Proteobacteria;c__Alphaproteobacteria;o__Caulobacterales;f__Caulobacteraceae;g__Caulobacter;s__",-0.089,0.9944,"UC_before vs UC_after"
"k__Bacteria;p__Firmicutes;c__Erysipelotrichi;o__Erysipelotrichales;f__Erysipelotrichaceae;g__Bulleidia;s__moorei",-0.08,0.9944,"UC_before vs UC_after"
"k__Bacteria;p__Proteobacteria;c__Gammaproteobacteria;o__Pasteurellales;f__Pasteurellaceae;g__Haemophilus;s__parainfluenzae",-0.053,0.9944,"UC_before vs UC_after"
"k__Bacteria;p__Firmicutes;c__Clostridia;o__Clostridiales;f__Clostridiaceae;g__Clostridium;s__",0.038,0.9944,"UC_before vs UC_after"
"k__Bacteria;p__Firmicutes;c__Clostridia;o__Clostridiales;f__Lachnospiraceae;g__Coprococcus;s__",-0.023,0.9944,"UC_before vs UC_after"
"k__Bacteria;p__Firmicutes;c__Clostridia;o__Clostridiales;f__Lachnospiraceae;g__Coprococcus;s__catus",0.036,0.9944,"UC_before vs UC_after"
"k__Bacteria;p__Bacteroidetes;c__Bacteroidia;o__Bacteroidales;f__S24-7;g__;s__",-0.044,0.9944,"UC_before vs UC_after"
"k__Bacteria;p__Firmicutes;c__Bacilli;o__Lactobacillales;f__Lactobacillaceae;g__Lactobacillus;s__helveticus",-0.012,0.9944,"UC_before vs UC_after"
"k__Bacteria;p__Firmicutes;c__Bacilli;o__Gemellales;f__Gemellaceae;g__;s__",-0.02,0.9944,"UC_before vs UC_after"
"k__Bacteria;p__Firmicutes;c__Bacilli;o__Lactobacillales;f__Lactobacillaceae;g__Lactobacillus;s__mucosae",6.994,0.01124,"IBS_before vs UC_before"
"k__Bacteria;p__Firmicutes;c__Bacilli;o__Lactobacillales;f__Enterococcaceae;g__Enterococcus;s__",4.454,0.01291,"IBS_before vs UC_before"
"k__Bacteria;p__Firmicutes;c__Bacilli;o__Lactobacillales;f__Lactobacillaceae;g__Lactobacillus;s__zeae",5.414,0.04222,"IBS_before vs UC_before"
"k__Bacteria;p__Bacteroidetes;c__Bacteroidia;o__Bacteroidales;f__Prevotellaceae;g__Prevotella;s__",5.134,0.04222,"IBS_before vs UC_before"
"k__Bacteria;p__Firmicutes;c__Clostridia;o__Clostridiales;f__Clostridiaceae;g__SMB53;s__",-5.529,0.04222,"IBS_before vs UC_before"
"k__Bacteria;p__Bacteroidetes;c__Bacteroidia;o__Bacteroidales;f__Prevotellaceae;g__Prevotella;s__stercorea",-5.572,0.06195,"IBS_before vs UC_before"
"k__Bacteria;p__Bacteroidetes;c__Bacteroidia;o__Bacteroidales;f__[Paraprevotellaceae];g__Paraprevotella;s__",-5.058,0.06993,"IBS_before vs UC_before"
"k__Bacteria;p__Firmicutes;c__Bacilli;o__Lactobacillales;f__Lactobacillaceae;g__Lactobacillus;s__helveticus",3.866,0.06993,"IBS_before vs UC_before"
"k__Bacteria;p__Proteobacteria;c__Deltaproteobacteria;o__Desulfovibrionales;f__Desulfovibrionaceae;g__Desulfovibrio;s__D168",-5.086,0.08744,"IBS_before vs UC_before"
"k__Bacteria;p__Firmicutes;c__Bacilli;o__Lactobacillales;f__Lactobacillaceae;g__Lactobacillus;s__",2.234,0.1373,"IBS_before vs UC_before"
"k__Bacteria;p__Firmicutes;c__Bacilli;o__Lactobacillales;f__Lactobacillaceae;g__Lactobacillus;__",2.932,0.1413,"IBS_before vs UC_before"
"k__Bacteria;p__Bacteroidetes;c__Bacteroidia;o__Bacteroidales;f__Prevotellaceae;g__Prevotella;s__copri",-2.335,0.4743,"IBS_before vs UC_before"
"k__Bacteria;p__Firmicutes;c__Clostridia;o__Clostridiales;f__Lachnospiraceae;g__Roseburia;s__",2.151,0.4743,"IBS_before vs UC_before"
"k__Bacteria;p__Firmicutes;c__Clostridia;o__Clostridiales;f__Lachnospiraceae;g__[Ruminococcus];s__torques",-3.351,0.4743,"IBS_before vs UC_before"
"k__Bacteria;p__Bacteroidetes;c__Bacteroidia;o__Bacteroidales;__;__;__",2.196,0.4743,"IBS_before vs UC_before"
"k__Bacteria;p__Firmicutes;c__Bacilli;o__Lactobacillales;f__Lactobacillaceae;g__Lactobacillus;s__salivarius",2.966,0.5223,"IBS_before vs UC_before"
"k__Bacteria;p__Firmicutes;c__Clostridia;o__Clostridiales;f__Veillonellaceae;g__Veillonella;s__",2.448,0.5223,"IBS_before vs UC_before"
"k__Bacteria;p__Firmicutes;c__Bacilli;o__Lactobacillales;f__Lactobacillaceae;g__Lactobacillus;s__reuteri",2.869,0.5223,"IBS_before vs UC_before"
"k__Bacteria;p__Firmicutes;c__Clostridia;o__Clostridiales;f__Ruminococcaceae;g__;s__",-1.727,0.5492,"IBS_before vs UC_before"
"k__Bacteria;p__Firmicutes;c__Erysipelotrichi;o__Erysipelotrichales;f__Erysipelotrichaceae;g__Clostridium;s__spiroforme",2.72,0.5492,"IBS_before vs UC_before"
"k__Bacteria;p__Firmicutes;c__Erysipelotrichi;o__Erysipelotrichales;f__Erysipelotrichaceae;g__Catenibacterium;s__",-2.752,0.5492,"IBS_before vs UC_before"
"k__Bacteria;p__Firmicutes;c__Clostridia;o__Clostridiales;f__Lachnospiraceae;g__Blautia;s__producta",2.114,0.5492,"IBS_before vs UC_before"
"k__Bacteria;p__Firmicutes;c__Clostridia;o__Clostridiales;f__Veillonellaceae;g__Veillonella;s__dispar",1.567,0.5492,"IBS_before vs UC_before"
"k__Bacteria;p__Firmicutes;c__Clostridia;o__Clostridiales;f__Ruminococcaceae;g__Ruminococcus;__",-2.705,0.5492,"IBS_before vs UC_before"
"k__Bacteria;p__Firmicutes;c__Clostridia;o__Clostridiales;f__Ruminococcaceae;g__Ruminococcus;s__bromii",-2.12,0.5492,"IBS_before vs UC_before"
"k__Bacteria;p__Firmicutes;c__Clostridia;o__Clostridiales;f__Christensenellaceae;g__;s__",-2.477,0.5718,"IBS_before vs UC_before"
"k__Bacteria;p__Firmicutes;c__Clostridia;o__Clostridiales;f__Peptostreptococcaceae;g__;s__",-2.649,0.5718,"IBS_before vs UC_before"
"k__Bacteria;p__Firmicutes;c__Clostridia;o__Clostridiales;f__Lachnospiraceae;g__Coprococcus;s__eutactus",-2.51,0.5718,"IBS_before vs UC_before"
"k__Bacteria;p__Proteobacteria;c__Betaproteobacteria;o__Burkholderiales;f__Comamonadaceae;g__Hydrogenophaga;__",-2.63,0.5718,"IBS_before vs UC_before"
"k__Bacteria;p__Actinobacteria;c__Coriobacteriia;o__Coriobacteriales;f__Coriobacteriaceae;g__Atopobium;s__",2.215,0.5718,"IBS_before vs UC_before"
"k__Bacteria;p__Firmicutes;c__Clostridia;o__Clostridiales;f__Veillonellaceae;g__Megamonas;s__",-1.67,0.5718,"IBS_before vs UC_before"
"k__Bacteria;p__Firmicutes;c__Clostridia;o__Clostridiales;f__Ruminococcaceae;__;__",-1.306,0.5718,"IBS_before vs UC_before"
"k__Bacteria;p__Firmicutes;c__Clostridia;o__Clostridiales;f__Clostridiaceae;g__Clostridium;s__",-1.477,0.5718,"IBS_before vs UC_before"
"k__Bacteria;p__Bacteroidetes;c__Bacteroidia;o__Bacteroidales;f__Rikenellaceae;g__;s__",-2.067,0.5718,"IBS_before vs UC_before"
"k__Bacteria;__;__;__;__;__;__",-1.807,0.5718,"IBS_before vs UC_before"
"k__Bacteria;p__Bacteroidetes;c__Bacteroidia;o__Bacteroidales;f__[Odoribacteraceae];g__Odoribacter;s__",-2.038,0.5718,"IBS_before vs UC_before"
"k__Bacteria;p__Actinobacteria;c__Actinobacteria;o__Bifidobacteriales;f__Bifidobacteriaceae;g__Bifidobacterium;s__",1.089,0.5911,"IBS_before vs UC_before"
"k__Bacteria;p__Firmicutes;c__Clostridia;o__Clostridiales;__;__;__",-0.997,0.5911,"IBS_before vs UC_before"
"k__Bacteria;p__Bacteroidetes;c__Bacteroidia;o__Bacteroidales;f__Porphyromonadaceae;g__Parabacteroides;s__",-1.899,0.5911,"IBS_before vs UC_before"
"k__Bacteria;p__Firmicutes;c__Clostridia;o__Clostridiales;f__Ruminococcaceae;g__Ruminococcus;s__callidus",-2.192,0.5911,"IBS_before vs UC_before"
"k__Bacteria;p__Firmicutes;c__Clostridia;o__Clostridiales;f__;g__;s__",-1.331,0.5916,"IBS_before vs UC_before"
"k__Bacteria;p__Actinobacteria;c__Actinobacteria;o__Bifidobacteriales;f__Bifidobacteriaceae;__;__",1.511,0.5916,"IBS_before vs UC_before"
"k__Bacteria;p__Actinobacteria;c__Actinobacteria;o__Bifidobacteriales;f__Bifidobacteriaceae;g__Bifidobacterium;s__animalis",1.744,0.5916,"IBS_before vs UC_before"
"k__Bacteria;p__Firmicutes;c__Erysipelotrichi;o__Erysipelotrichales;f__Erysipelotrichaceae;g__[Eubacterium];s__dolichum",1.829,0.5991,"IBS_before vs UC_before"
"k__Bacteria;p__Firmicutes;c__Clostridia;o__Clostridiales;f__Lachnospiraceae;g__Clostridium;s__colinum",-2.075,0.5991,"IBS_before vs UC_before"
"k__Bacteria;p__Proteobacteria;c__Deltaproteobacteria;o__Desulfovibrionales;f__Desulfovibrionaceae;g__Bilophila;s__",-1.712,0.5991,"IBS_before vs UC_before"
"k__Bacteria;p__Firmicutes;c__Clostridia;o__Clostridiales;f__Veillonellaceae;g__Phascolarctobacterium;s__",-1.453,0.5991,"IBS_before vs UC_before"
"k__Bacteria;p__Verrucomicrobia;c__Verrucomicrobiae;o__Verrucomicrobiales;f__Verrucomicrobiaceae;g__Akkermansia;s__muciniphila",-1.178,0.5991,"IBS_before vs UC_before"
"k__Bacteria;p__Firmicutes;c__Clostridia;o__Clostridiales;f__Clostridiaceae;g__Clostridium;s__neonatale",1.87,0.5991,"IBS_before vs UC_before"
"k__Bacteria;p__Cyanobacteria;c__Chloroplast;o__Streptophyta;f__;g__;s__",-1.988,0.5991,"IBS_before vs UC_before"
"k__Bacteria;p__Firmicutes;c__Bacilli;o__Turicibacterales;f__Turicibacteraceae;g__Turicibacter;s__",-1.834,0.6266,"IBS_before vs UC_before"
"k__Bacteria;p__Firmicutes;c__Clostridia;o__Clostridiales;f__Peptostreptococcaceae;__;__",-1.709,0.6858,"IBS_before vs UC_before"
"k__Bacteria;p__Actinobacteria;c__Actinobacteria;o__Bifidobacteriales;f__Bifidobacteriaceae;g__Bifidobacterium;s__longum",0.838,0.6882,"IBS_before vs UC_before"
"k__Bacteria;p__Firmicutes;c__Clostridia;o__Clostridiales;f__Ruminococcaceae;g__Gemmiger;s__formicilis",-1.072,0.6882,"IBS_before vs UC_before"
"k__Bacteria;p__Proteobacteria;c__Gammaproteobacteria;o__Enterobacteriales;f__Enterobacteriaceae;g__Klebsiella;__",-1.599,0.6882,"IBS_before vs UC_before"
"k__Bacteria;p__Firmicutes;c__Clostridia;o__Clostridiales;f__Veillonellaceae;g__Veillonella;__",1.307,0.6882,"IBS_before vs UC_before"
"k__Bacteria;p__Actinobacteria;c__Actinobacteria;o__Actinomycetales;f__Micrococcaceae;g__Rothia;s__mucilaginosa",0.968,0.6974,"IBS_before vs UC_before"
"k__Bacteria;p__Firmicutes;c__Clostridia;o__Clostridiales;f__Lachnospiraceae;g__Roseburia;__",0.81,0.6974,"IBS_before vs UC_before"
"k__Bacteria;p__Bacteroidetes;c__Bacteroidia;o__Bacteroidales;f__[Odoribacteraceae];g__Butyricimonas;s__",-1.579,0.6974,"IBS_before vs UC_before"
"k__Bacteria;p__Firmicutes;c__Clostridia;o__Clostridiales;f__Ruminococcaceae;g__Faecalibacterium;__",1.148,0.6974,"IBS_before vs UC_before"
"k__Bacteria;p__Bacteroidetes;c__Bacteroidia;o__Bacteroidales;f__Rikenellaceae;g__Alistipes;s__putredinis",-1.526,0.6974,"IBS_before vs UC_before"
"k__Bacteria;p__Bacteroidetes;c__Bacteroidia;o__Bacteroidales;f__Bacteroidaceae;g__Bacteroides;s__",0.679,0.6974,"IBS_before vs UC_before"
"k__Bacteria;p__Proteobacteria;c__Gammaproteobacteria;o__Enterobacteriales;f__Enterobacteriaceae;__;__",-0.673,0.6974,"IBS_before vs UC_before"
"k__Bacteria;p__Firmicutes;c__Clostridia;o__Clostridiales;f__Ruminococcaceae;g__Ruminococcus;s__",-0.801,0.6974,"IBS_before vs UC_before"
"k__Bacteria;p__Bacteroidetes;c__Bacteroidia;o__Bacteroidales;f__Bacteroidaceae;g__Bacteroides;__",0.829,0.6974,"IBS_before vs UC_before"
"k__Bacteria;p__Proteobacteria;c__Betaproteobacteria;o__Burkholderiales;f__Alcaligenaceae;g__Sutterella;s__",0.727,0.7257,"IBS_before vs UC_before"
"k__Bacteria;p__Bacteroidetes;c__Bacteroidia;o__Bacteroidales;f__Bacteroidaceae;g__Bacteroides;s__plebeius",-1.096,0.7732,"IBS_before vs UC_before"
"k__Bacteria;p__Actinobacteria;c__Actinobacteria;o__Bifidobacteriales;f__Bifidobacteriaceae;g__Bifidobacterium;__",0.932,0.8127,"IBS_before vs UC_before"
"k__Bacteria;p__Firmicutes;c__Clostridia;o__Clostridiales;f__Lachnospiraceae;g__Coprococcus;s__catus",1.156,0.8438,"IBS_before vs UC_before"
"k__Bacteria;p__Firmicutes;c__Clostridia;o__Clostridiales;f__Lachnospiraceae;g__Coprococcus;s__",0.692,0.8438,"IBS_before vs UC_before"
"k__Bacteria;p__Bacteroidetes;c__Bacteroidia;o__Bacteroidales;f__Porphyromonadaceae;g__Parabacteroides;s__distasonis",0.71,0.8549,"IBS_before vs UC_before"
"k__Bacteria;p__Actinobacteria;c__Actinobacteria;o__Bifidobacteriales;f__Bifidobacteriaceae;g__Bifidobacterium;s__adolescentis",0.65,0.866,"IBS_before vs UC_before"
"k__Bacteria;p__Firmicutes;c__Erysipelotrichi;o__Erysipelotrichales;f__Erysipelotrichaceae;g__Clostridium;s__ramosum",0.952,0.866,"IBS_before vs UC_before"
"k__Bacteria;p__Actinobacteria;c__Actinobacteria;o__Bifidobacteriales;f__Bifidobacteriaceae;g__Bifidobacterium;s__bifidum",1.033,0.866,"IBS_before vs UC_before"
"k__Bacteria;p__Fusobacteria;c__Fusobacteriia;o__Fusobacteriales;f__Fusobacteriaceae;g__Fusobacterium;s__",-1.131,0.866,"IBS_before vs UC_before"
"k__Bacteria;p__Proteobacteria;c__Betaproteobacteria;o__Burkholderiales;f__Comamonadaceae;g__Hydrogenophaga;s__palleronii",-0.93,0.8848,"IBS_before vs UC_before"
"k__Bacteria;p__Firmicutes;c__Bacilli;o__Gemellales;f__Gemellaceae;__;__",0.95,0.8848,"IBS_before vs UC_before"
"k__Bacteria;p__TM7;c__TM7-3;o__;f__;g__;s__",-0.988,0.8848,"IBS_before vs UC_before"
"k__Bacteria;p__Actinobacteria;c__Coriobacteriia;o__Coriobacteriales;f__Coriobacteriaceae;g__Eggerthella;s__lenta",0.842,0.8848,"IBS_before vs UC_before"
"k__Bacteria;p__Firmicutes;c__Bacilli;o__Lactobacillales;f__Leuconostocaceae;g__Weissella;__",-0.982,0.8848,"IBS_before vs UC_before"
"k__Bacteria;p__Firmicutes;c__Clostridia;o__Clostridiales;f__Ruminococcaceae;g__Oscillospira;s__",-0.516,0.8848,"IBS_before vs UC_before"
"k__Bacteria;p__Firmicutes;c__Clostridia;o__Clostridiales;f__Lachnospiraceae;__;__",-0.43,0.8848,"IBS_before vs UC_before"
"k__Bacteria;p__Actinobacteria;c__Actinobacteria;o__Actinomycetales;f__Actinomycetaceae;g__Actinomyces;s__",0.48,0.8848,"IBS_before vs UC_before"
"k__Bacteria;p__Firmicutes;c__Clostridia;o__Clostridiales;f__Lachnospiraceae;g__;s__",-0.496,0.9015,"IBS_before vs UC_before"
"k__Bacteria;p__Firmicutes;c__Bacilli;o__Lactobacillales;f__Streptococcaceae;g__Streptococcus;s__",-0.468,0.9015,"IBS_before vs UC_before"
"k__Bacteria;p__Firmicutes;c__Bacilli;o__Lactobacillales;__;__;__",0.773,0.9015,"IBS_before vs UC_before"
"k__Bacteria;p__Firmicutes;c__Clostridia;o__Clostridiales;f__Ruminococcaceae;g__Butyricicoccus;s__pullicaecorum",0.783,0.9015,"IBS_before vs UC_before"
"k__Bacteria;p__Firmicutes;c__Clostridia;o__Clostridiales;f__Veillonellaceae;g__Dialister;s__",-0.498,0.9015,"IBS_before vs UC_before"
"k__Bacteria;p__Firmicutes;c__Bacilli;o__Lactobacillales;f__Aerococcaceae;g__Abiotrophia;s__",0.761,0.9015,"IBS_before vs UC_before"
"k__Bacteria;p__Firmicutes;c__Bacilli;o__Lactobacillales;f__Streptococcaceae;g__Streptococcus;__",0.537,0.9181,"IBS_before vs UC_before"
"k__Bacteria;p__Bacteroidetes;c__Bacteroidia;o__Bacteroidales;f__S24-7;g__;s__",-0.593,0.9181,"IBS_before vs UC_before"
"k__Bacteria;p__Firmicutes;c__Clostridia;o__Clostridiales;f__Lachnospiraceae;g__Lachnospira;s__",0.425,0.9181,"IBS_before vs UC_before"
"k__Bacteria;p__Firmicutes;c__Clostridia;o__Clostridiales;f__Clostridiaceae;g__Clostridium;__",-0.753,0.9181,"IBS_before vs UC_before"
"k__Bacteria;p__Bacteroidetes;c__Bacteroidia;o__Bacteroidales;f__[Paraprevotellaceae];g__CF231;s__",0.569,0.9181,"IBS_before vs UC_before"
"k__Bacteria;p__Proteobacteria;c__Alphaproteobacteria;o__Caulobacterales;f__Caulobacteraceae;g__Caulobacter;s__",-0.695,0.9181,"IBS_before vs UC_before"
"k__Bacteria;p__Proteobacteria;c__Alphaproteobacteria;o__Caulobacterales;f__Caulobacteraceae;g__Brevundimonas;__",-0.585,0.9181,"IBS_before vs UC_before"
"k__Bacteria;p__Bacteroidetes;c__Bacteroidia;o__Bacteroidales;f__Rikenellaceae;__;__",0.533,0.9181,"IBS_before vs UC_before"
"k__Bacteria;p__Proteobacteria;c__Alphaproteobacteria;o__Caulobacterales;f__Caulobacteraceae;g__;s__",-0.598,0.9181,"IBS_before vs UC_before"
"k__Bacteria;p__Firmicutes;c__Clostridia;o__Clostridiales;f__[Mogibacteriaceae];g__;s__",-0.537,0.9181,"IBS_before vs UC_before"
"k__Bacteria;p__Proteobacteria;c__Deltaproteobacteria;o__Desulfovibrionales;f__Desulfovibrionaceae;g__Desulfovibrio;s__",0.457,0.9181,"IBS_before vs UC_before"
"k__Bacteria;p__Firmicutes;c__Erysipelotrichi;o__Erysipelotrichales;f__Erysipelotrichaceae;g__Holdemania;s__",-0.662,0.9181,"IBS_before vs UC_before"
"k__Bacteria;p__Bacteroidetes;c__Bacteroidia;o__Bacteroidales;f__Bacteroidaceae;g__Bacteroides;s__fragilis",0.374,0.9181,"IBS_before vs UC_before"
"k__Bacteria;p__Firmicutes;c__Clostridia;o__Clostridiales;f__Lachnospiraceae;g__Blautia;s__obeum",0.51,0.9181,"IBS_before vs UC_before"
"k__Bacteria;p__Firmicutes;c__Clostridia;o__Clostridiales;f__Clostridiaceae;g__;s__",-0.501,0.9181,"IBS_before vs UC_before"
"k__Bacteria;p__Firmicutes;c__Bacilli;o__Gemellales;f__Gemellaceae;g__;s__",0.477,0.9181,"IBS_before vs UC_before"
"k__Bacteria;p__Actinobacteria;c__Coriobacteriia;o__Coriobacteriales;f__Coriobacteriaceae;g__;s__",0.48,0.9181,"IBS_before vs UC_before"
"k__Bacteria;p__Proteobacteria;c__Alphaproteobacteria;o__Sphingomonadales;f__Sphingomonadaceae;g__Sphingomonas;s__yabuuchiae",-0.491,0.9181,"IBS_before vs UC_before"
"k__Bacteria;p__Firmicutes;c__Clostridia;o__Clostridiales;f__Lachnospiraceae;g__Blautia;s__",0.255,0.9181,"IBS_before vs UC_before"
"k__Bacteria;p__Firmicutes;c__Erysipelotrichi;o__Erysipelotrichales;f__Erysipelotrichaceae;g__;s__",0.288,0.9181,"IBS_before vs UC_before"
"k__Bacteria;p__Proteobacteria;c__Gammaproteobacteria;o__Pasteurellales;f__Pasteurellaceae;g__Haemophilus;s__parainfluenzae",-0.384,0.9181,"IBS_before vs UC_before"
"k__Bacteria;p__Firmicutes;c__Clostridia;o__Clostridiales;f__Lachnospiraceae;g__Anaerostipes;s__",-0.478,0.921,"IBS_before vs UC_before"
"k__Bacteria;p__Firmicutes;c__Clostridia;o__Clostridiales;f__Lachnospiraceae;g__Dorea;s__",0.244,0.9372,"IBS_before vs UC_before"
"k__Bacteria;p__Firmicutes;c__Clostridia;o__Clostridiales;f__Lachnospiraceae;g__Dorea;s__longicatena",-0.417,0.9372,"IBS_before vs UC_before"
"k__Bacteria;p__Firmicutes;c__Erysipelotrichi;o__Erysipelotrichales;f__Erysipelotrichaceae;g__[Eubacterium];s__biforme",-0.469,0.938,"IBS_before vs UC_before"
"k__Bacteria;p__Bacteroidetes;c__[Saprospirae];o__[Saprospirales];f__Chitinophagaceae;g__;s__",-0.422,0.938,"IBS_before vs UC_before"
"k__Bacteria;p__Proteobacteria;c__Gammaproteobacteria;o__Pseudomonadales;f__Pseudomonadaceae;g__Pseudomonas;__",-0.437,0.938,"IBS_before vs UC_before"
"k__Bacteria;p__Proteobacteria;c__Deltaproteobacteria;o__Desulfovibrionales;f__Desulfovibrionaceae;g__;s__",-0.304,0.973,"IBS_before vs UC_before"
"k__Bacteria;p__Proteobacteria;c__Gammaproteobacteria;o__Pseudomonadales;f__Pseudomonadaceae;g__Pseudomonas;s__viridiflava",-0.221,0.973,"IBS_before vs UC_before"
"k__Bacteria;p__Firmicutes;c__Bacilli;o__Lactobacillales;f__Carnobacteriaceae;g__Granulicatella;s__",0.175,0.973,"IBS_before vs UC_before"
"k__Bacteria;p__Proteobacteria;c__Gammaproteobacteria;o__Pasteurellales;f__Pasteurellaceae;__;__",-0.34,0.973,"IBS_before vs UC_before"
"k__Bacteria;p__Firmicutes;c__Erysipelotrichi;o__Erysipelotrichales;f__Erysipelotrichaceae;g__Bulleidia;s__moorei",-0.291,0.973,"IBS_before vs UC_before"
"k__Bacteria;p__Firmicutes;c__Clostridia;o__Clostridiales;f__Veillonellaceae;g__Megasphaera;s__",0.155,0.973,"IBS_before vs UC_before"
"k__Bacteria;p__Bacteroidetes;c__Bacteroidia;o__Bacteroidales;f__Bacteroidaceae;g__Bacteroides;s__ovatus",0.114,0.973,"IBS_before vs UC_before"
"k__Bacteria;p__Bacteroidetes;c__Bacteroidia;o__Bacteroidales;f__Bacteroidaceae;g__Bacteroides;s__uniformis",-0.148,0.973,"IBS_before vs UC_before"
"k__Bacteria;p__Actinobacteria;c__Coriobacteriia;o__Coriobacteriales;f__Coriobacteriaceae;g__Collinsella;s__aerofaciens",-0.166,0.9842,"IBS_before vs UC_before"
"k__Bacteria;p__Proteobacteria;c__Deltaproteobacteria;o__Desulfovibrionales;f__Desulfovibrionaceae;g__Desulfovibrio;s__C21_c20",-0.187,0.9881,"IBS_before vs UC_before"
"k__Bacteria;p__Firmicutes;c__Clostridia;o__Clostridiales;f__Ruminococcaceae;g__Faecalibacterium;s__prausnitzii",0.059,0.9881,"IBS_before vs UC_before"
"k__Bacteria;p__Bacteroidetes;c__Bacteroidia;o__Bacteroidales;f__Bacteroidaceae;g__Bacteroides;s__caccae",-0.15,0.9993,"IBS_before vs UC_before"
"k__Bacteria;p__Firmicutes;c__Clostridia;o__Clostridiales;f__Lachnospiraceae;g__Clostridium;s__citroniae",-0.14,1,"IBS_before vs UC_before"
"k__Bacteria;p__Firmicutes;c__Clostridia;o__Clostridiales;f__Lachnospiraceae;g__[Ruminococcus];s__gnavus",0.025,1,"IBS_before vs UC_before"
"k__Bacteria;p__Proteobacteria;c__Gammaproteobacteria;o__Pseudomonadales;f__Moraxellaceae;g__Acinetobacter;s__rhizosphaerae",-0.1,1,"IBS_before vs UC_before"
"k__Bacteria;p__Firmicutes;c__Clostridia;o__Clostridiales;f__Lachnospiraceae;g__Dorea;s__formicigenerans",0.012,1,"IBS_before vs UC_before"
"k__Bacteria;p__Firmicutes;c__Clostridia;o__Clostridiales;f__Lachnospiraceae;g__[Ruminococcus];s__",-0.05,1,"IBS_before vs UC_before"
"k__Bacteria;p__Firmicutes;c__Clostridia;o__Clostridiales;f__Veillonellaceae;__;__",-0.236,1,"IBS_before vs UC_before"
"k__Bacteria;p__Actinobacteria;c__Actinobacteria;o__Bifidobacteriales;f__Bifidobacteriaceae;g__Bifidobacterium;s__breve",-0.03,1,"IBS_before vs UC_before"
"k__Bacteria;p__Firmicutes;c__Clostridia;o__Clostridiales;f__Veillonellaceae;g__Veillonella;s__parvula",-0.003,1,"IBS_before vs UC_before"
