"taxon","mean_a","mean_b","log2FC","prevalence_a","prevalence_b","p","fdr","vs"
"Clostridium colinum",0.002535,0.0003657,-2.79,0.444,0.056,0.009319,0.718,"IBS_before_great vs IBS_before_poor"
"unclassified f:Clostridiaceae",0.00289,0.0005297,-2.446,0.556,0.167,0.01056,0.718,"IBS_before_great vs IBS_before_poor"
"Blautia",0.01626,0.007397,-1.136,0.833,0.5,0.02403,0.9052,"IBS_before_great vs IBS_before_poor"
"Desulfovibrio C21_c20",0.001253,0.0002454,-2.348,0.389,0.056,0.02662,0.9052,"IBS_before_great vs IBS_before_poor"
"Lactobacillus salivarius",0,0.0005951,9.219,0,0.222,0.03958,0.9429,"IBS_before_great vs IBS_before_poor"
"unclassified c:TM7-3",0.0005721,5.405e-05,-3.38,0.333,0.056,0.0416,0.9429,"IBS_before_great vs IBS_before_poor"
"Turicibacter",0.002593,0.0004853,-2.415,0.389,0.111,0.06413,1,"IBS_before_great vs IBS_before_poor"
"Alistipes putredinis",0.006765,0.002701,-1.324,0.389,0.111,0.08426,1,"IBS_before_great vs IBS_before_poor"
"Lactobacillus helveticus",0.0003822,0.002285,2.577,0.111,0.333,0.09421,1,"IBS_before_great vs IBS_before_poor"
"Coprococcus eutactus",0.0008652,0.004081,2.236,0.111,0.333,0.09421,1,"IBS_before_great vs IBS_before_poor"
"Clostridium",0.01231,0.006365,-0.952,0.722,0.5,0.09631,1,"IBS_before_great vs IBS_before_poor"
"Streptococcus",0.02588,0.01966,-0.397,0.889,0.556,0.1063,1,"IBS_before_great vs IBS_before_poor"
"__ __.12",0.003865,0.001243,-1.636,0.389,0.167,0.1492,1,"IBS_before_great vs IBS_before_poor"
"unclassified f:Chitinophagaceae",0.000773,0.000417,-0.889,0.333,0.111,0.1577,1,"IBS_before_great vs IBS_before_poor"
"Bifidobacterium animalis",0,4.03e-05,5.368,0,0.111,0.1632,1,"IBS_before_great vs IBS_before_poor"
"__ __.9",0.0005216,0.0001685,-1.624,0.222,0.056,0.1633,1,"IBS_before_great vs IBS_before_poor"
"Bacteroides uniformis",0.0108,0.007742,-0.48,0.722,0.5,0.1708,1,"IBS_before_great vs IBS_before_poor"
"unclassified f:S24-7",0.0005418,0.001081,0.996,0.333,0.556,0.1809,1,"IBS_before_great vs IBS_before_poor"
"Ruminococcus __",0.0003979,0.007751,4.28,0.111,0.278,0.1919,1,"IBS_before_great vs IBS_before_poor"
"Acinetobacter rhizosphaerae",0.001193,0.0003003,-1.987,0.278,0.111,0.1919,1,"IBS_before_great vs IBS_before_poor"
"Granulicatella",0.003363,0.002025,-0.731,0.556,0.333,0.1925,1,"IBS_before_great vs IBS_before_poor"
"Bacteroides plebeius",0.003105,0.01186,1.933,0.389,0.556,0.199,1,"IBS_before_great vs IBS_before_poor"
"Catenibacterium",0.005109,0.0174,1.767,0.111,0.278,0.225,1,"IBS_before_great vs IBS_before_poor"
"Roseburia __",0.01279,0.02325,0.863,0.667,0.833,0.2577,1,"IBS_before_great vs IBS_before_poor"
"Collinsella aerofaciens",0.01036,0.004,-1.373,0.5,0.333,0.2657,1,"IBS_before_great vs IBS_before_poor"
"Phascolarctobacterium",0.009959,0.008981,-0.149,0.667,0.444,0.2672,1,"IBS_before_great vs IBS_before_poor"
"__ __.4",0.001052,7.371e-05,-3.817,0.167,0.056,0.2707,1,"IBS_before_great vs IBS_before_poor"
"Hydrogenophaga palleronii",0.004205,0.002182,-0.946,0.444,0.278,0.2778,1,"IBS_before_great vs IBS_before_poor"
"unclassified f:Gemellaceae",0.0003154,0.0004627,0.551,0.111,0.278,0.2819,1,"IBS_before_great vs IBS_before_poor"
"Clostridium citroniae",0.0006159,0.003036,2.3,0.111,0.222,0.2948,1,"IBS_before_great vs IBS_before_poor"
"__ __.11",0.0003847,0.0001328,-1.527,0.167,0.056,0.2967,1,"IBS_before_great vs IBS_before_poor"
"Lactobacillus",0.004743,0.003175,-0.579,0.722,0.556,0.323,1,"IBS_before_great vs IBS_before_poor"
"Faecalibacterium __",3.699e-05,6.51e-05,0.799,0.056,0.167,0.3243,1,"IBS_before_great vs IBS_before_poor"
"Bifidobacterium breve",0.001184,0.0007931,-0.577,0.333,0.167,0.3283,1,"IBS_before_great vs IBS_before_poor"
"Bacteroides __",0.006417,0.01483,1.209,0.778,0.722,0.3308,1,"IBS_before_great vs IBS_before_poor"
"Dorea",0.005986,0.0106,0.824,0.556,0.611,0.3326,1,"IBS_before_great vs IBS_before_poor"
"Rothia mucilaginosa",0.002926,0.002564,-0.191,0.667,0.389,0.3405,1,"IBS_before_great vs IBS_before_poor"
"Lactobacillus zeae",0,3.931e-05,5.333,0,0.056,0.3449,1,"IBS_before_great vs IBS_before_poor"
"Lactobacillus reuteri",0,0.0002378,7.9,0,0.056,0.3449,1,"IBS_before_great vs IBS_before_poor"
"Lactobacillus mucosae",0,2.13e-05,4.479,0,0.056,0.3449,1,"IBS_before_great vs IBS_before_poor"
"[Ruminococcus] torques",0.002487,0.00169,-0.558,0.333,0.167,0.3493,1,"IBS_before_great vs IBS_before_poor"
"Clostridium neonatale",0.0004831,0.0002896,-0.736,0.167,0.056,0.3536,1,"IBS_before_great vs IBS_before_poor"
"Holdemania",0.0003357,0.0003195,-0.071,0.167,0.056,0.3536,1,"IBS_before_great vs IBS_before_poor"
"Bacteroides fragilis",0.002934,0.00794,1.436,0.611,0.389,0.3612,1,"IBS_before_great vs IBS_before_poor"
"unclassified f:Caulobacteraceae",0.002632,0.001633,-0.689,0.444,0.278,0.3674,1,"IBS_before_great vs IBS_before_poor"
"__ __.2",0.02195,0.01778,-0.304,0.944,0.944,0.3757,1,"IBS_before_great vs IBS_before_poor"
"Sphingomonas yabuuchiae",0.001615,0.001053,-0.617,0.389,0.222,0.3828,1,"IBS_before_great vs IBS_before_poor"
"Lachnospira",0.007735,0.01127,0.543,0.722,0.444,0.3841,1,"IBS_before_great vs IBS_before_poor"
"Dorea formicigenerans",0.005068,0.006913,0.448,0.556,0.611,0.3841,1,"IBS_before_great vs IBS_before_poor"
"unclassified f:Peptostreptococcaceae",0.004781,0.001074,-2.154,0.222,0.111,0.3938,1,"IBS_before_great vs IBS_before_poor"
"Actinomyces",0.00542,0.008058,0.572,0.778,0.778,0.3992,1,"IBS_before_great vs IBS_before_poor"
"unclassified f:Lachnospiraceae",0.01664,0.02649,0.671,0.722,0.889,0.4001,1,"IBS_before_great vs IBS_before_poor"
"unclassified f:Desulfovibrionaceae",0.001086,0.0007606,-0.513,0.444,0.278,0.4078,1,"IBS_before_great vs IBS_before_poor"
"Veillonella",0.007077,0.0007941,-3.154,0.333,0.222,0.4114,1,"IBS_before_great vs IBS_before_poor"
"Akkermansia muciniphila",0.006338,0.01438,1.182,0.722,0.5,0.415,1,"IBS_before_great vs IBS_before_poor"
"Pseudomonas viridiflava",0.005145,0.00371,-0.472,0.556,0.444,0.4268,1,"IBS_before_great vs IBS_before_poor"
"Bacteroides",0.02644,0.0297,0.168,0.889,0.778,0.4372,1,"IBS_before_great vs IBS_before_poor"
"Eggerthella lenta",0.0009477,0.001018,0.103,0.222,0.333,0.4586,1,"IBS_before_great vs IBS_before_poor"
"Bifidobacterium",0.05117,0.02931,-0.804,0.778,0.667,0.4718,1,"IBS_before_great vs IBS_before_poor"
"Dorea longicatena",0.001605,0.002339,0.543,0.278,0.389,0.4737,1,"IBS_before_great vs IBS_before_poor"
"Pseudomonas __",0.0006823,0.0006904,0.017,0.222,0.111,0.4798,1,"IBS_before_great vs IBS_before_poor"
"Streptococcus __",0.002219,0.003067,0.467,0.5,0.278,0.4939,1,"IBS_before_great vs IBS_before_poor"
"Anaerostipes",0.00251,0.001755,-0.516,0.333,0.222,0.5086,1,"IBS_before_great vs IBS_before_poor"
"unclassified f:Rikenellaceae",0.003539,0.004642,0.391,0.278,0.444,0.5197,1,"IBS_before_great vs IBS_before_poor"
"Hydrogenophaga __",0.0004834,7.549e-05,-2.663,0.111,0.056,0.5307,1,"IBS_before_great vs IBS_before_poor"
"Faecalibacterium prausnitzii",0.0389,0.03447,-0.174,0.833,0.667,0.5341,1,"IBS_before_great vs IBS_before_poor"
"Ruminococcus callidus",0.001811,0.00153,-0.244,0.333,0.222,0.5346,1,"IBS_before_great vs IBS_before_poor"
"Prevotella stercorea",0.0004549,0.004679,3.36,0.167,0.222,0.5365,1,"IBS_before_great vs IBS_before_poor"
"Caulobacter",0.002426,0.001338,-0.858,0.222,0.167,0.5365,1,"IBS_before_great vs IBS_before_poor"
"Brevundimonas __",0.002114,0.001406,-0.588,0.389,0.278,0.5463,1,"IBS_before_great vs IBS_before_poor"
"Megamonas",0.02608,0.03122,0.26,0.444,0.5,0.5489,1,"IBS_before_great vs IBS_before_poor"
"Roseburia",0.005226,0.00399,-0.389,0.444,0.333,0.5524,1,"IBS_before_great vs IBS_before_poor"
"__ __.3",6.624e-05,7.845e-05,0.241,0.167,0.278,0.572,1,"IBS_before_great vs IBS_before_poor"
"unclassified o:Clostridiales",0.006211,0.007405,0.254,0.778,0.556,0.5726,1,"IBS_before_great vs IBS_before_poor"
"Odoribacter",0.0007182,0.001491,1.053,0.278,0.333,0.5738,1,"IBS_before_great vs IBS_before_poor"
"__ __.5",4.903e-06,1.315e-05,1.261,0.056,0.111,0.5748,1,"IBS_before_great vs IBS_before_poor"
"Veillonella dispar",0.009747,0.01135,0.22,0.667,0.5,0.5879,1,"IBS_before_great vs IBS_before_poor"
"Coprococcus",0.006827,0.005711,-0.257,0.611,0.5,0.5962,1,"IBS_before_great vs IBS_before_poor"
"Atopobium",0.0001467,0.0005935,2.009,0.111,0.167,0.6172,1,"IBS_before_great vs IBS_before_poor"
"__ __.7",0.01194,0.01273,0.093,0.944,0.667,0.6226,1,"IBS_before_great vs IBS_before_poor"
"Blautia producta",0.002715,0.001218,-1.155,0.222,0.167,0.6307,1,"IBS_before_great vs IBS_before_poor"
"Paraprevotella",0.004827,0.002532,-0.931,0.278,0.222,0.6324,1,"IBS_before_great vs IBS_before_poor"
"Bilophila",0.003189,0.002219,-0.523,0.444,0.389,0.6334,1,"IBS_before_great vs IBS_before_poor"
"unclassified f:Ruminococcaceae",0.006463,0.005706,-0.18,0.722,0.667,0.6416,1,"IBS_before_great vs IBS_before_poor"
"Lactobacillus __",0.001412,0.001197,-0.239,0.389,0.333,0.6456,1,"IBS_before_great vs IBS_before_poor"
"CF231",0.0001539,0.0001934,0.327,0.111,0.167,0.6547,1,"IBS_before_great vs IBS_before_poor"
"__ __.10",7.581e-05,6.03e-05,-0.325,0.111,0.167,0.6547,1,"IBS_before_great vs IBS_before_poor"
"[Ruminococcus] gnavus",0.019,0.03442,0.857,0.722,0.667,0.6648,1,"IBS_before_great vs IBS_before_poor"
"Clostridium __",0.001279,0.002449,0.936,0.167,0.111,0.6932,1,"IBS_before_great vs IBS_before_poor"
"Bifidobacterium longum",0.007827,0.01087,0.473,0.778,0.611,0.712,1,"IBS_before_great vs IBS_before_poor"
"Veillonella parvula",0.002231,0.002148,-0.055,0.333,0.278,0.7125,1,"IBS_before_great vs IBS_before_poor"
"Weissella __",0.001688,0.00288,0.77,0.222,0.278,0.7236,1,"IBS_before_great vs IBS_before_poor"
"unclassified f:Erysipelotrichaceae",0.009251,0.009379,0.02,0.611,0.556,0.7302,1,"IBS_before_great vs IBS_before_poor"
"Dialister",0.01266,0.03661,1.532,0.667,0.667,0.735,1,"IBS_before_great vs IBS_before_poor"
"Oscillospira",0.014,0.01398,-0.002,0.722,0.722,0.7735,1,"IBS_before_great vs IBS_before_poor"
"unclassified f:Christensenellaceae",0.002372,0.002507,0.08,0.222,0.278,0.7868,1,"IBS_before_great vs IBS_before_poor"
"Sutterella",0.007759,0.008822,0.185,0.833,0.722,0.7991,1,"IBS_before_great vs IBS_before_poor"
"Haemophilus parainfluenzae",0.007708,0.007753,0.008,0.556,0.444,0.7998,1,"IBS_before_great vs IBS_before_poor"
"Veillonella __",0.001539,0.00375,1.284,0.389,0.333,0.811,1,"IBS_before_great vs IBS_before_poor"
"unclassified o:Streptophyta",0.001106,0.001247,0.172,0.278,0.222,0.819,1,"IBS_before_great vs IBS_before_poor"
"Ruminococcus",0.009283,0.008255,-0.169,0.833,0.722,0.8486,1,"IBS_before_great vs IBS_before_poor"
"__ __.1",0.03199,0.04631,0.534,0.944,0.944,0.8494,1,"IBS_before_great vs IBS_before_poor"
"Prevotella copri",0.05512,0.02444,-1.173,0.444,0.556,0.8524,1,"IBS_before_great vs IBS_before_poor"
"unclassified f:[Mogibacteriaceae]",0.0004689,0.0005144,0.133,0.389,0.333,0.8685,1,"IBS_before_great vs IBS_before_poor"
"[Ruminococcus]",0.006316,0.006164,-0.035,0.333,0.389,0.8685,1,"IBS_before_great vs IBS_before_poor"
"Parabacteroides distasonis",0.004806,0.004938,0.039,0.667,0.556,0.8833,1,"IBS_before_great vs IBS_before_poor"
"__ __.6",0.2252,0.1983,-0.184,1,0.944,0.8882,1,"IBS_before_great vs IBS_before_poor"
"Desulfovibrio",0.000945,0.0009784,0.05,0.333,0.278,0.892,1,"IBS_before_great vs IBS_before_poor"
"Bifidobacterium __",0.0002492,0.0001389,-0.838,0.278,0.278,0.9043,1,"IBS_before_great vs IBS_before_poor"
"Bacteroides caccae",0.002925,0.001641,-0.833,0.222,0.222,0.9135,1,"IBS_before_great vs IBS_before_poor"
"Parabacteroides",0.003244,0.003652,0.171,0.389,0.389,0.914,1,"IBS_before_great vs IBS_before_poor"
"__ __.8",3.662e-05,0.000286,2.932,0.167,0.167,0.9224,1,"IBS_before_great vs IBS_before_poor"
"Megasphaera",0.005226,0.005268,0.012,0.389,0.333,0.9267,1,"IBS_before_great vs IBS_before_poor"
"Butyricicoccus pullicaecorum",0.000508,0.001544,1.602,0.111,0.111,0.9307,1,"IBS_before_great vs IBS_before_poor"
"__ __",0.0002576,0.001527,2.563,0.444,0.444,0.9308,1,"IBS_before_great vs IBS_before_poor"
"Bacteroides ovatus",0.008241,0.01574,0.934,0.611,0.556,0.9346,1,"IBS_before_great vs IBS_before_poor"
"Gemmiger formicilis",0.01148,0.01198,0.062,0.611,0.667,0.9354,1,"IBS_before_great vs IBS_before_poor"
"Fusobacterium",0.002482,0.002032,-0.288,0.278,0.278,0.9361,1,"IBS_before_great vs IBS_before_poor"
"Klebsiella __",0.002589,0.003355,0.374,0.278,0.278,0.9361,1,"IBS_before_great vs IBS_before_poor"
"Clostridium ramosum",0.001154,0.002473,1.099,0.278,0.222,0.9502,1,"IBS_before_great vs IBS_before_poor"
"[Eubacterium] dolichum",0.0003243,0.0001901,-0.768,0.167,0.167,0.9611,1,"IBS_before_great vs IBS_before_poor"
"Desulfovibrio D168",0.009368,0.002647,-1.823,0.167,0.167,0.9611,1,"IBS_before_great vs IBS_before_poor"
"[Eubacterium] biforme",0.001542,0.002618,0.763,0.167,0.167,0.9611,1,"IBS_before_great vs IBS_before_poor"
"Enterococcus",0.00183,0.00153,-0.259,0.278,0.278,0.968,1,"IBS_before_great vs IBS_before_poor"
"Bulleidia moorei",0.0001522,0.00011,-0.465,0.111,0.111,0.9769,1,"IBS_before_great vs IBS_before_poor"
"Clostridium spiroforme",0.0001386,0.0004005,1.524,0.056,0.056,1,1,"IBS_before_great vs IBS_before_poor"
"unclassified f:Coriobacteriaceae",0.0009082,0.00119,0.39,0.167,0.167,1,1,"IBS_before_great vs IBS_before_poor"
"Prevotella",1.033e-05,2.446e-05,1.168,0.056,0.056,1,1,"IBS_before_great vs IBS_before_poor"
"Butyricimonas",0.0004421,0.0003816,-0.212,0.167,0.167,1,1,"IBS_before_great vs IBS_before_poor"
"Bifidobacterium adolescentis",0.04204,0.02634,-0.674,0.611,0.611,1,1,"IBS_before_great vs IBS_before_poor"
"Coprococcus catus",0.0002421,0.0005208,1.102,0.056,0.056,1,1,"IBS_before_great vs IBS_before_poor"
"Ruminococcus bromii",0.003656,0.008313,1.185,0.444,0.444,1,1,"IBS_before_great vs IBS_before_poor"
"Abiotrophia",8.107e-05,9.828e-05,0.275,0.056,0.056,1,1,"IBS_before_great vs IBS_before_poor"
"SMB53",0.0006629,8.79e-05,-2.901,0.056,0.056,1,1,"IBS_before_great vs IBS_before_poor"
"Blautia obeum",0.001235,0.001121,-0.139,0.167,0.167,1,1,"IBS_before_great vs IBS_before_poor"
"Bifidobacterium bifidum",0.0006183,0.000976,0.658,0.167,0.167,1,1,"IBS_before_great vs IBS_before_poor"
"Veillonella",0,0.02602,14.668,0,0.231,0.05129,1,"UC_before_great vs UC_before_poor"
"unclassified o:Clostridiales",0.001308,0.006976,2.414,0.438,0.769,0.05609,1,"UC_before_great vs UC_before_poor"
"Akkermansia muciniphila",0.007758,0.002811,-1.464,0.75,0.538,0.07698,1,"UC_before_great vs UC_before_poor"
"unclassified f:[Mogibacteriaceae]",0.000258,0.0005051,0.967,0.125,0.462,0.07954,1,"UC_before_great vs UC_before_poor"
"__ __.2",0.008028,0.01421,0.824,0.688,1,0.09055,1,"UC_before_great vs UC_before_poor"
"Desulfovibrio",0.002175,0.000799,-1.444,0.562,0.231,0.1003,1,"UC_before_great vs UC_before_poor"
"Lactobacillus __",0.001511,0.01861,3.622,0.25,0.538,0.1024,1,"UC_before_great vs UC_before_poor"
"Prevotella",0.0005905,0.002864,2.276,0.125,0.385,0.1083,1,"UC_before_great vs UC_before_poor"
"Oscillospira",0.009124,0.01378,0.595,0.688,1,0.1086,1,"UC_before_great vs UC_before_poor"
"Abiotrophia",0.0003537,0,-8.47,0.188,0,0.1151,1,"UC_before_great vs UC_before_poor"
"Streptococcus",0.0232,0.01383,-0.746,0.938,0.769,0.16,1,"UC_before_great vs UC_before_poor"
"[Ruminococcus] gnavus",0.02133,0.03533,0.728,0.812,0.692,0.178,1,"UC_before_great vs UC_before_poor"
"Pseudomonas __",0.0009125,0.0002152,-2.079,0.25,0.077,0.194,1,"UC_before_great vs UC_before_poor"
"Odoribacter",9.922e-05,0.0004489,2.166,0.062,0.231,0.2006,1,"UC_before_great vs UC_before_poor"
"Faecalibacterium prausnitzii",0.03484,0.05453,0.646,0.75,0.923,0.2102,1,"UC_before_great vs UC_before_poor"
"Megamonas",0.002372,0.01788,2.913,0.375,0.615,0.2107,1,"UC_before_great vs UC_before_poor"
"Butyricimonas",0.0002952,0,-8.21,0.125,0,0.2122,1,"UC_before_great vs UC_before_poor"
"Holdemania",0.0003127,0,-8.293,0.125,0,0.2122,1,"UC_before_great vs UC_before_poor"
"Bacteroides __",0.02678,0.008518,-1.652,0.438,0.769,0.2194,1,"UC_before_great vs UC_before_poor"
"Megasphaera",0.003257,0.007956,1.288,0.312,0.462,0.2477,1,"UC_before_great vs UC_before_poor"
"unclassified c:TM7-3",0.0003509,8.833e-05,-1.978,0.25,0.077,0.2718,1,"UC_before_great vs UC_before_poor"
"Sutterella",0.01713,0.01068,-0.682,0.75,0.692,0.2776,1,"UC_before_great vs UC_before_poor"
"Desulfovibrio C21_c20",0.0006649,0.00101,0.603,0.188,0.385,0.2777,1,"UC_before_great vs UC_before_poor"
"Veillonella parvula",0.002748,0.001632,-0.752,0.375,0.154,0.2777,1,"UC_before_great vs UC_before_poor"
"__ __",0.0002152,0.0002717,0.335,0.25,0.462,0.2891,1,"UC_before_great vs UC_before_poor"
"Enterococcus",0.0496,0.004627,-3.422,0.625,0.385,0.2951,1,"UC_before_great vs UC_before_poor"
"Roseburia __",0.05008,0.02307,-1.118,0.625,0.769,0.2955,1,"UC_before_great vs UC_before_poor"
"Bifidobacterium animalis",0,0.000178,7.484,0,0.077,0.2983,1,"UC_before_great vs UC_before_poor"
"Hydrogenophaga __",0,8.281e-05,6.389,0,0.077,0.2983,1,"UC_before_great vs UC_before_poor"
"Bifidobacterium longum",0.01396,0.02377,0.768,0.812,1,0.3025,1,"UC_before_great vs UC_before_poor"
"Anaerostipes",0.001383,0.002264,0.71,0.188,0.385,0.3031,1,"UC_before_great vs UC_before_poor"
"unclassified f:Lachnospiraceae",0.01045,0.01714,0.713,0.5,0.692,0.3281,1,"UC_before_great vs UC_before_poor"
"Weissella __",0.00285,0.0005737,-2.311,0.125,0.308,0.3371,1,"UC_before_great vs UC_before_poor"
"Bacteroides plebeius",0.00362,0.001914,-0.919,0.312,0.154,0.3501,1,"UC_before_great vs UC_before_poor"
"__ __.4",0.001217,1.474e-05,-6.274,0.188,0.077,0.3607,1,"UC_before_great vs UC_before_poor"
"Faecalibacterium __",4.584e-05,0.0001415,1.605,0.188,0.308,0.381,1,"UC_before_great vs UC_before_poor"
"Streptococcus __",0.003869,0.007074,0.87,0.375,0.462,0.3906,1,"UC_before_great vs UC_before_poor"
"Gemmiger formicilis",0.00583,0.008441,0.534,0.375,0.538,0.4003,1,"UC_before_great vs UC_before_poor"
"Clostridium citroniae",0.003561,0.0007196,-2.305,0.188,0.077,0.4004,1,"UC_before_great vs UC_before_poor"
"unclassified f:Rikenellaceae",0.0003595,0.002133,2.565,0.125,0.231,0.4051,1,"UC_before_great vs UC_before_poor"
"__ __.10",6.451e-05,0,-6.034,0.062,0,0.4054,1,"UC_before_great vs UC_before_poor"
"[Ruminococcus] torques",0.0005949,0,-9.219,0.062,0,0.4054,1,"UC_before_great vs UC_before_poor"
"Lactobacillus salivarius",0.0003518,0.002981,3.079,0.062,0.154,0.4069,1,"UC_before_great vs UC_before_poor"
"unclassified f:Coriobacteriaceae",0.0006599,0.002452,1.892,0.188,0.308,0.4136,1,"UC_before_great vs UC_before_poor"
"Bacteroides fragilis",0.00625,0.002077,-1.589,0.562,0.538,0.4212,1,"UC_before_great vs UC_before_poor"
"Actinomyces",0.01142,0.00649,-0.816,0.688,0.692,0.436,1,"UC_before_great vs UC_before_poor"
"__ __.8",0.0001303,0.0005377,2.037,0.125,0.231,0.4437,1,"UC_before_great vs UC_before_poor"
"Ruminococcus __",0.000124,0.001009,3.014,0.125,0.231,0.4437,1,"UC_before_great vs UC_before_poor"
"Roseburia",0.02748,0.003141,-3.129,0.5,0.385,0.4563,1,"UC_before_great vs UC_before_poor"
"Clostridium neonatale",0.003065,0.0005741,-2.415,0.25,0.154,0.4764,1,"UC_before_great vs UC_before_poor"
"Clostridium __",0.0009049,0.002127,1.232,0.188,0.308,0.4834,1,"UC_before_great vs UC_before_poor"
"Klebsiella __",0.001012,0.002923,1.529,0.125,0.231,0.4843,1,"UC_before_great vs UC_before_poor"
"Bulleidia moorei",0.0001008,0.000165,0.706,0.188,0.077,0.4872,1,"UC_before_great vs UC_before_poor"
"Lactobacillus zeae",0.0004449,0.001787,2.004,0.188,0.077,0.4872,1,"UC_before_great vs UC_before_poor"
"unclassified f:Desulfovibrionaceae",0.0008452,0.001162,0.459,0.25,0.385,0.5038,1,"UC_before_great vs UC_before_poor"
"Sphingomonas yabuuchiae",0.0009795,0.001188,0.278,0.25,0.385,0.5038,1,"UC_before_great vs UC_before_poor"
"Bifidobacterium",0.08072,0.07897,-0.032,0.812,0.923,0.5101,1,"UC_before_great vs UC_before_poor"
"Hydrogenophaga palleronii",0.001782,0.002119,0.25,0.188,0.308,0.5206,1,"UC_before_great vs UC_before_poor"
"Dorea longicatena",0.002346,0.001132,-1.051,0.312,0.231,0.5221,1,"UC_before_great vs UC_before_poor"
"CF231",0.0002388,0.0003068,0.36,0.125,0.231,0.5269,1,"UC_before_great vs UC_before_poor"
"Lactobacillus mucosae",0.001392,0.004312,1.63,0.125,0.231,0.5269,1,"UC_before_great vs UC_before_poor"
"__ __.7",0.007568,0.005842,-0.373,0.438,0.692,0.5349,1,"UC_before_great vs UC_before_poor"
"Veillonella dispar",0.04287,0.01001,-2.099,0.438,0.615,0.5452,1,"UC_before_great vs UC_before_poor"
"Prevotella copri",0.002011,0.02119,3.397,0.312,0.385,0.5521,1,"UC_before_great vs UC_before_poor"
"Ruminococcus bromii",0.001774,0.001519,-0.224,0.188,0.308,0.5592,1,"UC_before_great vs UC_before_poor"
"Acinetobacter rhizosphaerae",0.0007775,0.0005973,-0.38,0.188,0.308,0.5592,1,"UC_before_great vs UC_before_poor"
"Parabacteroides distasonis",0.0086,0.007357,-0.225,0.438,0.615,0.5765,1,"UC_before_great vs UC_before_poor"
"Haemophilus parainfluenzae",0.007639,0.003552,-1.105,0.438,0.308,0.5804,1,"UC_before_great vs UC_before_poor"
"__ __.6",0.1125,0.1162,0.046,1,1,0.589,1,"UC_before_great vs UC_before_poor"
"Dorea formicigenerans",0.00645,0.007302,0.179,0.5,0.538,0.5925,1,"UC_before_great vs UC_before_poor"
"Bilophila",0.001044,0.001089,0.062,0.25,0.154,0.5986,1,"UC_before_great vs UC_before_poor"
"Pseudomonas viridiflava",0.003932,0.004075,0.052,0.375,0.615,0.6199,1,"UC_before_great vs UC_before_poor"
"unclassified f:Erysipelotrichaceae",0.01106,0.01344,0.281,0.5,0.692,0.6329,1,"UC_before_great vs UC_before_poor"
"Rothia mucilaginosa",0.006567,0.005453,-0.268,0.625,0.692,0.6383,1,"UC_before_great vs UC_before_poor"
"Bifidobacterium adolescentis",0.0804,0.03555,-1.178,0.625,0.692,0.6383,1,"UC_before_great vs UC_before_poor"
"Lactobacillus helveticus",0.001564,0.02796,4.159,0.25,0.154,0.6423,1,"UC_before_great vs UC_before_poor"
"Turicibacter",0.0004725,0.0007388,0.644,0.25,0.154,0.6423,1,"UC_before_great vs UC_before_poor"
"unclassified f:Gemellaceae",0.0005358,0.0006642,0.31,0.25,0.154,0.6423,1,"UC_before_great vs UC_before_poor"
"Parabacteroides",0.001151,0.00114,-0.014,0.25,0.154,0.6423,1,"UC_before_great vs UC_before_poor"
"__ __.12",0.0002945,0.001324,2.165,0.188,0.231,0.6423,1,"UC_before_great vs UC_before_poor"
"unclassified o:Streptophyta",0.0004961,4.968e-05,-3.294,0.125,0.077,0.6483,1,"UC_before_great vs UC_before_poor"
"Dialister",0.02237,0.02573,0.202,0.688,0.769,0.6577,1,"UC_before_great vs UC_before_poor"
"Phascolarctobacterium",0.002106,0.004708,1.16,0.25,0.308,0.6763,1,"UC_before_great vs UC_before_poor"
"Blautia obeum",0.001669,0.003256,0.964,0.188,0.231,0.6873,1,"UC_before_great vs UC_before_poor"
"unclassified f:Clostridiaceae",0.001739,0.002146,0.303,0.312,0.385,0.6981,1,"UC_before_great vs UC_before_poor"
"Fusobacterium",0.001717,0.0007661,-1.163,0.125,0.077,0.709,1,"UC_before_great vs UC_before_poor"
"unclassified f:Peptostreptococcaceae",0.0006749,0.0004898,-0.462,0.125,0.077,0.709,1,"UC_before_great vs UC_before_poor"
"Coprococcus eutactus",0.0006015,0.0007042,0.227,0.125,0.077,0.709,1,"UC_before_great vs UC_before_poor"
"[Ruminococcus]",0.007061,0.00551,-0.358,0.438,0.385,0.7129,1,"UC_before_great vs UC_before_poor"
"Clostridium ramosum",0.004081,0.002594,-0.653,0.312,0.231,0.7175,1,"UC_before_great vs UC_before_poor"
"Veillonella __",0.003349,0.004539,0.438,0.312,0.385,0.7368,1,"UC_before_great vs UC_before_poor"
"__ __.1",0.03036,0.02992,-0.021,0.938,0.769,0.7586,1,"UC_before_great vs UC_before_poor"
"Atopobium",0.001523,0.001693,0.153,0.25,0.308,0.7595,1,"UC_before_great vs UC_before_poor"
"Dorea",0.01188,0.01034,-0.2,0.688,0.538,0.7694,1,"UC_before_great vs UC_before_poor"
"Blautia",0.01538,0.01709,0.152,0.75,0.769,0.7741,1,"UC_before_great vs UC_before_poor"
"Lactobacillus",0.008576,0.03246,1.92,0.688,0.846,0.7741,1,"UC_before_great vs UC_before_poor"
"Clostridium spiroforme",0.002199,0.001115,-0.979,0.188,0.154,0.7899,1,"UC_before_great vs UC_before_poor"
"unclassified f:Caulobacteraceae",0.001848,0.001452,-0.348,0.188,0.154,0.7899,1,"UC_before_great vs UC_before_poor"
"Bifidobacterium bifidum",0.001814,0.0009054,-1.002,0.188,0.154,0.7899,1,"UC_before_great vs UC_before_poor"
"Bacteroides ovatus",0.01312,0.008956,-0.551,0.5,0.538,0.798,1,"UC_before_great vs UC_before_poor"
"Lactobacillus reuteri",0.0005141,0.0008098,0.654,0.125,0.154,0.798,1,"UC_before_great vs UC_before_poor"
"Alistipes putredinis",0.001368,0.00276,1.012,0.125,0.154,0.798,1,"UC_before_great vs UC_before_poor"
"__ __.3",0.0002239,0.000278,0.311,0.25,0.308,0.8022,1,"UC_before_great vs UC_before_poor"
"[Eubacterium] dolichum",0.001208,0.0009367,-0.366,0.188,0.231,0.8284,1,"UC_before_great vs UC_before_poor"
"__ __.9",0.0003245,0.001097,1.754,0.188,0.231,0.8284,1,"UC_before_great vs UC_before_poor"
"Lachnospira",0.00712,0.01052,0.563,0.5,0.615,0.8361,1,"UC_before_great vs UC_before_poor"
"Brevundimonas __",0.001345,0.001427,0.085,0.25,0.308,0.8455,1,"UC_before_great vs UC_before_poor"
"__ __.5",0.000123,5.45e-05,-1.16,0.125,0.154,0.8549,1,"UC_before_great vs UC_before_poor"
"unclassified f:Christensenellaceae",0.0004911,0.0008125,0.725,0.125,0.154,0.8549,1,"UC_before_great vs UC_before_poor"
"[Eubacterium] biforme",0.001222,0.004171,1.771,0.125,0.154,0.8549,1,"UC_before_great vs UC_before_poor"
"Catenibacterium",0.0002347,0.001785,2.922,0.062,0.077,0.881,1,"UC_before_great vs UC_before_poor"
"Paraprevotella",2.205e-05,0.000208,3.181,0.062,0.077,0.881,1,"UC_before_great vs UC_before_poor"
"Prevotella stercorea",4.656e-05,5.762e-05,0.302,0.062,0.077,0.881,1,"UC_before_great vs UC_before_poor"
"unclassified f:Chitinophagaceae",0.0004595,0.000414,-0.15,0.188,0.154,0.894,1,"UC_before_great vs UC_before_poor"
"Clostridium",0.003726,0.003292,-0.179,0.438,0.462,0.9234,1,"UC_before_great vs UC_before_poor"
"Eggerthella lenta",0.002037,0.001517,-0.425,0.25,0.308,0.9335,1,"UC_before_great vs UC_before_poor"
"unclassified f:Ruminococcaceae",0.002323,0.002013,-0.207,0.5,0.538,0.9443,1,"UC_before_great vs UC_before_poor"
"__ __.11",0.0005954,0.00108,0.858,0.188,0.154,0.9469,1,"UC_before_great vs UC_before_poor"
"Desulfovibrio D168",0.0002251,0.0001891,-0.25,0.062,0.077,0.9602,1,"UC_before_great vs UC_before_poor"
"Ruminococcus callidus",0.0006696,0.0005999,-0.158,0.062,0.077,0.9602,1,"UC_before_great vs UC_before_poor"
"Clostridium colinum",0.0007017,0.0001752,-1.996,0.062,0.077,0.9602,1,"UC_before_great vs UC_before_poor"
"Ruminococcus",0.003937,0.006736,0.775,0.812,0.769,0.9649,1,"UC_before_great vs UC_before_poor"
"Caulobacter",0.00138,0.001353,-0.028,0.125,0.154,0.9708,1,"UC_before_great vs UC_before_poor"
"Coprococcus catus",0.001288,0.001519,0.238,0.25,0.231,0.9767,1,"UC_before_great vs UC_before_poor"
"Butyricicoccus pullicaecorum",0.001492,0.002054,0.461,0.25,0.231,0.9767,1,"UC_before_great vs UC_before_poor"
"unclassified f:S24-7",0.0007935,0.0004505,-0.815,0.375,0.385,0.98,1,"UC_before_great vs UC_before_poor"
"Bifidobacterium __",0.0004689,0.0003043,-0.622,0.375,0.462,0.9804,1,"UC_before_great vs UC_before_poor"
"Bifidobacterium breve",0.001352,0.0009333,-0.534,0.375,0.462,0.9804,1,"UC_before_great vs UC_before_poor"
"Bacteroides uniformis",0.009268,0.00792,-0.227,0.562,0.692,0.982,1,"UC_before_great vs UC_before_poor"
"Coprococcus",0.01251,0.0123,-0.024,0.625,0.692,0.9821,1,"UC_before_great vs UC_before_poor"
"Bacteroides",0.04125,0.03445,-0.26,0.875,0.923,0.9825,1,"UC_before_great vs UC_before_poor"
"Granulicatella",0.003927,0.004847,0.304,0.438,0.462,1,1,"UC_before_great vs UC_before_poor"
"Collinsella aerofaciens",0.008229,0.006487,-0.343,0.312,0.385,1,1,"UC_before_great vs UC_before_poor"
"Blautia producta",0.003729,0.01799,2.27,0.312,0.308,1,1,"UC_before_great vs UC_before_poor"
"Bacteroides caccae",0.002247,0.002502,0.155,0.312,0.308,1,1,"UC_before_great vs UC_before_poor"
"Lactobacillus reuteri",0.001981,0.002399,0.276,0.056,0.444,0.01495,0.6831,"IBS_after_great vs IBS_after_poor"
"SMB53",0.0002764,0.002402,3.114,0.056,0.389,0.01891,0.6831,"IBS_after_great vs IBS_after_poor"
"Abiotrophia",0,0.001187,10.214,0,0.278,0.01922,0.6831,"IBS_after_great vs IBS_after_poor"
"__ __",0.0001296,0.0003979,1.61,0.222,0.556,0.03517,0.6831,"IBS_after_great vs IBS_after_poor"
"Bulleidia moorei",0,0.0002063,7.695,0,0.222,0.03958,0.6831,"IBS_after_great vs IBS_after_poor"
"Veillonella",0.002092,0,-11.032,0.222,0,0.03958,0.6831,"IBS_after_great vs IBS_after_poor"
"Veillonella parvula",0.0004031,0.002877,2.832,0.111,0.389,0.04362,0.6831,"IBS_after_great vs IBS_after_poor"
"__ __.4",3.267e-05,0.0003771,3.489,0.056,0.333,0.0464,0.6831,"IBS_after_great vs IBS_after_poor"
"Ruminococcus callidus",0.001054,0.0003845,-1.453,0.333,0.056,0.05741,0.6831,"IBS_after_great vs IBS_after_poor"
"Veillonella dispar",0.00303,0.00806,1.411,0.333,0.611,0.06689,0.6831,"IBS_after_great vs IBS_after_poor"
"Veillonella __",0.0006428,0.006231,3.275,0.222,0.444,0.07327,0.6831,"IBS_after_great vs IBS_after_poor"
"Coprococcus",0.005186,0.009205,0.828,0.5,0.778,0.07737,0.6831,"IBS_after_great vs IBS_after_poor"
"Lactobacillus",0.004822,0.02447,2.343,0.778,0.944,0.07871,0.6831,"IBS_after_great vs IBS_after_poor"
"unclassified f:Peptostreptococcaceae",1.532e-05,0.002052,6.975,0.056,0.278,0.07936,0.6831,"IBS_after_great vs IBS_after_poor"
"CF231",0,8.078e-05,6.354,0,0.167,0.08033,0.6831,"IBS_after_great vs IBS_after_poor"
"__ __.8",2.802e-05,0.0001361,2.24,0.111,0.389,0.08426,0.6831,"IBS_after_great vs IBS_after_poor"
"Granulicatella",0.0009447,0.003232,1.774,0.333,0.556,0.08539,0.6831,"IBS_after_great vs IBS_after_poor"
"Ruminococcus bromii",0.01726,0.004099,-2.073,0.722,0.556,0.09513,0.6994,"IBS_after_great vs IBS_after_poor"
"Dorea",0.0154,0.006854,-1.168,0.722,0.389,0.09771,0.6994,"IBS_after_great vs IBS_after_poor"
"Bifidobacterium",0.02824,0.05732,1.021,0.556,0.778,0.1257,0.791,"IBS_after_great vs IBS_after_poor"
"Clostridium __",0.002662,0.004195,0.656,0.222,0.444,0.1267,0.791,"IBS_after_great vs IBS_after_poor"
"__ __.2",0.0199,0.0336,0.755,0.833,1,0.1328,0.791,"IBS_after_great vs IBS_after_poor"
"Coprococcus eutactus",0.0001688,0.002252,3.73,0.056,0.222,0.1338,0.791,"IBS_after_great vs IBS_after_poor"
"Bacteroides plebeius",0.007374,0.006192,-0.252,0.222,0.556,0.1448,0.8203,"IBS_after_great vs IBS_after_poor"
"Eggerthella lenta",0.0004695,0.000898,0.934,0.167,0.389,0.1608,0.822,"IBS_after_great vs IBS_after_poor"
"Prevotella",0.0001061,0,-6.743,0.111,0,0.1632,0.822,"IBS_after_great vs IBS_after_poor"
"Clostridium neonatale",0,0.0003568,8.483,0,0.111,0.1632,0.822,"IBS_after_great vs IBS_after_poor"
"Bacteroides ovatus",0.004571,0.005815,0.347,0.722,0.333,0.1756,0.8529,"IBS_after_great vs IBS_after_poor"
"unclassified o:Streptophyta",0.00172,0.0005764,-1.576,0.111,0.333,0.1849,0.8603,"IBS_after_great vs IBS_after_poor"
"Blautia obeum",0.0006087,0.002391,1.972,0.111,0.278,0.208,0.8603,"IBS_after_great vs IBS_after_poor"
"unclassified o:Clostridiales",0.003928,0.00615,0.647,0.556,0.722,0.2122,0.8603,"IBS_after_great vs IBS_after_poor"
"__ __.12",0.00205,0.006026,1.555,0.278,0.444,0.2178,0.8603,"IBS_after_great vs IBS_after_poor"
"Ruminococcus __",0.000231,0.0009681,2.063,0.167,0.333,0.2197,0.8603,"IBS_after_great vs IBS_after_poor"
"Streptococcus __",0.001057,0.003517,1.734,0.167,0.333,0.2197,0.8603,"IBS_after_great vs IBS_after_poor"
"Rothia mucilaginosa",0.003657,0.005954,0.703,0.333,0.611,0.224,0.8603,"IBS_after_great vs IBS_after_poor"
"unclassified f:Clostridiaceae",0.001536,0.007665,2.318,0.333,0.444,0.2277,0.8603,"IBS_after_great vs IBS_after_poor"
"Parabacteroides distasonis",0.006895,0.005541,-0.315,0.722,0.5,0.2676,0.9648,"IBS_after_great vs IBS_after_poor"
"Prevotella stercorea",4.834e-05,0.002448,5.633,0.056,0.167,0.2707,0.9648,"IBS_after_great vs IBS_after_poor"
"Lactobacillus zeae",0.0004084,6.479e-05,-2.638,0.167,0.056,0.2967,0.9648,"IBS_after_great vs IBS_after_poor"
"Bacteroides caccae",0.001462,0.002086,0.512,0.111,0.278,0.3029,0.9648,"IBS_after_great vs IBS_after_poor"
"Coprococcus catus",0.0008125,0.001525,0.908,0.167,0.333,0.3081,0.9648,"IBS_after_great vs IBS_after_poor"
"Streptococcus",0.01952,0.01853,-0.075,0.778,0.833,0.3172,0.9648,"IBS_after_great vs IBS_after_poor"
"Clostridium",0.01324,0.00779,-0.765,0.667,0.611,0.3391,0.9648,"IBS_after_great vs IBS_after_poor"
"Sphingomonas yabuuchiae",0.0006259,0.002006,1.678,0.333,0.444,0.34,0.9648,"IBS_after_great vs IBS_after_poor"
"unclassified c:TM7-3",0.000106,0.001727,4.013,0.111,0.222,0.342,0.9648,"IBS_after_great vs IBS_after_poor"
"__ __.9",0.000252,0.001041,2.042,0.111,0.222,0.342,0.9648,"IBS_after_great vs IBS_after_poor"
"Roseburia",0.009986,0.003947,-1.339,0.389,0.556,0.3462,0.9648,"IBS_after_great vs IBS_after_poor"
"Lactobacillus salivarius",0.00184,0.0006954,-1.403,0.056,0.167,0.3536,0.9648,"IBS_after_great vs IBS_after_poor"
"__ __.11",0.0003964,0.0002339,-0.759,0.056,0.167,0.3536,0.9648,"IBS_after_great vs IBS_after_poor"
"Megasphaera",0.00832,0.003472,-1.261,0.444,0.333,0.3585,0.9648,"IBS_after_great vs IBS_after_poor"
"unclassified f:Christensenellaceae",0.002429,0.001028,-1.239,0.333,0.222,0.3673,0.9648,"IBS_after_great vs IBS_after_poor"
"Bacteroides __",0.002566,0.005413,1.077,0.389,0.5,0.385,0.9648,"IBS_after_great vs IBS_after_poor"
"Bifidobacterium adolescentis",0.04998,0.05849,0.227,0.444,0.667,0.3983,0.9648,"IBS_after_great vs IBS_after_poor"
"Actinomyces",0.005177,0.008023,0.632,0.611,0.722,0.4019,0.9648,"IBS_after_great vs IBS_after_poor"
"Sutterella",0.008518,0.009368,0.137,0.556,0.722,0.4086,0.9648,"IBS_after_great vs IBS_after_poor"
"Alistipes putredinis",0.004402,0.00165,-1.415,0.278,0.167,0.4088,0.9648,"IBS_after_great vs IBS_after_poor"
"Roseburia __",0.02138,0.02707,0.34,0.667,0.833,0.4162,0.9648,"IBS_after_great vs IBS_after_poor"
"unclassified f:[Mogibacteriaceae]",0.001852,0.001468,-0.336,0.333,0.5,0.4475,0.9648,"IBS_after_great vs IBS_after_poor"
"Ruminococcus",0.007684,0.01015,0.401,0.667,0.833,0.4537,0.9648,"IBS_after_great vs IBS_after_poor"
"Odoribacter",0.000865,0.0005685,-0.605,0.278,0.167,0.4599,0.9648,"IBS_after_great vs IBS_after_poor"
"Paraprevotella",0.002705,0.00177,-0.611,0.278,0.167,0.4599,0.9648,"IBS_after_great vs IBS_after_poor"
"Megamonas",0.04614,0.006319,-2.868,0.444,0.333,0.4604,0.9648,"IBS_after_great vs IBS_after_poor"
"unclassified f:Erysipelotrichaceae",0.01281,0.02377,0.892,0.667,0.722,0.4702,0.9648,"IBS_after_great vs IBS_after_poor"
"Bacteroides fragilis",0.002337,0.001739,-0.426,0.389,0.278,0.4737,0.9648,"IBS_after_great vs IBS_after_poor"
"[Eubacterium] biforme",0.002746,0.003328,0.277,0.222,0.111,0.4798,0.9648,"IBS_after_great vs IBS_after_poor"
"Dorea formicigenerans",0.006166,0.007978,0.372,0.556,0.667,0.4833,0.9648,"IBS_after_great vs IBS_after_poor"
"Clostridium colinum",0.00137,0.0002986,-2.194,0.222,0.167,0.5067,0.9648,"IBS_after_great vs IBS_after_poor"
"unclassified f:S24-7",0.0003105,0.001132,1.863,0.389,0.444,0.5133,0.9648,"IBS_after_great vs IBS_after_poor"
"Pseudomonas __",0.00141,0.001164,-0.277,0.278,0.167,0.5144,0.9648,"IBS_after_great vs IBS_after_poor"
"Akkermansia muciniphila",0.03814,0.04011,0.073,0.833,0.833,0.5259,0.9648,"IBS_after_great vs IBS_after_poor"
"Bifidobacterium breve",0.00061,0.001135,0.895,0.222,0.333,0.5346,0.9648,"IBS_after_great vs IBS_after_poor"
"Clostridium ramosum",0.002353,0.001194,-0.977,0.167,0.278,0.5428,0.9648,"IBS_after_great vs IBS_after_poor"
"Lachnospira",0.009232,0.007527,-0.294,0.5,0.667,0.5434,0.9648,"IBS_after_great vs IBS_after_poor"
"Blautia producta",0.001745,0.0005573,-1.645,0.222,0.167,0.5671,0.9648,"IBS_after_great vs IBS_after_poor"
"Lactobacillus __",0.001104,0.001537,0.477,0.333,0.278,0.5738,0.9648,"IBS_after_great vs IBS_after_poor"
"Atopobium",8.209e-05,0.0006496,2.969,0.056,0.111,0.5748,0.9648,"IBS_after_great vs IBS_after_poor"
"unclassified f:Desulfovibrionaceae",0.000191,6.488e-05,-1.543,0.111,0.056,0.5748,0.9648,"IBS_after_great vs IBS_after_poor"
"Lactobacillus helveticus",0.0003922,0.001068,1.443,0.111,0.167,0.5807,0.9648,"IBS_after_great vs IBS_after_poor"
"Dorea longicatena",0.0003677,0.0009387,1.35,0.167,0.222,0.5985,0.9648,"IBS_after_great vs IBS_after_poor"
"Anaerostipes",0.001312,0.001977,0.592,0.333,0.222,0.6165,0.9648,"IBS_after_great vs IBS_after_poor"
"Desulfovibrio D168",0.0001892,0.00122,2.683,0.111,0.167,0.6172,0.9648,"IBS_after_great vs IBS_after_poor"
"unclassified f:Gemellaceae",0.0001119,0.0006033,2.42,0.111,0.167,0.6172,0.9648,"IBS_after_great vs IBS_after_poor"
"unclassified f:Chitinophagaceae",9.87e-05,0.0001184,0.26,0.056,0.111,0.6206,0.9648,"IBS_after_great vs IBS_after_poor"
"Parabacteroides",0.002521,0.002521,0,0.444,0.333,0.6269,0.9648,"IBS_after_great vs IBS_after_poor"
"__ __.3",0.0001019,0.0001758,0.781,0.167,0.222,0.6307,0.9648,"IBS_after_great vs IBS_after_poor"
"Faecalibacterium __",0.000167,0.0001693,0.02,0.222,0.167,0.6307,0.9648,"IBS_after_great vs IBS_after_poor"
"Collinsella aerofaciens",0.01822,0.006385,-1.513,0.556,0.611,0.6339,0.9648,"IBS_after_great vs IBS_after_poor"
"Bifidobacterium __",0.00195,0.0004894,-1.992,0.556,0.5,0.6516,0.9648,"IBS_after_great vs IBS_after_poor"
"__ __.10",9.806e-05,0.0001153,0.231,0.167,0.111,0.6547,0.9648,"IBS_after_great vs IBS_after_poor"
"Turicibacter",0.003064,0.004671,0.608,0.222,0.278,0.6622,0.9648,"IBS_after_great vs IBS_after_poor"
"Clostridium spiroforme",0.0008378,0.0001822,-2.195,0.222,0.167,0.6636,0.9648,"IBS_after_great vs IBS_after_poor"
"Prevotella copri",0.04184,0.03329,-0.33,0.5,0.333,0.6845,0.9648,"IBS_after_great vs IBS_after_poor"
"Pseudomonas viridiflava",0.003764,0.003415,-0.14,0.5,0.333,0.6845,0.9648,"IBS_after_great vs IBS_after_poor"
"Butyricimonas",0.000432,0.0004499,0.058,0.167,0.111,0.6932,0.9648,"IBS_after_great vs IBS_after_poor"
"Hydrogenophaga __",0.0003962,0.0002642,-0.583,0.167,0.111,0.6932,0.9648,"IBS_after_great vs IBS_after_poor"
"Lactobacillus mucosae",0.001088,0.0007426,-0.55,0.167,0.111,0.6932,0.9648,"IBS_after_great vs IBS_after_poor"
"Bilophila",0.001535,0.002258,0.556,0.278,0.333,0.7125,0.9648,"IBS_after_great vs IBS_after_poor"
"Bifidobacterium animalis",0.0007462,0.0008478,0.184,0.222,0.278,0.7236,0.9648,"IBS_after_great vs IBS_after_poor"
"Dialister",0.01827,0.0254,0.476,0.833,0.833,0.7272,0.9648,"IBS_after_great vs IBS_after_poor"
"[Ruminococcus] gnavus",0.02501,0.007679,-1.703,0.611,0.556,0.7302,0.9648,"IBS_after_great vs IBS_after_poor"
"[Eubacterium] dolichum",0.001836,0.0002404,-2.928,0.222,0.167,0.7313,0.9648,"IBS_after_great vs IBS_after_poor"
"Klebsiella __",0.005365,0.006937,0.371,0.222,0.167,0.7313,0.9648,"IBS_after_great vs IBS_after_poor"
"Brevundimonas __",0.0006381,0.0008207,0.363,0.167,0.111,0.7324,0.9648,"IBS_after_great vs IBS_after_poor"
"unclassified f:Lachnospiraceae",0.01771,0.02008,0.181,0.667,0.833,0.7378,0.9648,"IBS_after_great vs IBS_after_poor"
"Desulfovibrio",0.001168,0.001295,0.149,0.333,0.389,0.7545,0.9772,"IBS_after_great vs IBS_after_poor"
"Desulfovibrio C21_c20",0.0005438,0.0005558,0.031,0.278,0.333,0.7711,0.9816,"IBS_after_great vs IBS_after_poor"
"Holdemania",0.0003803,0.0007574,0.992,0.167,0.111,0.7723,0.9816,"IBS_after_great vs IBS_after_poor"
"unclassified f:Rikenellaceae",0.001825,0.002641,0.533,0.333,0.389,0.7826,0.9818,"IBS_after_great vs IBS_after_poor"
"Acinetobacter rhizosphaerae",0.0007038,0.0008501,0.272,0.222,0.278,0.7868,0.9818,"IBS_after_great vs IBS_after_poor"
"Gemmiger formicilis",0.01937,0.01393,-0.475,0.556,0.778,0.8089,0.9973,"IBS_after_great vs IBS_after_poor"
"__ __.6",0.1663,0.1509,-0.14,0.944,1,0.8147,0.9973,"IBS_after_great vs IBS_after_poor"
"unclassified f:Coriobacteriaceae",0.005217,0.00221,-1.239,0.444,0.444,0.8213,0.9973,"IBS_after_great vs IBS_after_poor"
"Weissella __",0.002562,0.0007348,-1.8,0.167,0.222,0.8368,0.9998,"IBS_after_great vs IBS_after_poor"
"Hydrogenophaga palleronii",0.002892,0.001822,-0.666,0.278,0.278,0.8412,0.9998,"IBS_after_great vs IBS_after_poor"
"Bifidobacterium bifidum",0.001098,0.0005842,-0.909,0.167,0.167,0.8454,0.9998,"IBS_after_great vs IBS_after_poor"
"__ __.1",0.03328,0.0406,0.287,0.889,1,0.8618,1,"IBS_after_great vs IBS_after_poor"
"unclassified f:Ruminococcaceae",0.006616,0.005847,-0.178,0.611,0.611,0.8705,1,"IBS_after_great vs IBS_after_poor"
"[Ruminococcus] torques",0.002421,0.003132,0.371,0.278,0.278,0.8727,1,"IBS_after_great vs IBS_after_poor"
"Blautia",0.01799,0.01624,-0.148,0.778,0.944,0.8866,1,"IBS_after_great vs IBS_after_poor"
"Caulobacter",0.0008126,0.001023,0.332,0.222,0.167,0.9089,1,"IBS_after_great vs IBS_after_poor"
"__ __.7",0.0115,0.00991,-0.214,0.667,0.833,0.9111,1,"IBS_after_great vs IBS_after_poor"
"Enterococcus",0.001985,0.0007399,-1.423,0.167,0.167,0.9224,1,"IBS_after_great vs IBS_after_poor"
"Bacteroides uniformis",0.004735,0.004517,-0.068,0.444,0.444,0.9308,1,"IBS_after_great vs IBS_after_poor"
"Haemophilus parainfluenzae",0.008305,0.01076,0.373,0.611,0.5,0.9472,1,"IBS_after_great vs IBS_after_poor"
"unclassified f:Caulobacteraceae",0.001088,0.001239,0.188,0.222,0.222,0.948,1,"IBS_after_great vs IBS_after_poor"
"Faecalibacterium prausnitzii",0.04474,0.04029,-0.151,0.833,0.833,0.9494,1,"IBS_after_great vs IBS_after_poor"
"__ __.5",8.166e-05,4.242e-05,-0.929,0.167,0.167,0.9611,1,"IBS_after_great vs IBS_after_poor"
"Bifidobacterium longum",0.01284,0.01455,0.181,0.722,0.833,0.9746,1,"IBS_after_great vs IBS_after_poor"
"Butyricicoccus pullicaecorum",7.384e-05,0.0001171,0.658,0.111,0.111,0.9769,1,"IBS_after_great vs IBS_after_poor"
"[Ruminococcus]",0.009255,0.01162,0.328,0.444,0.556,0.9865,1,"IBS_after_great vs IBS_after_poor"
"Bacteroides",0.02656,0.01809,-0.554,0.611,0.778,0.9872,1,"IBS_after_great vs IBS_after_poor"
"Oscillospira",0.007825,0.01169,0.579,0.778,0.722,0.9873,1,"IBS_after_great vs IBS_after_poor"
"Phascolarctobacterium",0.01246,0.01062,-0.23,0.556,0.611,1,1,"IBS_after_great vs IBS_after_poor"
"Catenibacterium",0.01637,0.005207,-1.653,0.222,0.222,1,1,"IBS_after_great vs IBS_after_poor"
"Fusobacterium",0.0001248,5.734e-05,-1.109,0.056,0.056,1,1,"IBS_after_great vs IBS_after_poor"
"Clostridium citroniae",0.001068,0.001187,0.153,0.111,0.111,1,1,"IBS_after_great vs IBS_after_poor"
"Streptococcus __",0.002741,4.736e-05,-5.825,0.5,0.077,0.01496,0.8378,"UC_after_great vs UC_after_poor"
"Parabacteroides",0,0.0147,13.844,0,0.308,0.02125,0.8378,"UC_after_great vs UC_after_poor"
"Abiotrophia",0.001085,0,-10.085,0.312,0,0.03306,0.8378,"UC_after_great vs UC_after_poor"
"Bacteroides uniformis",0.002537,0.007531,1.569,0.188,0.615,0.03934,0.8378,"UC_after_great vs UC_after_poor"
"Desulfovibrio",0.0004556,0.002086,2.193,0.125,0.462,0.04219,0.8378,"UC_after_great vs UC_after_poor"
"Hydrogenophaga __",0.0004139,0,-8.697,0.25,0,0.06221,0.8378,"UC_after_great vs UC_after_poor"
"Bacteroides",0.01556,0.05768,1.89,0.875,0.846,0.08286,0.8378,"UC_after_great vs UC_after_poor"
"__ __.7",0.003348,0.01279,1.933,0.688,0.769,0.08395,0.8378,"UC_after_great vs UC_after_poor"
"Veillonella dispar",0.00178,0.007808,2.132,0.375,0.615,0.08472,0.8378,"UC_after_great vs UC_after_poor"
"Bifidobacterium __",0.001072,0.0004859,-1.14,0.625,0.308,0.0936,0.8378,"UC_after_great vs UC_after_poor"
"Klebsiella __",0.001126,0.00443,1.975,0.125,0.385,0.1217,0.8378,"UC_after_great vs UC_after_poor"
"__ __.5",0,6.012e-05,5.933,0,0.154,0.1219,0.8378,"UC_after_great vs UC_after_poor"
"__ __.9",0,0.0001919,7.592,0,0.154,0.1219,0.8378,"UC_after_great vs UC_after_poor"
"Odoribacter",0,0.0005828,9.189,0,0.154,0.1219,0.8378,"UC_after_great vs UC_after_poor"
"Ruminococcus callidus",0,6e-04,9.231,0,0.154,0.1219,0.8378,"UC_after_great vs UC_after_poor"
"Bacteroides caccae",0,0.0007421,9.537,0,0.154,0.1219,0.8378,"UC_after_great vs UC_after_poor"
"[Ruminococcus] torques",0,0.002068,11.015,0,0.154,0.1219,0.8378,"UC_after_great vs UC_after_poor"
"Veillonella",0,0.01432,13.806,0,0.154,0.1219,0.8378,"UC_after_great vs UC_after_poor"
"Lactobacillus salivarius",0.0005081,0.001152,1.18,0.062,0.308,0.1255,0.8378,"UC_after_great vs UC_after_poor"
"Clostridium ramosum",0.00474,0.004127,-0.2,0.625,0.231,0.13,0.8378,"UC_after_great vs UC_after_poor"
"Gemmiger formicilis",0.00381,0.009522,1.321,0.312,0.538,0.1346,0.8378,"UC_after_great vs UC_after_poor"
"unclassified f:Gemellaceae",0.0004968,0.0003881,-0.355,0.312,0.077,0.1831,0.8378,"UC_after_great vs UC_after_poor"
"Bifidobacterium",0.2654,0.1444,-0.879,0.938,0.923,0.1883,0.8378,"UC_after_great vs UC_after_poor"
"Turicibacter",0.002795,9.647e-05,-4.842,0.25,0.077,0.194,0.8378,"UC_after_great vs UC_after_poor"
"__ __.6",0.1185,0.1717,0.535,0.938,1,0.1991,0.8378,"UC_after_great vs UC_after_poor"
"Eggerthella lenta",0.0006633,0.0024,1.854,0.312,0.538,0.2109,0.8378,"UC_after_great vs UC_after_poor"
"Granulicatella",0.002204,0.00226,0.036,0.562,0.308,0.2114,0.8378,"UC_after_great vs UC_after_poor"
"Clostridium spiroforme",0.00108,0,-10.078,0.125,0,0.2122,0.8378,"UC_after_great vs UC_after_poor"
"Parabacteroides distasonis",0.004327,0.006185,0.515,0.438,0.692,0.2232,0.8378,"UC_after_great vs UC_after_poor"
"Megasphaera",0.0004179,0.00445,3.409,0.25,0.385,0.2289,0.8378,"UC_after_great vs UC_after_poor"
"Bifidobacterium animalis",0.0004904,0.001477,1.589,0.375,0.154,0.2314,0.8378,"UC_after_great vs UC_after_poor"
"Ruminococcus",0.002663,0.008165,1.616,0.688,0.769,0.2315,0.8378,"UC_after_great vs UC_after_poor"
"unclassified o:Streptophyta",0.0009709,0.0001692,-2.514,0.25,0.077,0.2438,0.8378,"UC_after_great vs UC_after_poor"
"Bacteroides __",0.0007224,0.02177,4.911,0.312,0.462,0.2477,0.8378,"UC_after_great vs UC_after_poor"
"[Ruminococcus] gnavus",0.01798,0.01696,-0.085,0.812,0.615,0.2493,0.8378,"UC_after_great vs UC_after_poor"
"Lactobacillus helveticus",0.007521,0.007067,-0.09,0.375,0.154,0.2538,0.8378,"UC_after_great vs UC_after_poor"
"Veillonella __",0.001696,0.003719,1.132,0.188,0.385,0.2538,0.8378,"UC_after_great vs UC_after_poor"
"unclassified f:Lachnospiraceae",0.007254,0.008864,0.289,0.438,0.692,0.2601,0.8378,"UC_after_great vs UC_after_poor"
"__ __.8",0.0002821,0.0001862,-0.597,0.25,0.077,0.2718,0.8378,"UC_after_great vs UC_after_poor"
"Desulfovibrio C21_c20",0.0004498,0.0001564,-1.518,0.25,0.077,0.2718,0.8378,"UC_after_great vs UC_after_poor"
"Rothia mucilaginosa",0.002153,0.003199,0.571,0.562,0.385,0.2879,0.8378,"UC_after_great vs UC_after_poor"
"Roseburia __",0.01167,0.03514,1.59,0.562,0.692,0.2893,0.8378,"UC_after_great vs UC_after_poor"
"Blautia producta",0.009409,0.004129,-1.188,0.562,0.308,0.2903,0.8378,"UC_after_great vs UC_after_poor"
"Clostridium",0.003185,0.002722,-0.227,0.312,0.538,0.2915,0.8378,"UC_after_great vs UC_after_poor"
"Dialister",0.01066,0.01208,0.181,0.625,0.846,0.2977,0.8378,"UC_after_great vs UC_after_poor"
"Butyricimonas",0,0.0001769,7.475,0,0.077,0.2983,0.8378,"UC_after_great vs UC_after_poor"
"unclassified f:Peptostreptococcaceae",0,3.168e-05,5.03,0,0.077,0.2983,0.8378,"UC_after_great vs UC_after_poor"
"Ruminococcus bromii",0.003044,0.003637,0.257,0.375,0.538,0.3245,0.8923,"UC_after_great vs UC_after_poor"
"Faecalibacterium prausnitzii",0.06718,0.03046,-1.141,0.875,0.692,0.3437,0.8951,"UC_after_great vs UC_after_poor"
"unclassified f:Coriobacteriaceae",0.0006092,0.001959,1.684,0.188,0.308,0.3501,0.8951,"UC_after_great vs UC_after_poor"
"Coprococcus catus",0.0006955,0.001986,1.513,0.188,0.308,0.3501,0.8951,"UC_after_great vs UC_after_poor"
"Actinomyces",0.01067,0.01068,0.002,0.812,0.692,0.3653,0.8951,"UC_after_great vs UC_after_poor"
"Megamonas",0.005485,0.02568,2.227,0.438,0.538,0.3822,0.8951,"UC_after_great vs UC_after_poor"
"Weissella __",0.002373,0.0003474,-2.769,0.438,0.308,0.3929,0.8951,"UC_after_great vs UC_after_poor"
"__ __.11",0.000286,0,-8.165,0.062,0,0.4054,0.8951,"UC_after_great vs UC_after_poor"
"unclassified f:Rikenellaceae",1.129e-05,0.002458,7.644,0.062,0.154,0.4069,0.8951,"UC_after_great vs UC_after_poor"
"Desulfovibrio D168",7.34e-05,0.00135,4.182,0.062,0.154,0.4069,0.8951,"UC_after_great vs UC_after_poor"
"Clostridium neonatale",0.0004822,0.001464,1.6,0.062,0.154,0.4069,0.8951,"UC_after_great vs UC_after_poor"
"Holdemania",3.935e-05,0.0008531,4.404,0.062,0.154,0.4069,0.8951,"UC_after_great vs UC_after_poor"
"Veillonella parvula",5.047e-05,0.0008751,4.089,0.062,0.154,0.4069,0.8951,"UC_after_great vs UC_after_poor"
"Sutterella",0.01082,0.005872,-0.882,0.625,0.462,0.4212,0.9002,"UC_after_great vs UC_after_poor"
"Dorea longicatena",0.002006,0.002095,0.063,0.438,0.231,0.4228,0.9002,"UC_after_great vs UC_after_poor"
"Bacteroides ovatus",0.005714,0.01328,1.216,0.375,0.462,0.447,0.9266,"UC_after_great vs UC_after_poor"
"Lachnospira",0.001552,0.003505,1.175,0.312,0.385,0.4534,0.9266,"UC_after_great vs UC_after_poor"
"[Ruminococcus]",0.007647,0.004311,-0.827,0.5,0.385,0.4563,0.9266,"UC_after_great vs UC_after_poor"
"unclassified f:S24-7",0.0004809,0.0004049,-0.247,0.438,0.308,0.4817,0.9633,"UC_after_great vs UC_after_poor"
"[Eubacterium] dolichum",0.0004042,0.0007172,0.826,0.312,0.154,0.5206,0.9674,"UC_after_great vs UC_after_poor"
"Clostridium __",0.00122,0.001759,0.528,0.312,0.154,0.5206,0.9674,"UC_after_great vs UC_after_poor"
"unclassified f:[Mogibacteriaceae]",0.0002951,0.001243,2.071,0.25,0.308,0.5221,0.9674,"UC_after_great vs UC_after_poor"
"Acinetobacter rhizosphaerae",0.0002617,0.0005637,1.104,0.125,0.231,0.5269,0.9674,"UC_after_great vs UC_after_poor"
"__ __.2",0.01404,0.009389,-0.58,0.812,0.769,0.5375,0.9674,"UC_after_great vs UC_after_poor"
"unclassified c:TM7-3",0.0009177,0.001526,0.733,0.375,0.231,0.5386,0.9674,"UC_after_great vs UC_after_poor"
"Oscillospira",0.004352,0.008661,0.993,0.625,0.615,0.5427,0.9674,"UC_after_great vs UC_after_poor"
"__ __",0.00035,0.0002722,-0.362,0.562,0.462,0.5452,0.9674,"UC_after_great vs UC_after_poor"
"Streptococcus",0.01137,0.01038,-0.131,0.75,0.692,0.5497,0.9674,"UC_after_great vs UC_after_poor"
"Bacteroides fragilis",0.001512,0.00105,-0.526,0.312,0.231,0.5589,0.9678,"UC_after_great vs UC_after_poor"
"unclassified f:Ruminococcaceae",0.003132,0.002514,-0.317,0.812,0.615,0.5646,0.9678,"UC_after_great vs UC_after_poor"
"Blautia",0.01313,0.01933,0.558,0.875,0.846,0.5831,0.9755,"UC_after_great vs UC_after_poor"
"Catenibacterium",0.001388,0.003014,1.118,0.25,0.154,0.5986,0.9755,"UC_after_great vs UC_after_poor"
"unclassified f:Caulobacteraceae",0.0006732,0.001578,1.228,0.188,0.231,0.5986,0.9755,"UC_after_great vs UC_after_poor"
"Caulobacter",0.0005254,0.001368,1.379,0.188,0.231,0.5986,0.9755,"UC_after_great vs UC_after_poor"
"[Eubacterium] biforme",0.00323,0.001185,-1.446,0.125,0.231,0.6174,0.9874,"UC_after_great vs UC_after_poor"
"unclassified o:Clostridiales",0.001897,0.003198,0.753,0.438,0.462,0.6308,0.9874,"UC_after_great vs UC_after_poor"
"__ __.12",0.001711,0.001509,-0.181,0.25,0.154,0.6423,0.9874,"UC_after_great vs UC_after_poor"
"Bulleidia moorei",0.0002068,2.234e-05,-3.154,0.125,0.077,0.6483,0.9874,"UC_after_great vs UC_after_poor"
"Enterococcus",0.001893,0.002883,0.607,0.375,0.385,0.6692,0.9874,"UC_after_great vs UC_after_poor"
"Bifidobacterium longum",0.02389,0.01924,-0.312,0.75,0.846,0.6756,0.9874,"UC_after_great vs UC_after_poor"
"Roseburia",0.003719,0.003015,-0.303,0.25,0.308,0.6763,0.9874,"UC_after_great vs UC_after_poor"
"Bifidobacterium bifidum",0.002475,0.002689,0.12,0.312,0.231,0.6763,0.9874,"UC_after_great vs UC_after_poor"
"__ __.1",0.02871,0.02384,-0.268,0.875,0.923,0.6768,0.9874,"UC_after_great vs UC_after_poor"
"Clostridium citroniae",0.002406,0.0008726,-1.462,0.188,0.154,0.6894,0.9874,"UC_after_great vs UC_after_poor"
"Dorea",0.005231,0.005671,0.117,0.562,0.538,0.696,0.9874,"UC_after_great vs UC_after_poor"
"Prevotella copri",0.0007084,0.01108,3.966,0.312,0.308,0.7081,0.9874,"UC_after_great vs UC_after_poor"
"Anaerostipes",0.001222,0.001758,0.525,0.25,0.308,0.7175,0.9874,"UC_after_great vs UC_after_poor"
"Prevotella",7.624e-05,0.00048,2.639,0.188,0.231,0.7334,0.9874,"UC_after_great vs UC_after_poor"
"Coprococcus",0.008025,0.01095,0.448,0.688,0.615,0.754,0.9874,"UC_after_great vs UC_after_poor"
"__ __.3",0.003505,0.004575,0.384,0.438,0.538,0.7588,0.9874,"UC_after_great vs UC_after_poor"
"Lactobacillus reuteri",0.001444,0.002393,0.728,0.375,0.231,0.7687,0.9874,"UC_after_great vs UC_after_poor"
"unclassified f:Desulfovibrionaceae",0.0001683,0.0001929,0.196,0.125,0.077,0.7716,0.9874,"UC_after_great vs UC_after_poor"
"Alistipes putredinis",0.0001629,0.0007581,2.212,0.125,0.077,0.7716,0.9874,"UC_after_great vs UC_after_poor"
"Lactobacillus",0.007372,0.00714,-0.046,0.875,0.846,0.7753,0.9874,"UC_after_great vs UC_after_poor"
"__ __.4",0.0008422,0.000174,-2.269,0.188,0.154,0.7899,0.9874,"UC_after_great vs UC_after_poor"
"Clostridium colinum",0.00191,0.001162,-0.717,0.188,0.154,0.7899,0.9874,"UC_after_great vs UC_after_poor"
"Ruminococcus __",0.0005973,0.001128,0.916,0.125,0.154,0.798,0.9874,"UC_after_great vs UC_after_poor"
"unclassified f:Clostridiaceae",0.0004516,0.001117,1.305,0.125,0.154,0.798,0.9874,"UC_after_great vs UC_after_poor"
"Lactobacillus zeae",0.0004227,0.0005812,0.458,0.125,0.154,0.798,0.9874,"UC_after_great vs UC_after_poor"
"Bifidobacterium adolescentis",0.1343,0.05175,-1.375,0.562,0.538,0.8004,0.9874,"UC_after_great vs UC_after_poor"
"Hydrogenophaga palleronii",0.001809,0.004808,1.41,0.25,0.231,0.838,1,"UC_after_great vs UC_after_poor"
"SMB53",0.00072,0.0007676,0.092,0.188,0.154,0.8416,1,"UC_after_great vs UC_after_poor"
"Blautia obeum",0.00419,0.002436,-0.782,0.25,0.308,0.8455,1,"UC_after_great vs UC_after_poor"
"Faecalibacterium __",6.485e-05,8.313e-05,0.354,0.125,0.154,0.8549,1,"UC_after_great vs UC_after_poor"
"Akkermansia muciniphila",0.003186,0.003037,-0.069,0.438,0.385,0.8637,1,"UC_after_great vs UC_after_poor"
"unclassified f:Erysipelotrichaceae",0.02508,0.01529,-0.714,0.688,0.692,0.8762,1,"UC_after_great vs UC_after_poor"
"unclassified f:Christensenellaceae",7.206e-06,0.000185,4.503,0.062,0.077,0.881,1,"UC_after_great vs UC_after_poor"
"unclassified f:Chitinophagaceae",3.636e-05,0.0001447,1.964,0.062,0.077,0.881,1,"UC_after_great vs UC_after_poor"
"Collinsella aerofaciens",0.004939,0.006362,0.365,0.438,0.462,0.8854,1,"UC_after_great vs UC_after_poor"
"Butyricicoccus pullicaecorum",0.0005113,0.0006143,0.264,0.188,0.154,0.894,1,"UC_after_great vs UC_after_poor"
"Haemophilus parainfluenzae",0.004024,0.007246,0.848,0.562,0.462,0.9258,1,"UC_after_great vs UC_after_poor"
"Pseudomonas viridiflava",0.003792,0.004021,0.085,0.562,0.615,0.9275,1,"UC_after_great vs UC_after_poor"
"Brevundimonas __",0.0005074,0.001087,1.098,0.25,0.231,0.9302,1,"UC_after_great vs UC_after_poor"
"Phascolarctobacterium",0.008763,0.003839,-1.191,0.375,0.385,0.9399,1,"UC_after_great vs UC_after_poor"
"Pseudomonas __",0.0004939,0.0002626,-0.909,0.062,0.077,0.9602,1,"UC_after_great vs UC_after_poor"
"__ __.10",2.448e-05,1.882e-05,-0.362,0.062,0.077,0.9602,1,"UC_after_great vs UC_after_poor"
"Bilophila",0.0007047,0.0001074,-2.702,0.062,0.077,0.9602,1,"UC_after_great vs UC_after_poor"
"Prevotella stercorea",1.907e-05,2.234e-05,0.218,0.062,0.077,0.9602,1,"UC_after_great vs UC_after_poor"
"Lactobacillus __",0.002506,0.0032,0.352,0.25,0.231,0.9767,1,"UC_after_great vs UC_after_poor"
"Atopobium",0.0005372,0.0008315,0.629,0.25,0.231,0.9767,1,"UC_after_great vs UC_after_poor"
"Lactobacillus mucosae",0.003117,0.004845,0.636,0.375,0.308,0.9794,1,"UC_after_great vs UC_after_poor"
"Sphingomonas yabuuchiae",0.0008888,0.001049,0.239,0.438,0.385,0.9804,1,"UC_after_great vs UC_after_poor"
"Bacteroides plebeius",0.005275,0.001294,-2.026,0.312,0.308,1,1,"UC_after_great vs UC_after_poor"
"Dorea formicigenerans",0.00625,0.004937,-0.34,0.438,0.462,1,1,"UC_after_great vs UC_after_poor"
"Bifidobacterium breve",0.001038,0.00082,-0.339,0.375,0.385,1,1,"UC_after_great vs UC_after_poor"
"unclassified f:Desulfovibrionaceae",0.0009234,0.000128,-2.842,0.361,0.083,0.002964,0.2395,"IBS_before vs IBS_after"
"Bacteroides __",0.01063,0.00399,-1.413,0.75,0.444,0.003522,0.2395,"IBS_before vs IBS_after"
"Lactobacillus reuteri",0.0001189,0.00219,4.191,0.028,0.25,0.006608,0.2761,"IBS_before vs IBS_after"
"Fusobacterium",0.002257,9.109e-05,-4.616,0.278,0.056,0.009022,0.2761,"IBS_before vs IBS_after"
"Bifidobacterium __",0.0001941,0.00122,2.646,0.278,0.528,0.01015,0.2761,"IBS_before vs IBS_after"
"unclassified f:Coriobacteriaceae",0.001049,0.003714,1.822,0.167,0.444,0.01424,0.3228,"IBS_before vs IBS_after"
"Bifidobacterium animalis",2.015e-05,0.000797,5.238,0.056,0.25,0.01889,0.367,"IBS_before vs IBS_after"
"Akkermansia muciniphila",0.01036,0.03912,1.917,0.611,0.833,0.0301,0.4771,"IBS_before vs IBS_after"
"Coprococcus catus",0.0003814,0.001169,1.613,0.056,0.25,0.03157,0.4771,"IBS_before vs IBS_after"
"SMB53",0.0003754,0.001339,1.832,0.056,0.222,0.04606,0.603,"IBS_before vs IBS_after"
"Bacteroides uniformis",0.009272,0.004626,-1.003,0.611,0.444,0.05016,0.603,"IBS_before vs IBS_after"
"Blautia",0.01183,0.01712,0.533,0.667,0.861,0.0561,0.603,"IBS_before vs IBS_after"
"Brevundimonas __",0.00176,0.0007294,-1.27,0.333,0.139,0.05764,0.603,"IBS_before vs IBS_after"
"Veillonella",0.003936,0.001046,-1.911,0.278,0.111,0.06428,0.6245,"IBS_before vs IBS_after"
"Clostridium __",0.001864,0.003428,0.879,0.139,0.333,0.07066,0.6406,"IBS_before vs IBS_after"
"Ruminococcus bromii",0.005984,0.01068,0.835,0.444,0.639,0.08057,0.6568,"IBS_before vs IBS_after"
"Lactobacillus mucosae",1.065e-05,0.0009153,6.297,0.028,0.139,0.0821,0.6568,"IBS_before vs IBS_after"
"unclassified f:Chitinophagaceae",0.000595,0.0001086,-2.444,0.222,0.083,0.09256,0.6711,"IBS_before vs IBS_after"
"Clostridium spiroforme",0.0002695,0.00051,0.918,0.056,0.194,0.09375,0.6711,"IBS_before vs IBS_after"
"Dorea longicatena",0.001972,0.0006532,-1.593,0.333,0.194,0.1365,0.9284,"IBS_before vs IBS_after"
"Lactobacillus zeae",1.966e-05,0.0002366,3.524,0.028,0.111,0.1637,0.9453,"IBS_before vs IBS_after"
"Lactobacillus",0.003959,0.01465,1.887,0.639,0.861,0.1696,0.9453,"IBS_before vs IBS_after"
"Veillonella dispar",0.01055,0.005545,-0.928,0.583,0.472,0.1824,0.9453,"IBS_before vs IBS_after"
"Bacteroides fragilis",0.005437,0.002038,-1.415,0.5,0.333,0.1845,0.9453,"IBS_before vs IBS_after"
"Collinsella aerofaciens",0.007182,0.0123,0.776,0.417,0.583,0.1894,0.9453,"IBS_before vs IBS_after"
"[Ruminococcus] gnavus",0.02671,0.01634,-0.709,0.694,0.583,0.1923,0.9453,"IBS_before vs IBS_after"
"unclassified f:Caulobacteraceae",0.002133,0.001164,-0.873,0.361,0.222,0.1945,0.9453,"IBS_before vs IBS_after"
"Bacteroides ovatus",0.01199,0.005193,-1.207,0.583,0.528,0.1946,0.9453,"IBS_before vs IBS_after"
"__ __.5",9.026e-06,6.204e-05,2.652,0.083,0.167,0.2205,0.9865,"IBS_before vs IBS_after"
"Abiotrophia",8.967e-05,0.0005935,2.713,0.056,0.139,0.224,0.9865,"IBS_before vs IBS_after"
"Bacteroides",0.02807,0.02232,-0.33,0.833,0.694,0.2452,0.9865,"IBS_before vs IBS_after"
"unclassified f:Erysipelotrichaceae",0.009315,0.01829,0.973,0.583,0.694,0.2582,0.9865,"IBS_before vs IBS_after"
"Streptococcus __",0.002643,0.002287,-0.209,0.389,0.25,0.2674,0.9865,"IBS_before vs IBS_after"
"Bilophila",0.002704,0.001897,-0.511,0.417,0.306,0.2712,0.9865,"IBS_before vs IBS_after"
"Enterococcus",0.00168,0.001363,-0.302,0.278,0.167,0.2752,0.9865,"IBS_before vs IBS_after"
"Dialister",0.02464,0.02183,-0.174,0.667,0.833,0.2885,0.9865,"IBS_before vs IBS_after"
"Faecalibacterium __",5.105e-05,0.0001682,1.701,0.111,0.194,0.3009,0.9865,"IBS_before vs IBS_after"
"[Ruminococcus]",0.00624,0.01044,0.742,0.361,0.5,0.3035,0.9865,"IBS_before vs IBS_after"
"Coprococcus eutactus",0.002473,0.001211,-1.03,0.222,0.139,0.3259,0.9865,"IBS_before vs IBS_after"
"Ruminococcus callidus",0.001671,0.0007194,-1.214,0.278,0.194,0.3292,0.9865,"IBS_before vs IBS_after"
"Prevotella copri",0.03978,0.03756,-0.083,0.5,0.417,0.3413,0.9865,"IBS_before vs IBS_after"
"Lactobacillus helveticus",0.001333,0.0007302,-0.868,0.222,0.139,0.3513,0.9865,"IBS_before vs IBS_after"
"__ __.12",0.002554,0.004038,0.661,0.278,0.361,0.3583,0.9865,"IBS_before vs IBS_after"
"unclassified f:[Mogibacteriaceae]",0.0004917,0.00166,1.753,0.361,0.417,0.3627,0.9865,"IBS_before vs IBS_after"
"Prevotella stercorea",0.002567,0.001248,-1.04,0.194,0.111,0.3636,0.9865,"IBS_before vs IBS_after"
"Clostridium neonatale",0.0003863,0.0001784,-1.111,0.111,0.056,0.3911,0.9865,"IBS_before vs IBS_after"
"Pseudomonas viridiflava",0.004427,0.00359,-0.303,0.5,0.417,0.4003,0.9865,"IBS_before vs IBS_after"
"Klebsiella __",0.002972,0.006151,1.049,0.278,0.194,0.4097,0.9865,"IBS_before vs IBS_after"
"Oscillospira",0.01399,0.009759,-0.519,0.722,0.75,0.4164,0.9865,"IBS_before vs IBS_after"
"Roseburia __",0.01802,0.02422,0.427,0.75,0.75,0.4203,0.9865,"IBS_before vs IBS_after"
"CF231",0.0001737,4.039e-05,-2.077,0.139,0.083,0.4208,0.9865,"IBS_before vs IBS_after"
"Odoribacter",0.001105,0.0007167,-0.624,0.306,0.222,0.4286,0.9865,"IBS_before vs IBS_after"
"Hydrogenophaga palleronii",0.003194,0.002357,-0.438,0.361,0.278,0.442,0.9865,"IBS_before vs IBS_after"
"Bifidobacterium",0.04024,0.04278,0.088,0.722,0.667,0.4474,0.9865,"IBS_before vs IBS_after"
"__ __.4",0.0005629,0.0002049,-1.453,0.111,0.194,0.4553,0.9865,"IBS_before vs IBS_after"
"Megamonas",0.02865,0.02623,-0.128,0.472,0.389,0.458,0.9865,"IBS_before vs IBS_after"
"Clostridium colinum",0.00145,0.0008343,-0.797,0.25,0.194,0.467,0.9865,"IBS_before vs IBS_after"
"Hydrogenophaga __",0.0002794,0.0003302,0.24,0.083,0.139,0.47,0.9865,"IBS_before vs IBS_after"
"Clostridium",0.009338,0.01052,0.172,0.611,0.639,0.4767,0.9865,"IBS_before vs IBS_after"
"Atopobium",0.0003701,0.0003658,-0.017,0.139,0.083,0.4828,0.9865,"IBS_before vs IBS_after"
"Actinomyces",0.006739,0.0066,-0.03,0.778,0.667,0.4838,0.9865,"IBS_before vs IBS_after"
"unclassified f:Gemellaceae",0.0003891,0.0003576,-0.121,0.194,0.139,0.4877,0.9865,"IBS_before vs IBS_after"
"__ __.8",0.0001613,8.205e-05,-0.967,0.167,0.25,0.5001,0.9865,"IBS_before vs IBS_after"
"Gemmiger formicilis",0.01173,0.01665,0.505,0.639,0.667,0.5009,0.9865,"IBS_before vs IBS_after"
"Weissella __",0.002284,0.001648,-0.47,0.25,0.194,0.5057,0.9865,"IBS_before vs IBS_after"
"Clostridium citroniae",0.001826,0.001127,-0.695,0.167,0.111,0.5061,0.9865,"IBS_before vs IBS_after"
"Pseudomonas __",0.0006863,0.001287,0.906,0.167,0.222,0.5196,0.9865,"IBS_before vs IBS_after"
"Coprococcus",0.006269,0.007196,0.199,0.556,0.639,0.5255,0.9865,"IBS_before vs IBS_after"
"unclassified f:Clostridiaceae",0.00171,0.004601,1.427,0.361,0.389,0.5298,0.9865,"IBS_before vs IBS_after"
"Lactobacillus __",0.001304,0.00132,0.018,0.361,0.306,0.5369,0.9865,"IBS_before vs IBS_after"
"__ __.6",0.2117,0.1586,-0.417,0.972,0.972,0.5431,0.9865,"IBS_before vs IBS_after"
"unclassified f:S24-7",0.0008116,0.0007214,-0.17,0.444,0.417,0.5789,0.9865,"IBS_before vs IBS_after"
"Paraprevotella",0.00368,0.002238,-0.717,0.25,0.222,0.5913,0.9865,"IBS_before vs IBS_after"
"Desulfovibrio",0.0009617,0.001232,0.357,0.306,0.361,0.5913,0.9865,"IBS_before vs IBS_after"
"Desulfovibrio D168",0.006007,0.0007048,-3.09,0.167,0.139,0.5956,0.9865,"IBS_before vs IBS_after"
"Veillonella parvula",0.002189,0.00164,-0.417,0.306,0.25,0.6076,0.9865,"IBS_before vs IBS_after"
"unclassified f:Ruminococcaceae",0.006084,0.006231,0.034,0.694,0.611,0.6087,0.9865,"IBS_before vs IBS_after"
"Bacteroides plebeius",0.007484,0.006783,-0.142,0.472,0.389,0.6135,0.9865,"IBS_before vs IBS_after"
"unclassified o:Clostridiales",0.006808,0.005039,-0.434,0.667,0.639,0.6249,0.9865,"IBS_before vs IBS_after"
"Granulicatella",0.002694,0.002088,-0.367,0.444,0.444,0.625,0.9865,"IBS_before vs IBS_after"
"Acinetobacter rhizosphaerae",0.0007468,0.0007769,0.057,0.194,0.25,0.6314,0.9865,"IBS_before vs IBS_after"
"unclassified o:Streptophyta",0.001176,0.001148,-0.035,0.25,0.222,0.6445,0.9865,"IBS_before vs IBS_after"
"Roseburia",0.004608,0.006967,0.596,0.389,0.472,0.6489,0.9865,"IBS_before vs IBS_after"
"__ __.7",0.01233,0.0107,-0.205,0.806,0.75,0.6752,0.9865,"IBS_before vs IBS_after"
"Parabacteroides",0.003448,0.002521,-0.452,0.389,0.389,0.677,0.9865,"IBS_before vs IBS_after"
"Dorea formicigenerans",0.005991,0.007072,0.239,0.583,0.611,0.6878,0.9865,"IBS_before vs IBS_after"
"Holdemania",0.0003276,0.0005688,0.794,0.111,0.139,0.6878,0.9865,"IBS_before vs IBS_after"
"__ __",0.0008923,0.0002638,-1.754,0.444,0.389,0.7012,0.9865,"IBS_before vs IBS_after"
"Sphingomonas yabuuchiae",0.001334,0.001316,-0.02,0.306,0.389,0.7056,0.9865,"IBS_before vs IBS_after"
"__ __.2",0.01987,0.02675,0.429,0.944,0.917,0.7059,0.9865,"IBS_before vs IBS_after"
"Sutterella",0.00829,0.008943,0.109,0.778,0.639,0.7194,0.9865,"IBS_before vs IBS_after"
"Caulobacter",0.001882,0.0009179,-1.035,0.194,0.194,0.7199,0.9865,"IBS_before vs IBS_after"
"Parabacteroides distasonis",0.004872,0.006218,0.352,0.611,0.611,0.732,0.9865,"IBS_before vs IBS_after"
"Clostridium ramosum",0.001814,0.001774,-0.032,0.25,0.222,0.7336,0.9865,"IBS_before vs IBS_after"
"Butyricimonas",0.0004118,0.000441,0.098,0.167,0.139,0.7393,0.9865,"IBS_before vs IBS_after"
"__ __.9",0.0003451,0.0006463,0.903,0.139,0.167,0.7393,0.9865,"IBS_before vs IBS_after"
"[Eubacterium] dolichum",0.0002572,0.001038,2.009,0.167,0.194,0.7433,0.9865,"IBS_before vs IBS_after"
"Alistipes putredinis",0.004733,0.003026,-0.645,0.25,0.222,0.745,0.9865,"IBS_before vs IBS_after"
"Desulfovibrio C21_c20",0.0007494,0.0005498,-0.446,0.222,0.306,0.7548,0.9865,"IBS_before vs IBS_after"
"[Ruminococcus] torques",0.002089,0.002776,0.41,0.25,0.278,0.7548,0.9865,"IBS_before vs IBS_after"
"Streptococcus",0.02277,0.01903,-0.259,0.722,0.806,0.7552,0.9865,"IBS_before vs IBS_after"
"Bacteroides caccae",0.002283,0.001774,-0.364,0.222,0.194,0.757,0.9865,"IBS_before vs IBS_after"
"Megasphaera",0.005247,0.005896,0.168,0.361,0.389,0.7608,0.9865,"IBS_before vs IBS_after"
"Faecalibacterium prausnitzii",0.03669,0.04251,0.213,0.75,0.833,0.7643,0.9865,"IBS_before vs IBS_after"
"Turicibacter",0.001539,0.003868,1.329,0.25,0.25,0.7671,0.9865,"IBS_before vs IBS_after"
"Blautia obeum",0.001178,0.0015,0.348,0.167,0.194,0.7689,0.9865,"IBS_before vs IBS_after"
"unclassified c:TM7-3",0.0003131,0.0009165,1.547,0.194,0.167,0.7817,0.9916,"IBS_before vs IBS_after"
"unclassified f:Rikenellaceae",0.00409,0.002233,-0.873,0.361,0.361,0.7933,0.9916,"IBS_before vs IBS_after"
"Bifidobacterium breve",0.0009885,0.0008724,-0.18,0.25,0.278,0.7993,0.9916,"IBS_before vs IBS_after"
"Ruminococcus __",0.004074,0.0005995,-2.763,0.194,0.25,0.8044,0.9916,"IBS_before vs IBS_after"
"Dorea",0.008292,0.01113,0.424,0.583,0.556,0.8098,0.9916,"IBS_before vs IBS_after"
"Lachnospira",0.009501,0.00838,-0.181,0.583,0.583,0.8242,0.9916,"IBS_before vs IBS_after"
"unclassified f:Peptostreptococcaceae",0.002927,0.001034,-1.501,0.167,0.167,0.8283,0.9916,"IBS_before vs IBS_after"
"Phascolarctobacterium",0.00947,0.01154,0.286,0.556,0.583,0.8372,0.9916,"IBS_before vs IBS_after"
"unclassified f:Lachnospiraceae",0.02156,0.01889,-0.191,0.806,0.75,0.8385,0.9916,"IBS_before vs IBS_after"
"Anaerostipes",0.002133,0.001644,-0.375,0.278,0.278,0.8473,0.9934,"IBS_before vs IBS_after"
"Catenibacterium",0.01125,0.01079,-0.06,0.194,0.222,0.8677,1,"IBS_before vs IBS_after"
"Butyricicoccus pullicaecorum",0.001026,9.548e-05,-3.412,0.111,0.111,0.877,1,"IBS_before vs IBS_after"
"Bifidobacterium longum",0.009347,0.0137,0.551,0.694,0.778,0.878,1,"IBS_before vs IBS_after"
"Blautia producta",0.001967,0.001151,-0.772,0.194,0.194,0.9221,1,"IBS_before vs IBS_after"
"__ __.1",0.03915,0.03694,-0.084,0.944,0.944,0.9327,1,"IBS_before vs IBS_after"
"Bifidobacterium bifidum",0.0007972,0.0008411,0.077,0.167,0.167,0.9378,1,"IBS_before vs IBS_after"
"Veillonella __",0.002645,0.003437,0.378,0.361,0.333,0.9419,1,"IBS_before vs IBS_after"
"Bulleidia moorei",0.0001311,0.0001031,-0.343,0.111,0.111,0.9424,1,"IBS_before vs IBS_after"
"Rothia mucilaginosa",0.002745,0.004805,0.808,0.528,0.472,0.9424,1,"IBS_before vs IBS_after"
"__ __.10",6.806e-05,0.0001067,0.641,0.139,0.139,0.9552,1,"IBS_before vs IBS_after"
"Haemophilus parainfluenzae",0.007731,0.009531,0.302,0.5,0.556,0.9573,1,"IBS_before vs IBS_after"
"Ruminococcus",0.008769,0.008916,0.024,0.778,0.75,0.9593,1,"IBS_before vs IBS_after"
"unclassified f:Christensenellaceae",0.002439,0.001728,-0.497,0.25,0.278,0.971,1,"IBS_before vs IBS_after"
"Bifidobacterium adolescentis",0.03419,0.05423,0.666,0.611,0.556,0.9767,1,"IBS_before vs IBS_after"
"[Eubacterium] biforme",0.00208,0.003037,0.546,0.167,0.167,0.9792,1,"IBS_before vs IBS_after"
"Prevotella",1.74e-05,5.304e-05,1.554,0.056,0.056,0.9887,1,"IBS_before vs IBS_after"
"Lactobacillus salivarius",0.0002976,0.001268,2.087,0.111,0.111,0.9918,1,"IBS_before vs IBS_after"
"__ __.11",0.0002587,0.0003151,0.283,0.111,0.111,0.9918,1,"IBS_before vs IBS_after"
"Eggerthella lenta",0.0009829,0.0006837,-0.523,0.278,0.278,0.9943,1,"IBS_before vs IBS_after"
"__ __.3",7.235e-05,0.0001388,0.931,0.222,0.194,1,1,"IBS_before vs IBS_after"
"Bifidobacterium animalis",7.978e-05,0.0009328,3.531,0.034,0.276,0.01456,0.5498,"UC_before vs UC_after"
"Bifidobacterium",0.07994,0.2112,1.401,0.862,0.931,0.01457,0.5498,"UC_before vs UC_after"
"Bacteroides caccae",0.002361,0.0003327,-2.824,0.31,0.069,0.01921,0.5498,"UC_before vs UC_after"
"CF231",0.0002693,0,-8.078,0.172,0,0.02145,0.5498,"UC_before vs UC_after"
"SMB53",0,0.0007413,9.536,0,0.172,0.02145,0.5498,"UC_before vs UC_after"
"Bacteroides fragilis",0.004379,0.001305,-1.746,0.552,0.276,0.02651,0.5498,"UC_before vs UC_after"
"Bacteroides __",0.01859,0.01016,-0.872,0.586,0.379,0.03069,0.5498,"UC_before vs UC_after"
"Rothia mucilaginosa",0.006068,0.002622,-1.21,0.655,0.483,0.03234,0.5498,"UC_before vs UC_after"
"unclassified f:Desulfovibrionaceae",0.0009873,0.0001794,-2.454,0.31,0.103,0.03691,0.5577,"UC_before vs UC_after"
"Lachnospira",0.008643,0.002428,-1.832,0.552,0.345,0.04703,0.5901,"UC_before vs UC_after"
"Bacteroides",0.0382,0.03444,-0.15,0.897,0.862,0.05556,0.5901,"UC_before vs UC_after"
"Sutterella",0.01424,0.008603,-0.727,0.724,0.552,0.05588,0.5901,"UC_before vs UC_after"
"Bacteroides uniformis",0.008664,0.004775,-0.859,0.621,0.379,0.065,0.5901,"UC_before vs UC_after"
"Veillonella parvula",0.002248,0.0004201,-2.417,0.276,0.103,0.07251,0.5901,"UC_before vs UC_after"
"unclassified f:Clostridiaceae",0.001921,0.0007499,-1.356,0.345,0.138,0.08002,0.5901,"UC_before vs UC_after"
"Fusobacterium",0.001291,0,-10.335,0.103,0,0.08146,0.5901,"UC_before vs UC_after"
"Coprococcus eutactus",0.0006475,0,-9.341,0.103,0,0.08146,0.5901,"UC_before vs UC_after"
"__ __.3",0.0002481,0.003985,4,0.276,0.483,0.08219,0.5901,"UC_before vs UC_after"
"Oscillospira",0.01121,0.006283,-0.835,0.828,0.621,0.08244,0.5901,"UC_before vs UC_after"
"__ __.11",0.0008128,0.0001578,-2.358,0.172,0.034,0.08793,0.5979,"UC_before vs UC_after"
"Akkermansia muciniphila",0.00554,0.003119,-0.828,0.655,0.414,0.1117,0.7097,"UC_before vs UC_after"
"Dorea",0.01119,0.005429,-1.044,0.621,0.552,0.1157,0.7097,"UC_before vs UC_after"
"__ __.9",0.0006706,8.603e-05,-2.948,0.207,0.069,0.1227,0.7097,"UC_before vs UC_after"
"Ruminococcus bromii",0.001659,0.00331,0.996,0.241,0.448,0.1279,0.7097,"UC_before vs UC_after"
"Lactobacillus reuteri",0.0006467,0.00187,1.53,0.138,0.31,0.1305,0.7097,"UC_before vs UC_after"
"Bilophila",0.001064,0.0004369,-1.282,0.207,0.069,0.1358,0.7104,"UC_before vs UC_after"
"unclassified c:TM7-3",0.0002332,0.00119,2.347,0.172,0.31,0.147,0.7207,"UC_before vs UC_after"
"Lactobacillus mucosae",0.002701,0.003892,0.527,0.172,0.345,0.1515,0.7207,"UC_before vs UC_after"
"Catenibacterium",0.0009296,0.002117,1.186,0.069,0.207,0.1574,0.7207,"UC_before vs UC_after"
"Paraprevotella",0.0001054,0,-6.734,0.069,0,0.1609,0.7207,"UC_before vs UC_after"
"Enterococcus",0.02944,0.002337,-3.655,0.517,0.379,0.1673,0.7207,"UC_before vs UC_after"
"Hydrogenophaga __",3.712e-05,0.0002283,2.589,0.034,0.138,0.1696,0.7207,"UC_before vs UC_after"
"unclassified f:Chitinophagaceae",0.0004391,8.492e-05,-2.357,0.172,0.069,0.1871,0.7411,"UC_before vs UC_after"
"unclassified f:Ruminococcaceae",0.002184,0.002855,0.386,0.517,0.724,0.1897,0.7411,"UC_before vs UC_after"
"__ __",0.0002405,0.0003151,0.389,0.345,0.517,0.1907,0.7411,"UC_before vs UC_after"
"Clostridium ramosum",0.003414,0.004465,0.387,0.276,0.448,0.2059,0.7567,"UC_before vs UC_after"
"Streptococcus __",0.005306,0.001534,-1.79,0.414,0.31,0.2059,0.7567,"UC_before vs UC_after"
"Clostridium colinum",0.0004657,0.001575,1.756,0.069,0.172,0.2266,0.7769,"UC_before vs UC_after"
"Weissella __",0.00183,0.001465,-0.32,0.207,0.379,0.2306,0.7769,"UC_before vs UC_after"
"Dialister",0.02388,0.0113,-1.08,0.724,0.724,0.2385,0.7769,"UC_before vs UC_after"
"Blautia producta",0.01012,0.007042,-0.524,0.31,0.448,0.2394,0.7769,"UC_before vs UC_after"
"Roseburia",0.01657,0.003404,-2.283,0.448,0.276,0.2401,0.7769,"UC_before vs UC_after"
"Clostridium spiroforme",0.001713,0.0005957,-1.522,0.172,0.069,0.2484,0.7769,"UC_before vs UC_after"
"Veillonella dispar",0.02814,0.004482,-2.65,0.517,0.483,0.2514,0.7769,"UC_before vs UC_after"
"Pseudomonas __",0.0005999,0.0003902,-0.619,0.172,0.069,0.2716,0.8209,"UC_before vs UC_after"
"unclassified f:Peptostreptococcaceae",0.0005919,1.42e-05,-5.286,0.103,0.034,0.2882,0.8404,"UC_before vs UC_after"
"unclassified f:Lachnospiraceae",0.01345,0.007976,-0.754,0.586,0.552,0.2919,0.8404,"UC_before vs UC_after"
"Desulfovibrio C21_c20",0.0008198,0.0003183,-1.362,0.276,0.172,0.2966,0.8404,"UC_before vs UC_after"
"unclassified o:Clostridiales",0.003849,0.002481,-0.634,0.586,0.448,0.314,0.8581,"UC_before vs UC_after"
"__ __.7",0.006795,0.00758,0.158,0.552,0.724,0.3155,0.8581,"UC_before vs UC_after"
"Lactobacillus __",0.009177,0.002817,-1.703,0.379,0.241,0.3333,0.8698,"UC_before vs UC_after"
"Bifidobacterium bifidum",0.001407,0.002571,0.869,0.172,0.276,0.3378,0.8698,"UC_before vs UC_after"
"unclassified f:Christensenellaceae",0.0006352,8.693e-05,-2.855,0.138,0.069,0.339,0.8698,"UC_before vs UC_after"
"Clostridium neonatale",0.001948,0.0009224,-1.078,0.207,0.103,0.3484,0.8724,"UC_before vs UC_after"
"Bacteroides ovatus",0.01125,0.009105,-0.306,0.517,0.414,0.3528,0.8724,"UC_before vs UC_after"
"Desulfovibrio",0.001558,0.001187,-0.393,0.414,0.276,0.3737,0.8842,"UC_before vs UC_after"
"Bifidobacterium longum",0.01836,0.0218,0.248,0.897,0.793,0.3829,0.8842,"UC_before vs UC_after"
"Faecalibacterium __",8.872e-05,7.304e-05,-0.277,0.241,0.138,0.3877,0.8842,"UC_before vs UC_after"
"Haemophilus parainfluenzae",0.005807,0.005468,-0.087,0.379,0.517,0.394,0.8842,"UC_before vs UC_after"
"Granulicatella",0.004339,0.002229,-0.96,0.448,0.448,0.4035,0.8842,"UC_before vs UC_after"
"Butyricicoccus pullicaecorum",0.001744,0.0005575,-1.644,0.241,0.172,0.4039,0.8842,"UC_before vs UC_after"
"Abiotrophia",0.0001951,0.0005985,1.612,0.103,0.172,0.4065,0.8842,"UC_before vs UC_after"
"__ __.5",9.229e-05,2.695e-05,-1.739,0.138,0.069,0.4185,0.8842,"UC_before vs UC_after"
"Odoribacter",0.000256,0.0002613,0.03,0.138,0.069,0.4185,0.8842,"UC_before vs UC_after"
"Roseburia __",0.03797,0.02219,-0.775,0.69,0.621,0.4226,0.8842,"UC_before vs UC_after"
"unclassified o:Streptophyta",0.000296,0.0006115,1.044,0.103,0.172,0.4364,0.8993,"UC_before vs UC_after"
"Dorea formicigenerans",0.006832,0.005662,-0.271,0.517,0.448,0.4509,0.9135,"UC_before vs UC_after"
"Parabacteroides",0.001146,0.006591,2.523,0.207,0.138,0.4567,0.9135,"UC_before vs UC_after"
"Megasphaera",0.005363,0.002225,-1.269,0.379,0.31,0.4744,0.9263,"UC_before vs UC_after"
"__ __.1",0.03016,0.02653,-0.185,0.862,0.897,0.4837,0.9263,"UC_before vs UC_after"
"unclassified f:Rikenellaceae",0.001154,0.001108,-0.059,0.172,0.103,0.4837,0.9263,"UC_before vs UC_after"
"Phascolarctobacterium",0.003272,0.006555,1.002,0.276,0.379,0.4904,0.9263,"UC_before vs UC_after"
"Eggerthella lenta",0.001804,0.001442,-0.323,0.276,0.414,0.5032,0.9374,"UC_before vs UC_after"
"Klebsiella __",0.001869,0.002607,0.48,0.172,0.241,0.5241,0.9374,"UC_before vs UC_after"
"Streptococcus",0.019,0.01093,-0.798,0.862,0.724,0.5321,0.9374,"UC_before vs UC_after"
"Lactobacillus salivarius",0.001531,0.0007967,-0.941,0.103,0.172,0.5336,0.9374,"UC_before vs UC_after"
"[Ruminococcus] torques",0.0003282,0.0009272,1.495,0.034,0.069,0.5433,0.9374,"UC_before vs UC_after"
"Dorea longicatena",0.001802,0.002045,0.183,0.276,0.345,0.5502,0.9374,"UC_before vs UC_after"
"Prevotella",0.00161,0.0002572,-2.641,0.241,0.207,0.5509,0.9374,"UC_before vs UC_after"
"Acinetobacter rhizosphaerae",0.0006967,0.0003971,-0.81,0.241,0.172,0.5531,0.9374,"UC_before vs UC_after"
"Butyricimonas",0.0001629,7.928e-05,-1.029,0.069,0.034,0.5705,0.9374,"UC_before vs UC_after"
"Bifidobacterium breve",0.001165,0.0009401,-0.309,0.414,0.379,0.5853,0.9374,"UC_before vs UC_after"
"unclassified f:Erysipelotrichaceae",0.01213,0.02069,0.771,0.586,0.69,0.588,0.9374,"UC_before vs UC_after"
"Prevotella copri",0.01061,0.005358,-0.985,0.345,0.31,0.5888,0.9374,"UC_before vs UC_after"
"__ __.10",3.559e-05,2.194e-05,-0.674,0.034,0.069,0.5984,0.9374,"UC_before vs UC_after"
"Sphingomonas yabuuchiae",0.001073,0.0009606,-0.159,0.31,0.414,0.6002,0.9374,"UC_before vs UC_after"
"Alistipes putredinis",0.001992,0.0004297,-2.21,0.138,0.103,0.6015,0.9374,"UC_before vs UC_after"
"Bifidobacterium adolescentis",0.0603,0.09727,0.69,0.655,0.552,0.6073,0.9374,"UC_before vs UC_after"
"Bifidobacterium __",0.0003951,0.0008093,1.033,0.414,0.483,0.615,0.9374,"UC_before vs UC_after"
"Blautia obeum",0.00238,0.003404,0.516,0.207,0.276,0.6264,0.9374,"UC_before vs UC_after"
"Ruminococcus",0.005192,0.00513,-0.017,0.793,0.724,0.6497,0.9374,"UC_before vs UC_after"
"Desulfovibrio D168",0.0002089,0.0006456,1.623,0.069,0.103,0.6547,0.9374,"UC_before vs UC_after"
"Lactobacillus helveticus",0.0134,0.007317,-0.873,0.207,0.276,0.656,0.9374,"UC_before vs UC_after"
"Atopobium",0.001599,0.0006691,-1.256,0.276,0.241,0.6567,0.9374,"UC_before vs UC_after"
"Coprococcus",0.01242,0.009335,-0.412,0.655,0.655,0.6681,0.9374,"UC_before vs UC_after"
"Holdemania",0.0001725,0.0004041,1.223,0.069,0.103,0.6779,0.9374,"UC_before vs UC_after"
"Veillonella",0.01167,0.00642,-0.862,0.103,0.069,0.6779,0.9374,"UC_before vs UC_after"
"Actinomyces",0.009212,0.01068,0.213,0.69,0.759,0.6886,0.9374,"UC_before vs UC_after"
"Caulobacter",0.001368,0.000903,-0.599,0.138,0.207,0.6967,0.9374,"UC_before vs UC_after"
"Veillonella __",0.003883,0.002603,-0.577,0.345,0.276,0.6974,0.9374,"UC_before vs UC_after"
"Brevundimonas __",0.001381,0.0007674,-0.847,0.276,0.241,0.7011,0.9374,"UC_before vs UC_after"
"__ __.4",0.0006778,0.0005427,-0.32,0.138,0.172,0.7112,0.9374,"UC_before vs UC_after"
"[Eubacterium] biforme",0.002544,0.002313,-0.137,0.138,0.172,0.7112,0.9374,"UC_before vs UC_after"
"Clostridium",0.003531,0.002978,-0.246,0.448,0.414,0.7177,0.9374,"UC_before vs UC_after"
"Collinsella aerofaciens",0.007448,0.005576,-0.417,0.345,0.448,0.7248,0.9374,"UC_before vs UC_after"
"Gemmiger formicilis",0.007,0.006371,-0.136,0.448,0.414,0.7306,0.9374,"UC_before vs UC_after"
"Bulleidia moorei",0.0001296,0.0001241,-0.062,0.138,0.103,0.7416,0.9425,"UC_before vs UC_after"
"Blautia",0.01615,0.01591,-0.021,0.759,0.862,0.7669,0.9493,"UC_before vs UC_after"
"Ruminococcus __",0.0005206,0.0008352,0.681,0.172,0.138,0.7671,0.9493,"UC_before vs UC_after"
"Pseudomonas viridiflava",0.003996,0.003895,-0.037,0.483,0.586,0.7678,0.9493,"UC_before vs UC_after"
"Megamonas",0.009323,0.01454,0.641,0.483,0.483,0.7822,0.9584,"UC_before vs UC_after"
"[Eubacterium] dolichum",0.001086,0.0005445,-0.995,0.207,0.241,0.7983,0.9604,"UC_before vs UC_after"
"Lactobacillus",0.01928,0.007268,-1.408,0.759,0.862,0.8028,0.9604,"UC_before vs UC_after"
"Clostridium citroniae",0.002287,0.001719,-0.412,0.138,0.172,0.8051,0.9604,"UC_before vs UC_after"
"Bacteroides plebeius",0.002855,0.003491,0.29,0.241,0.31,0.8435,0.9821,"UC_before vs UC_after"
"unclassified f:S24-7",0.0006397,0.0004468,-0.517,0.379,0.379,0.8445,0.9821,"UC_before vs UC_after"
"unclassified f:[Mogibacteriaceae]",0.0003687,0.0007201,0.964,0.276,0.276,0.8512,0.9821,"UC_before vs UC_after"
"Hydrogenophaga palleronii",0.001933,0.003154,0.706,0.241,0.241,0.8521,0.9821,"UC_before vs UC_after"
"__ __.2",0.0108,0.01195,0.147,0.828,0.793,0.8637,0.9871,"UC_before vs UC_after"
"[Ruminococcus] gnavus",0.02761,0.01752,-0.656,0.759,0.724,0.8877,1,"UC_before vs UC_after"
"Turicibacter",0.0005918,0.001585,1.42,0.207,0.172,0.9095,1,"UC_before vs UC_after"
"__ __.8",0.0003129,0.0002391,-0.387,0.172,0.172,0.9247,1,"UC_before vs UC_after"
"Anaerostipes",0.001778,0.001462,-0.282,0.276,0.276,0.9292,1,"UC_before vs UC_after"
"__ __.12",0.0007562,0.00162,1.099,0.207,0.207,0.9387,1,"UC_before vs UC_after"
"Faecalibacterium prausnitzii",0.04367,0.05072,0.216,0.828,0.793,0.9502,1,"UC_before vs UC_after"
"Clostridium __",0.001453,0.001462,0.009,0.241,0.241,0.9504,1,"UC_before vs UC_after"
"Ruminococcus callidus",0.0006383,0.0002689,-1.244,0.069,0.069,0.9577,1,"UC_before vs UC_after"
"Prevotella stercorea",5.152e-05,2.054e-05,-1.286,0.069,0.069,0.9577,1,"UC_before vs UC_after"
"[Ruminococcus]",0.006366,0.006152,-0.049,0.414,0.448,0.9725,1,"UC_before vs UC_after"
"__ __.6",0.1141,0.1423,0.318,1,0.966,0.9754,1,"UC_before vs UC_after"
"unclassified f:Caulobacteraceae",0.00167,0.001079,-0.63,0.172,0.207,0.9819,1,"UC_before vs UC_after"
"unclassified f:Coriobacteriaceae",0.001463,0.001214,-0.269,0.241,0.241,0.9835,1,"UC_before vs UC_after"
"Coprococcus catus",0.001391,0.001274,-0.127,0.241,0.241,0.9835,1,"UC_before vs UC_after"
"Parabacteroides distasonis",0.008043,0.00516,-0.64,0.517,0.552,0.9869,1,"UC_before vs UC_after"
"unclassified f:Gemellaceae",0.0005934,0.0004481,-0.404,0.207,0.207,1,1,"UC_before vs UC_after"
"Lactobacillus zeae",0.001047,0.0004937,-1.083,0.138,0.138,1,1,"UC_before vs UC_after"
"[Ruminococcus] torques",0.002089,0.0003282,-2.666,0.25,0.034,0.02021,0.4789,"IBS_before vs UC_before"
"__ __.2",0.01987,0.0108,-0.88,0.944,0.828,0.02274,0.4789,"IBS_before vs UC_before"
"Prevotella",1.74e-05,0.00161,6.452,0.056,0.241,0.02428,0.4789,"IBS_before vs UC_before"
"Phascolarctobacterium",0.00947,0.003272,-1.533,0.556,0.276,0.02685,0.4789,"IBS_before vs UC_before"
"__ __.7",0.01233,0.006795,-0.86,0.806,0.552,0.03003,0.4789,"IBS_before vs UC_before"
"Enterococcus",0.00168,0.02944,4.13,0.278,0.517,0.0306,0.4789,"IBS_before vs UC_before"
"Bifidobacterium longum",0.009347,0.01836,0.974,0.694,0.897,0.03273,0.4789,"IBS_before vs UC_before"
"Paraprevotella",0.00368,0.0001054,-5.112,0.25,0.069,0.03744,0.4789,"IBS_before vs UC_before"
"Coprococcus catus",0.0003814,0.001391,1.864,0.056,0.241,0.03782,0.4789,"IBS_before vs UC_before"
"Ruminococcus callidus",0.001671,0.0006383,-1.387,0.278,0.069,0.03965,0.4789,"IBS_before vs UC_before"
"Lactobacillus mucosae",1.065e-05,0.002701,7.858,0.028,0.172,0.04169,0.4789,"IBS_before vs UC_before"
"__ __.6",0.2117,0.1141,-0.892,0.972,1,0.04651,0.4789,"IBS_before vs UC_before"
"unclassified f:Ruminococcaceae",0.006084,0.002184,-1.478,0.694,0.517,0.04958,0.4789,"IBS_before vs UC_before"
"Bilophila",0.002704,0.001064,-1.345,0.417,0.207,0.05657,0.4789,"IBS_before vs UC_before"
"Clostridium colinum",0.00145,0.0004657,-1.637,0.25,0.069,0.06026,0.4789,"IBS_before vs UC_before"
"Prevotella copri",0.03978,0.01061,-1.907,0.5,0.345,0.06043,0.4789,"IBS_before vs UC_before"
"Clostridium",0.009338,0.003531,-1.403,0.611,0.448,0.0616,0.4789,"IBS_before vs UC_before"
"Lactobacillus",0.003959,0.01928,2.284,0.639,0.759,0.06457,0.4789,"IBS_before vs UC_before"
"Parabacteroides",0.003448,0.001146,-1.589,0.389,0.207,0.06691,0.4789,"IBS_before vs UC_before"
"Bacteroides plebeius",0.007484,0.002855,-1.39,0.472,0.241,0.07321,0.4968,"IBS_before vs UC_before"
"Odoribacter",0.001105,0.000256,-2.106,0.306,0.138,0.07977,0.4968,"IBS_before vs UC_before"
"unclassified f:Rikenellaceae",0.00409,0.001154,-1.824,0.361,0.172,0.08037,0.4968,"IBS_before vs UC_before"
"Ruminococcus bromii",0.005984,0.001659,-1.85,0.444,0.241,0.08794,0.5106,"IBS_before vs UC_before"
"Fusobacterium",0.002257,0.001291,-0.806,0.278,0.103,0.09091,0.5106,"IBS_before vs UC_before"
"Lactobacillus zeae",1.966e-05,0.001047,5.665,0.028,0.138,0.09762,0.5106,"IBS_before vs UC_before"
"Lactobacillus reuteri",0.0001189,0.0006467,2.433,0.028,0.138,0.09762,0.5106,"IBS_before vs UC_before"
"Veillonella",0.003936,0.01167,1.567,0.278,0.103,0.1023,0.5151,"IBS_before vs UC_before"
"unclassified o:Streptophyta",0.001176,0.000296,-1.987,0.25,0.103,0.1211,0.5252,"IBS_before vs UC_before"
"Rothia mucilaginosa",0.002745,0.006068,1.144,0.528,0.655,0.1302,0.5252,"IBS_before vs UC_before"
"Clostridium spiroforme",0.0002695,0.001713,2.663,0.056,0.172,0.1315,0.5252,"IBS_before vs UC_before"
"Bacteroides",0.02807,0.0382,0.445,0.833,0.897,0.1337,0.5252,"IBS_before vs UC_before"
"Prevotella stercorea",0.002567,5.152e-05,-5.612,0.194,0.069,0.1351,0.5252,"IBS_before vs UC_before"
"Atopobium",0.0003701,0.001599,2.108,0.139,0.276,0.1356,0.5252,"IBS_before vs UC_before"
"Blautia",0.01183,0.01615,0.449,0.667,0.759,0.1362,0.5252,"IBS_before vs UC_before"
"Gemmiger formicilis",0.01173,0.007,-0.745,0.639,0.448,0.1372,0.5252,"IBS_before vs UC_before"
"Bifidobacterium __",0.0001941,0.0003951,1.022,0.278,0.414,0.139,0.5252,"IBS_before vs UC_before"
"Catenibacterium",0.01125,0.0009296,-3.596,0.194,0.069,0.1531,0.543,"IBS_before vs UC_before"
"unclassified f:Lachnospiraceae",0.02156,0.01345,-0.681,0.806,0.586,0.1586,0.543,"IBS_before vs UC_before"
"Coprococcus",0.006269,0.01242,0.986,0.556,0.655,0.1621,0.543,"IBS_before vs UC_before"
"Bifidobacterium breve",0.0009885,0.001165,0.236,0.25,0.414,0.1669,0.543,"IBS_before vs UC_before"
"unclassified f:Caulobacteraceae",0.002133,0.00167,-0.352,0.361,0.172,0.1675,0.543,"IBS_before vs UC_before"
"__ __.10",6.806e-05,3.559e-05,-0.916,0.139,0.034,0.1677,0.543,"IBS_before vs UC_before"
"Desulfovibrio D168",0.006007,0.0002089,-4.839,0.167,0.069,0.1914,0.5899,"IBS_before vs UC_before"
"Faecalibacterium __",5.105e-05,8.872e-05,0.786,0.111,0.241,0.1925,0.5899,"IBS_before vs UC_before"
"Butyricicoccus pullicaecorum",0.001026,0.001744,0.765,0.111,0.241,0.1995,0.5899,"IBS_before vs UC_before"
"Coprococcus eutactus",0.002473,0.0006475,-1.932,0.222,0.103,0.1995,0.5899,"IBS_before vs UC_before"
"unclassified f:Christensenellaceae",0.002439,0.0006352,-1.94,0.25,0.138,0.2056,0.5913,"IBS_before vs UC_before"
"SMB53",0.0003754,0,-8.556,0.056,0,0.2087,0.5913,"IBS_before vs UC_before"
"unclassified o:Clostridiales",0.006808,0.003849,-0.823,0.667,0.586,0.2153,0.5976,"IBS_before vs UC_before"
"Butyricimonas",0.0004118,0.0001629,-1.333,0.167,0.069,0.2337,0.6342,"IBS_before vs UC_before"
"Haemophilus parainfluenzae",0.007731,0.005807,-0.413,0.5,0.379,0.2378,0.6342,"IBS_before vs UC_before"
"Clostridium neonatale",0.0003863,0.001948,2.331,0.111,0.207,0.252,0.6559,"IBS_before vs UC_before"
"Sutterella",0.00829,0.01424,0.78,0.778,0.724,0.2556,0.6559,"IBS_before vs UC_before"
"Blautia producta",0.001967,0.01012,2.363,0.194,0.31,0.2753,0.6934,"IBS_before vs UC_before"
"Alistipes putredinis",0.004733,0.001992,-1.248,0.25,0.138,0.2816,0.6963,"IBS_before vs UC_before"
"Hydrogenophaga palleronii",0.003194,0.001933,-0.724,0.361,0.241,0.2903,0.7051,"IBS_before vs UC_before"
"Bacteroides __",0.01063,0.01859,0.807,0.75,0.586,0.2982,0.7054,"IBS_before vs UC_before"
"Desulfovibrio",0.0009617,0.001558,0.696,0.306,0.414,0.3008,0.7054,"IBS_before vs UC_before"
"Klebsiella __",0.002972,0.001869,-0.669,0.278,0.172,0.3388,0.7811,"IBS_before vs UC_before"
"__ __.1",0.03915,0.03016,-0.376,0.944,0.862,0.352,0.7979,"IBS_before vs UC_before"
"Dorea",0.008292,0.01119,0.433,0.583,0.621,0.3827,0.8449,"IBS_before vs UC_before"
"Clostridium __",0.001864,0.001453,-0.36,0.139,0.241,0.3855,0.8449,"IBS_before vs UC_before"
"Hydrogenophaga __",0.0002794,3.712e-05,-2.879,0.083,0.034,0.4012,0.8449,"IBS_before vs UC_before"
"__ __.5",9.026e-06,9.229e-05,3.218,0.083,0.138,0.4044,0.8449,"IBS_before vs UC_before"
"Bifidobacterium adolescentis",0.03419,0.0603,0.818,0.611,0.655,0.405,0.8449,"IBS_before vs UC_before"
"__ __.3",7.235e-05,0.0002481,1.764,0.222,0.276,0.417,0.8449,"IBS_before vs UC_before"
"__ __.12",0.002554,0.0007562,-1.755,0.278,0.207,0.417,0.8449,"IBS_before vs UC_before"
"unclassified f:Peptostreptococcaceae",0.002927,0.0005919,-2.304,0.167,0.103,0.4225,0.8449,"IBS_before vs UC_before"
"__ __.11",0.0002587,0.0008128,1.648,0.111,0.172,0.4353,0.8537,"IBS_before vs UC_before"
"__ __",0.0008923,0.0002405,-1.887,0.444,0.345,0.4428,0.8537,"IBS_before vs UC_before"
"unclassified f:[Mogibacteriaceae]",0.0004917,0.0003687,-0.414,0.361,0.276,0.4457,0.8537,"IBS_before vs UC_before"
"Bifidobacterium",0.04024,0.07994,0.99,0.722,0.862,0.478,0.8919,"IBS_before vs UC_before"
"unclassified f:Coriobacteriaceae",0.001049,0.001463,0.479,0.167,0.241,0.4787,0.8919,"IBS_before vs UC_before"
"Lactobacillus __",0.001304,0.009177,2.814,0.361,0.379,0.4975,0.9001,"IBS_before vs UC_before"
"Abiotrophia",8.967e-05,0.0001951,1.113,0.056,0.103,0.5021,0.9001,"IBS_before vs UC_before"
"Ruminococcus",0.008769,0.005192,-0.756,0.778,0.793,0.503,0.9001,"IBS_before vs UC_before"
"unclassified f:S24-7",0.0008116,0.0006397,-0.343,0.444,0.379,0.5115,0.9035,"IBS_before vs UC_before"
"Bacteroides caccae",0.002283,0.002361,0.049,0.222,0.31,0.522,0.9049,"IBS_before vs UC_before"
"Granulicatella",0.002694,0.004339,0.687,0.444,0.448,0.5382,0.9049,"IBS_before vs UC_before"
"__ __.9",0.0003451,0.0006706,0.957,0.139,0.207,0.5445,0.9049,"IBS_before vs UC_before"
"Holdemania",0.0003276,0.0001725,-0.921,0.111,0.069,0.5543,0.9049,"IBS_before vs UC_before"
"Streptococcus __",0.002643,0.005306,1.005,0.389,0.414,0.5561,0.9049,"IBS_before vs UC_before"
"Caulobacter",0.001882,0.001368,-0.46,0.194,0.138,0.558,0.9049,"IBS_before vs UC_before"
"Megamonas",0.02865,0.009323,-1.62,0.472,0.483,0.5589,0.9049,"IBS_before vs UC_before"
"Turicibacter",0.001539,0.0005918,-1.377,0.25,0.207,0.5673,0.9076,"IBS_before vs UC_before"
"Brevundimonas __",0.00176,0.001381,-0.349,0.333,0.276,0.5886,0.9309,"IBS_before vs UC_before"
"Blautia obeum",0.001178,0.00238,1.014,0.167,0.207,0.6053,0.9462,"IBS_before vs UC_before"
"Weissella __",0.002284,0.00183,-0.32,0.25,0.207,0.6167,0.953,"IBS_before vs UC_before"
"Bacteroides fragilis",0.005437,0.004379,-0.312,0.5,0.552,0.6297,0.9622,"IBS_before vs UC_before"
"unclassified f:Chitinophagaceae",0.000595,0.0004391,-0.438,0.222,0.172,0.6435,0.9664,"IBS_before vs UC_before"
"[Eubacterium] dolichum",0.0002572,0.001086,2.074,0.167,0.207,0.6468,0.9664,"IBS_before vs UC_before"
"Dorea longicatena",0.001972,0.001802,-0.13,0.333,0.276,0.6571,0.9664,"IBS_before vs UC_before"
"Ruminococcus __",0.004074,0.0005206,-2.966,0.194,0.172,0.6608,0.9664,"IBS_before vs UC_before"
"CF231",0.0001737,0.0002693,0.63,0.139,0.172,0.6819,0.9864,"IBS_before vs UC_before"
"Roseburia",0.004608,0.01657,1.846,0.389,0.448,0.6959,0.9864,"IBS_before vs UC_before"
"unclassified f:Erysipelotrichaceae",0.009315,0.01213,0.381,0.583,0.586,0.6963,0.9864,"IBS_before vs UC_before"
"Pseudomonas viridiflava",0.004427,0.003996,-0.148,0.5,0.483,0.7287,0.9874,"IBS_before vs UC_before"
"Bifidobacterium animalis",2.015e-05,7.978e-05,1.933,0.056,0.034,0.7302,0.9874,"IBS_before vs UC_before"
"Desulfovibrio C21_c20",0.0007494,0.0008198,0.129,0.222,0.276,0.7336,0.9874,"IBS_before vs UC_before"
"[Eubacterium] biforme",0.00208,0.002544,0.29,0.167,0.138,0.7446,0.9874,"IBS_before vs UC_before"
"Clostridium ramosum",0.001814,0.003414,0.912,0.25,0.276,0.7456,0.9874,"IBS_before vs UC_before"
"Acinetobacter rhizosphaerae",0.0007468,0.0006967,-0.1,0.194,0.241,0.7481,0.9874,"IBS_before vs UC_before"
"Collinsella aerofaciens",0.007182,0.007448,0.053,0.417,0.345,0.7517,0.9874,"IBS_before vs UC_before"
"[Ruminococcus]",0.00624,0.006366,0.029,0.361,0.414,0.7631,0.9874,"IBS_before vs UC_before"
"__ __.4",0.0005629,0.0006778,0.268,0.111,0.138,0.7725,0.9874,"IBS_before vs UC_before"
"Lachnospira",0.009501,0.008643,-0.137,0.583,0.552,0.7832,0.9874,"IBS_before vs UC_before"
"Clostridium citroniae",0.001826,0.002287,0.325,0.167,0.138,0.7928,0.9874,"IBS_before vs UC_before"
"Eggerthella lenta",0.0009829,0.001804,0.875,0.278,0.276,0.7954,0.9874,"IBS_before vs UC_before"
"Bulleidia moorei",0.0001311,0.0001296,-0.016,0.111,0.138,0.8082,0.9874,"IBS_before vs UC_before"
"Oscillospira",0.01399,0.01121,-0.319,0.722,0.828,0.8163,0.9874,"IBS_before vs UC_before"
"unclassified c:TM7-3",0.0003131,0.0002332,-0.424,0.194,0.172,0.8226,0.9874,"IBS_before vs UC_before"
"[Ruminococcus] gnavus",0.02671,0.02761,0.048,0.694,0.759,0.831,0.9874,"IBS_before vs UC_before"
"Dialister",0.02464,0.02388,-0.045,0.667,0.724,0.8355,0.9874,"IBS_before vs UC_before"
"__ __.8",0.0001613,0.0003129,0.952,0.167,0.172,0.8478,0.9874,"IBS_before vs UC_before"
"Bifidobacterium bifidum",0.0007972,0.001407,0.819,0.167,0.172,0.8478,0.9874,"IBS_before vs UC_before"
"Veillonella dispar",0.01055,0.02814,1.415,0.583,0.517,0.8628,0.9874,"IBS_before vs UC_before"
"Sphingomonas yabuuchiae",0.001334,0.001073,-0.314,0.306,0.31,0.8654,0.9874,"IBS_before vs UC_before"
"Veillonella parvula",0.002189,0.002248,0.038,0.306,0.276,0.8825,0.9874,"IBS_before vs UC_before"
"Bacteroides ovatus",0.01199,0.01125,-0.092,0.583,0.517,0.8846,0.9874,"IBS_before vs UC_before"
"Anaerostipes",0.002133,0.001778,-0.262,0.278,0.276,0.8869,0.9874,"IBS_before vs UC_before"
"Veillonella __",0.002645,0.003883,0.554,0.361,0.345,0.8895,0.9874,"IBS_before vs UC_before"
"unclassified f:Gemellaceae",0.0003891,0.0005934,0.608,0.194,0.207,0.9098,0.9874,"IBS_before vs UC_before"
"Streptococcus",0.02277,0.019,-0.261,0.722,0.862,0.9102,0.9874,"IBS_before vs UC_before"
"Bacteroides uniformis",0.009272,0.008664,-0.098,0.611,0.621,0.9188,0.9874,"IBS_before vs UC_before"
"Faecalibacterium prausnitzii",0.03669,0.04367,0.251,0.75,0.828,0.926,0.9874,"IBS_before vs UC_before"
"Pseudomonas __",0.0006863,0.0005999,-0.194,0.167,0.172,0.9276,0.9874,"IBS_before vs UC_before"
"Akkermansia muciniphila",0.01036,0.00554,-0.903,0.611,0.655,0.9299,0.9874,"IBS_before vs UC_before"
"Megasphaera",0.005247,0.005363,0.032,0.361,0.379,0.9332,0.9874,"IBS_before vs UC_before"
"Parabacteroides distasonis",0.004872,0.008043,0.723,0.611,0.517,0.9397,0.9874,"IBS_before vs UC_before"
"unclassified f:Desulfovibrionaceae",0.0009234,0.0009873,0.096,0.361,0.31,0.9438,0.9874,"IBS_before vs UC_before"
"Actinomyces",0.006739,0.009212,0.451,0.778,0.69,0.9628,0.9996,"IBS_before vs UC_before"
"Dorea formicigenerans",0.005991,0.006832,0.19,0.583,0.517,0.9724,1,"IBS_before vs UC_before"
"Roseburia __",0.01802,0.03797,1.076,0.75,0.69,0.9894,1,"IBS_before vs UC_before"
"Lactobacillus salivarius",0.0002976,0.001531,2.359,0.111,0.103,0.9902,1,"IBS_before vs UC_before"
"Lactobacillus helveticus",0.001333,0.0134,3.328,0.222,0.207,0.9927,1,"IBS_before vs UC_before"
"unclassified f:Clostridiaceae",0.00171,0.001921,0.168,0.361,0.345,1,1,"IBS_before vs UC_before"
