primary,PCoA1,PCoA2,PCoA3
J_XYL_F_0001_01,-0.3242,0.0149,0.1136
J_XYL_F_0001_02,-0.2078,0.2364,-0.1605
J_XYL_F_0002_01,0.1003,-0.0442,0.1095
J_XYL_F_0002_02,0.1794,0.0394,-0.0808
J_XYL_F_0003_01,0.0677,-0.1024,0.0896
J_XYL_F_0003_02,0.0435,-0.2565,-0.2989
J_XYL_F_0004_01,0.1875,0.037,0.0592
J_XYL_F_0004_02,0.1635,0.0444,0.0032
J_XYL_F_0005_01,0.0789,-0.1404,0.1336
J_XYL_F_0005_02,-0.0464,0.0293,0.0102
J_XYL_F_0006_01,0.122,0.0587,0.0979
J_XYL_F_0006_02,-0.0895,-0.2198,0.1674
J_XYL_F_0010_01,0.046,0.1335,-0.002
J_XYL_F_0010_02,0.239,0.1341,-0.0292
J_XYL_F_0012_01,-0.0634,-0.342,-0.2975
J_XYL_F_0012_02,-0.0283,-0.4565,-0.3606
J_XYL_F_0013_01,0.127,0.0359,0.0631
J_XYL_F_0013_02,0.1828,0.1915,-0.0343
J_XYL_F_0015_01,-0.1738,-0.0651,0.1267
J_XYL_F_0015_02,-0.0649,-0.2726,0.1161
J_XYL_F_0016_01,-0.1943,-0.0687,0.0561
J_XYL_F_0016_02,-0.064,-0.0975,0.1392
J_XYL_F_0018_01,0.1457,0.0858,-0.0022
J_XYL_F_0018_02,-0.0589,-0.2593,0.227
J_XYL_F_0020_01,0.2125,0.0827,0.0303
J_XYL_F_0020_02,-0.1641,-0.0871,0.1347
J_XYL_F_0025_01,-0.1534,-0.0322,0.1051
J_XYL_F_0025_02,-0.0644,0.102,-0.0138
J_XYL_F_0031_01,0.2115,0.1408,-0.0314
J_XYL_F_0031_02,0.1508,0.1042,0.0297
J_XYL_F_0032_01,-0.0354,-0.1604,0.1512
J_XYL_F_0032_02,0.0735,0.0319,0.0599
J_XYL_F_0034_01,-0.0114,0.1265,-0.0054
J_XYL_F_0034_02,-0.2864,0.1099,-0.0905
J_XYL_F_0036_01,-0.0308,-0.034,0.1118
J_XYL_F_0036_02,-0.0708,-0.2019,0.2301
J_XYL_F_0043_01,0.0921,0.1545,-0.0266
J_XYL_F_0043_2,-0.0638,-0.1921,0.1895
J_XYL_F_0044_01,0.0511,0.0975,0.0955
J_XYL_F_0044_02,-0.1038,0.0459,0.0908
J_XYL_F_0045_01,-0.4658,0.1358,-0.1286
J_XYL_F_0045_2,-0.4266,0.1391,-0.2001
J_XYL_F_0046_01,0.0905,-0.0261,0.0864
J_XYL_F_0046_02,-0.0169,0.1321,-0.0054
J_XYL_F_0047_01,-0.0832,0.2089,-0.0575
J_XYL_F_0047_02,0.0011,0.0813,0.0398
J_XYL_F_0048_01,-0.4819,0.1558,-0.1299
J_XYL_F_0049_02,-0.0782,0.0409,0.0344
J_XYL_F_0050_01,-0.3723,0.1265,-0.0947
J_XYL_F_0050_02,-0.1764,-0.1547,0.2111
J_XYL_F_0051_01,-0.3385,0.1594,-0.0867
J_XYL_F_0051_02,0.1763,-0.0858,0.0776
J_XYL_F_0053_01,0.1047,-0.0258,-0.1742
J_XYL_F_0053_02,0.0901,-0.1652,-0.002
J_XYL_F_0057_01,-0.2821,0.0211,0.1224
J_XYL_F_0057_02,-0.0551,0.0071,0.0568
J_XYL_F_0058_01,-0.3445,0.0962,-0.0276
J_XYL_F_0058_02,0.0593,0.0179,0.0742
J_XYL_F_0059_01,0.1096,-0.005,0.0749
J_XYL_F_0059_02,0.1074,0.0394,0.0042
J_XYL_F_0060_01,-0.0996,-0.024,0.1103
J_XYL_F_0060_02,0.186,0.1718,-0.0208
J_XYL_F_0061_01,0.2547,0.0922,0.0261
J_XYL_F_0061_02,0.0916,-0.0906,0.1323
J_XYL_F_0062_01,0.1875,0.0231,-0.0075
J_XYL_F_0062_02,0.187,0.0178,0.0034
J_XYL_F_0064_01,-0.3176,0.1506,-0.1571
J_XYL_F_0064_02,-0.3201,0.0525,-0.0049
J_XYL_F_0065_01,0.1128,0.0717,-0.0757
J_XYL_F_0065_02,0.1319,0.0717,0.0635
J_XYL_F_0066_01,-0.2202,-0.0731,0.1406
J_XYL_F_0066_02,0.0732,-0.0049,0.0275
K_XYL_F_0001_01,-0.2717,0.0441,0.0764
K_XYL_F_0001_02,0.0441,0.3173,-0.1742
K_XYL_F_0002_01,-0.3735,0.1378,-0.1532
K_XYL_F_0002_02,0.0217,0.2942,-0.113
K_XYL_F_0003_01,-0.081,-0.1948,0.1305
K_XYL_F_0003_02,-0.393,0.0969,-0.148
K_XYL_F_0004_01,-0.2938,0.0729,0.0269
K_XYL_F_0004_02,-0.181,0.2796,-0.1644
K_XYL_F_0005_01,-0.0543,-0.1973,0.2044
K_XYL_F_0005_02,0.2962,0.1252,-0.0445
K_XYL_F_0007_01,-0.0967,0.0748,0.0561
K_XYL_F_0007_02,-0.0138,0.0811,0.0381
K_XYL_F_0008_01,-0.0806,-0.11,0.1621
K_XYL_F_0008_02,-0.262,-0.0317,0.08
K_XYL_F_0009_01,0.0347,-0.2125,0.1655
K_XYL_F_0009_02,0.0623,0.0524,0.0197
K_XYL_F_0011_01,0.0307,-0.0628,0.1092
K_XYL_F_0011_02,0.1568,-0.0404,0.0419
K_XYL_F_0012_01,0.1765,0.0331,0.0276
K_XYL_F_0012_02,0.075,-0.3422,-0.2615
K_XYL_F_0013_01,-0.3625,0.0433,0.046
K_XYL_F_0013_02,0.0725,-0.2715,-0.2227
K_XYL_F_0017_01,0.1338,0.1859,-0.0535
K_XYL_F_0017_02,-0.0836,0.1798,-0.017
K_XYL_F_0018_01,0.1188,-0.0139,-0.0017
K_XYL_F_0018_02,-0.0428,0.0133,0.112
K_XYL_F_0022_01,0.199,0.0453,0.0724
K_XYL_F_0022_02,0.0187,-0.3707,-0.2401
K_XYL_F_0028_01,-0.0257,-0.1497,0.1651
K_XYL_F_0028_02,0.1532,-0.0432,0.1171
K_XYL_F_0030_02,-0.0239,-0.2301,0.1401
K_XYL_F_0030_03,0.3377,0.1849,-0.085
K_XYL_F_0033_01,0.297,-0.017,-0.1199
K_XYL_F_0033_02,0.2562,-0.0046,-0.1933
K_XYL_F_0035_01,0.1519,0.0112,0.0507
K_XYL_F_0035_02,-0.0622,0.0445,0.0436
K_XYL_F_0036_01,0.0434,0.0686,0.0295
K_XYL_F_0036_02,0.2279,0.0266,0.0326
K_XYL_F_0037_01,-0.0119,-0.4656,-0.29
K_XYL_F_0037_02,0.068,-0.3897,-0.2863
K_XYL_F_0038_01,0.0667,0.1953,-0.005
K_XYL_F_0038_02,0.218,0.1914,-0.0815
K_XYL_F_0039_01,0.1486,0.1244,0.0019
K_XYL_F_0039_02,-0.4372,0.118,-0.0531
K_XYL_F_0042_01,0.141,-0.2669,-0.1441
K_XYL_F_0042_02,0.0268,-0.4017,-0.1832
K_XYL_F_0043_01,0.2286,0.1439,-0.0362
K_XYL_F_0043_02,0.3281,0.1617,-0.091
K_XYL_F_0044_01,0.305,0.1126,-0.03
K_XYL_F_0044_02,0.298,0.1079,-0.0398
K_XYL_F_0045_01,0.0293,-0.1036,-0.1139
K_XYL_F_0045_02,0.1775,0.125,-0.0342
K_XYL_F_0046_01,0.0223,-0.1704,-0.1023
K_XYL_F_0046_02,0.1566,0.1601,-0.0406
K_XYL_F_0047_01,0.123,0.0097,0.0638
K_XYL_F_0047_02,0.1037,0.0357,0.0617
K_XYL_F_0048_01,-0.2027,-0.0654,-0.1398
K_XYL_F_0048_02,-0.055,-0.1043,0.1683
