,CA1,CA2,TA1,TA2,CB1,CB2,TB1,TB2,CC1,CC2,TC1,TC2
Gene0001,16,7,17,20,3,11,28,31,11,8,31,14
Gene0002,114,197,187,569,123,92,410,432,255,55,383,437
Gene0003,69,52,260,205,75,54,231,195,73,83,134,204
Gene0004,143,109,324,395,122,75,360,529,90,95,209,185
Gene0005,33,60,65,142,39,12,149,42,20,33,174,103
Gene0006,46,59,156,330,127,59,266,247,70,67,143,315
Gene0007,103,107,374,166,165,201,386,344,159,72,174,230
Gene0008,33,78,325,438,78,106,294,367,84,110,227,319
Gene0009,549,239,828,888,501,410,963,564,457,488,529,493
Gene0010,183,95,284,297,169,39,233,533,67,150,366,436
Gene0011,78,96,203,145,60,58,97,135,159,156,123,118
Gene0012,13,13,82,67,21,24,76,83,15,23,89,37
Gene0013,52,36,52,89,64,47,85,126,37,24,43,32
Gene0014,39,37,222,169,64,54,117,151,31,56,174,165
Gene0015,72,163,348,295,46,133,532,317,167,76,244,374
Gene0016,48,25,57,89,29,38,29,72,31,13,52,13
Gene0017,81,65,75,214,60,46,158,248,47,46,134,201
Gene0018,267,572,212,473,161,151,195,584,229,124,183,129
Gene0019,21,83,81,114,47,46,66,74,40,41,114,55
Gene0020,23,15,64,76,15,53,72,35,30,17,45,79
Gene0021,23,21,64,108,35,40,81,79,23,20,50,60
Gene0022,157,174,574,541,380,237,431,1271,238,349,236,683
Gene0023,348,617,663,992,689,512,1590,965,107,271,545,996
Gene0024,31,4,69,46,45,37,76,106,34,23,24,50
Gene0025,209,265,304,840,227,364,553,318,74,142,498,722
Gene0026,26,61,144,185,59,74,192,139,90,97,279,143
Gene0027,65,38,78,67,31,45,98,91,47,65,62,50
Gene0028,65,48,117,69,34,72,74,155,68,85,56,128
Gene0029,30,29,45,69,21,37,77,48,15,18,13,46
Gene0030,217,169,511,360,252,321,436,670,230,261,280,530
Gene0031,320,166,800,1378,592,514,702,451,524,279,656,543
Gene0032,115,95,315,157,124,159,161,176,212,64,526,189
Gene0033,13,13,23,22,13,10,17,20,11,2,19,30
Gene0034,123,73,369,160,69,229,352,322,50,55,329,326
Gene0035,57,40,165,174,58,41,174,183,41,47,188,117
Gene0036,78,52,151,88,67,109,261,119,69,30,302,203
Gene0037,63,65,171,58,141,124,117,199,62,39,84,48
Gene0038,73,60,160,137,67,76,248,134,58,42,135,215
Gene0039,21,12,59,25,7,21,47,61,10,12,58,31
Gene0040,53,51,230,162,73,37,133,167,47,37,86,191
Gene0041,40,54,106,93,51,52,109,82,44,20,134,45
Gene0042,91,75,370,254,150,154,335,280,64,66,224,317
Gene0043,613,926,3324,4288,2092,1552,4654,4770,829,1123,2967,2567
Gene0044,39,22,66,20,39,40,35,58,15,17,35,66
Gene0045,232,225,214,444,144,154,784,282,155,109,236,269
Gene0046,521,2366,2552,3015,1538,1089,4126,1976,649,1106,2545,1593
Gene0047,70,48,206,110,67,71,95,209,113,61,134,228
Gene0048,31,65,121,88,31,51,158,84,15,80,88,74
Gene0049,131,74,291,520,118,98,331,574,147,110,235,279
Gene0050,172,119,289,235,104,281,318,436,71,99,120,295
Gene0051,174,228,367,405,246,118,312,468,156,66,370,360
Gene0052,45,29,166,99,76,41,221,79,48,55,102,79
Gene0053,54,29,169,97,27,41,185,51,27,41,75,58
Gene0054,44,44,83,136,49,38,198,177,45,48,163,139
Gene0055,23,17,33,26,41,15,62,102,23,19,40,57
Gene0056,124,116,239,359,192,108,484,262,140,97,254,118
Gene0057,15,17,33,86,15,10,63,88,25,31,48,57
Gene0058,107,83,120,354,70,73,451,170,91,164,377,355
Gene0059,52,76,163,135,93,106,171,177,48,35,203,187
Gene0060,21,59,90,142,94,74,200,164,59,36,77,101
Gene0061,10,11,7,4,24,11,13,8,18,11,7,4
Gene0062,150,176,77,106,454,276,106,79,205,174,66,59
Gene0063,21,34,7,18,32,31,9,24,28,24,10,12
Gene0064,19,20,4,7,12,31,6,5,30,19,19,3
Gene0065,71,38,17,35,68,60,42,19,49,57,19,21
Gene0066,163,108,118,101,348,304,82,102,155,230,85,92
Gene0067,119,116,15,36,101,93,21,41,65,69,68,40
Gene0068,18,34,25,12,20,21,15,12,34,32,22,22
Gene0069,2,2,2,0,5,16,1,3,7,10,3,2
Gene0070,282,277,137,154,321,310,80,132,185,386,129,74
Gene0071,207,174,102,56,106,122,113,100,71,187,65,52
Gene0072,66,43,12,22,41,36,23,20,25,21,28,8
Gene0073,84,67,35,33,88,146,61,52,95,106,19,38
Gene0074,130,77,33,55,127,60,34,42,82,115,22,44
Gene0075,842,882,342,156,1258,801,356,474,228,324,209,111
Gene0076,43,62,31,18,42,36,12,37,54,77,19,20
Gene0077,168,85,103,99,432,103,91,75,155,230,40,64
Gene0078,79,80,55,37,49,117,32,36,75,62,16,14
Gene0079,18,15,8,4,19,38,8,15,23,43,9,6
Gene0080,94,79,38,20,123,71,32,40,55,80,45,44
Gene0081,81,140,21,119,156,76,67,51,89,153,72,59
Gene0082,118,155,76,68,213,213,147,154,122,195,95,145
Gene0083,14,7,8,11,9,7,4,7,6,4,8,0
Gene0084,82,191,144,107,140,255,114,57,145,175,60,68
Gene0085,222,218,135,112,215,230,102,93,298,276,81,47
Gene0086,74,33,12,20,49,63,22,27,58,64,9,21
Gene0087,71,86,19,43,59,164,53,24,18,40,18,18
Gene0088,50,69,18,43,60,61,20,23,42,36,16,32
Gene0089,204,226,94,126,325,320,119,253,210,171,135,114
Gene0090,137,447,37,65,206,141,50,77,142,142,75,91
Gene0091,331,335,89,198,282,258,211,111,281,239,96,187
Gene0092,72,73,27,45,87,54,33,33,79,35,8,19
Gene0093,181,135,69,50,63,87,37,52,90,66,25,26
Gene0094,139,72,50,49,186,149,58,61,85,66,79,67
Gene0095,62,45,16,6,61,25,12,23,31,48,24,16
Gene0096,27,17,11,8,26,30,20,12,11,23,7,10
Gene0097,96,128,74,51,171,77,38,42,261,142,47,58
Gene0098,235,163,71,107,225,400,105,80,266,226,66,42
Gene0099,69,84,40,55,137,125,33,45,65,62,38,24
Gene0100,78,45,12,24,39,77,13,17,52,73,14,12
Gene0101,88,136,129,81,142,101,153,145,156,82,58,59
Gene0102,51,112,124,50,117,191,199,111,89,90,63,164
Gene0103,14,32,20,60,27,25,38,63,41,19,26,39
Gene0104,1129,1382,881,1365,343,1831,1401,997,712,762,680,877
Gene0105,35,64,23,69,53,106,43,60,51,40,70,54
Gene0106,51,50,31,47,45,30,75,28,61,62,25,31
Gene0107,199,295,144,282,308,150,280,172,198,276,155,157
Gene0108,122,85,119,69,105,44,136,153,46,98,77,63
Gene0109,409,604,301,203,283,256,208,215,249,221,169,355
Gene0110,14,9,6,7,10,18,13,9,8,10,21,15
Gene0111,64,101,36,130,55,231,101,134,65,50,144,73
Gene0112,15,14,24,12,19,30,13,29,23,9,45,36
Gene0113,64,126,98,23,199,195,108,100,120,118,143,72
Gene0114,10,15,39,11,26,21,36,17,30,15,27,18
Gene0115,165,95,121,167,132,159,83,165,121,93,109,140
Gene0116,16,30,27,15,26,12,30,35,33,29,30,32
Gene0117,114,120,97,143,133,93,152,134,146,79,121,106
Gene0118,20,49,24,29,57,19,43,27,39,30,40,19
Gene0119,73,60,92,32,67,104,90,150,35,55,26,50
Gene0120,81,125,142,155,157,164,118,128,50,104,123,72
Gene0121,136,103,136,106,87,108,104,83,119,93,127,112
Gene0122,33,91,100,130,56,73,89,50,97,94,66,46
Gene0123,33,31,15,19,18,43,64,38,32,36,21,32
Gene0124,82,150,172,122,125,205,156,105,98,102,101,100
Gene0125,3,10,3,9,3,3,2,13,3,1,4,11
Gene0126,150,237,146,229,179,174,45,184,179,94,176,329
Gene0127,178,118,80,66,141,84,114,88,76,89,126,50
Gene0128,100,88,85,98,113,124,142,206,96,101,102,147
Gene0129,21,42,32,44,35,43,36,23,32,29,39,14
Gene0130,120,116,136,75,149,68,135,129,89,144,147,120
Gene0131,37,71,86,65,94,70,48,62,33,51,46,57
Gene0132,28,13,24,15,21,23,15,18,28,15,10,24
Gene0133,24,49,37,78,67,54,71,37,23,51,42,20
Gene0134,158,65,158,98,79,51,161,152,79,43,115,109
Gene0135,42,17,29,34,40,40,20,44,54,18,28,49
Gene0136,349,386,384,488,232,413,435,455,223,307,248,279
Gene0137,25,43,35,30,60,52,44,44,5,15,30,24
Gene0138,32,33,24,36,58,44,50,32,19,26,36,31
Gene0139,347,349,299,221,273,283,166,230,251,161,136,145
Gene0140,304,354,236,265,205,190,255,325,231,255,92,149
Gene0141,105,156,149,179,164,225,220,301,236,120,151,183
Gene0142,166,26,82,55,62,82,128,156,42,109,127,123
Gene0143,115,122,88,104,75,83,110,106,144,25,77,66
Gene0144,17,33,20,31,40,35,36,26,43,41,21,49
Gene0145,8,9,13,4,17,22,31,15,12,9,12,9
Gene0146,245,197,162,164,218,161,148,190,179,161,126,178
Gene0147,93,121,113,96,119,95,10,42,46,57,60,49
Gene0148,118,239,88,22,87,80,275,44,35,125,83,48
Gene0149,59,18,54,20,60,34,51,13,23,41,26,46
Gene0150,89,59,110,98,41,145,85,143,52,98,53,82
Gene0151,669,430,190,312,476,307,522,524,282,343,307,260
Gene0152,185,209,134,121,283,188,103,188,117,155,107,102
Gene0153,90,151,33,91,68,51,147,21,63,134,68,49
Gene0154,18,4,11,9,6,13,4,28,12,18,17,12
Gene0155,25,22,30,24,21,36,39,41,23,12,13,17
Gene0156,34,39,61,95,85,51,48,35,62,51,47,37
Gene0157,239,280,183,237,284,239,229,189,285,344,123,290
Gene0158,186,132,227,258,109,319,226,24,83,185,191,184
Gene0159,28,50,126,65,113,83,142,117,47,101,72,78
Gene0160,870,824,758,845,680,495,715,736,478,711,593,442
Gene0161,198,248,138,162,81,234,157,77,75,79,73,93
Gene0162,74,64,48,53,84,66,77,84,46,33,61,54
Gene0163,45,128,129,114,119,170,166,121,97,141,87,86
Gene0164,22,21,6,31,30,27,28,54,31,26,30,26
Gene0165,155,92,63,66,125,68,127,179,94,129,128,90
Gene0166,45,28,40,29,36,31,11,19,35,28,23,5
Gene0167,25,54,58,41,62,34,49,80,41,34,39,46
Gene0168,45,32,53,94,29,65,83,34,35,38,55,38
Gene0169,34,92,98,70,110,41,30,108,79,71,99,64
Gene0170,17,14,13,38,18,13,26,20,15,15,10,16
Gene0171,754,920,481,950,595,776,446,961,413,482,403,588
Gene0172,12,15,18,15,20,31,23,25,13,16,13,10
Gene0173,33,37,25,24,43,37,25,67,27,19,8,25
Gene0174,217,308,383,398,583,469,477,611,401,428,292,438
Gene0175,214,201,113,198,253,159,250,254,106,215,197,298
Gene0176,26,11,18,52,29,7,37,41,40,29,19,21
Gene0177,65,152,184,250,298,228,390,225,105,83,104,87
Gene0178,58,73,41,91,52,125,65,78,51,62,67,66
Gene0179,36,33,43,28,33,28,18,27,48,31,30,31
Gene0180,136,121,95,72,82,48,106,140,81,94,56,47
Gene0181,270,186,126,244,223,103,148,122,125,163,117,129
Gene0182,7,1,8,14,19,22,12,19,15,20,20,7
Gene0183,35,19,44,24,34,41,52,59,44,31,12,53
Gene0184,197,269,246,92,115,233,128,299,155,216,126,189
Gene0185,40,12,40,31,57,65,35,30,31,21,40,26
Gene0186,146,94,158,157,125,107,102,213,135,130,120,98
Gene0187,27,18,9,23,33,21,39,32,15,14,25,36
Gene0188,67,71,46,77,40,29,101,58,41,52,44,59
Gene0189,98,80,101,100,101,123,64,32,103,85,132,86
Gene0190,107,99,88,139,63,126,103,126,98,121,46,83
Gene0191,147,349,244,334,198,671,164,107,145,280,201,163
Gene0192,3,7,4,5,10,9,6,17,5,2,7,4
Gene0193,137,172,158,196,219,329,154,115,294,241,121,160
Gene0194,130,81,114,51,49,92,319,57,53,130,213,186
Gene0195,404,599,265,415,330,296,331,552,415,236,289,418
Gene0196,65,74,37,22,74,129,75,60,22,47,59,109
Gene0197,45,52,48,53,31,70,45,65,36,34,47,13
Gene0198,121,133,264,163,187,135,217,172,134,95,101,187
Gene0199,27,64,34,35,88,48,26,57,54,48,15,26
Gene0200,36,60,66,198,85,195,184,128,138,97,75,71
Gene0201,86,125,75,54,87,76,217,75,192,164,62,139
Gene0202,46,37,63,25,42,58,24,30,22,40,34,39
Gene0203,13,19,16,15,15,37,30,14,14,36,10,14
Gene0204,36,24,13,19,54,26,21,18,27,22,33,20
Gene0205,25,32,23,24,41,43,34,21,21,24,34,6
Gene0206,20,39,27,41,23,35,44,28,31,19,24,19
Gene0207,31,59,19,32,24,18,40,20,22,25,33,28
Gene0208,94,91,83,66,85,118,105,70,98,80,86,86
Gene0209,22,11,62,91,63,88,47,58,55,54,30,32
Gene0210,23,8,17,23,36,17,34,28,15,30,33,11
Gene0211,181,110,167,78,118,75,141,89,56,121,134,230
Gene0212,260,308,252,207,301,161,297,418,332,373,158,341
Gene0213,51,61,35,7,34,57,46,28,21,19,41,19
Gene0214,134,168,186,187,264,293,86,149,123,131,153,100
Gene0215,208,106,94,331,234,158,221,94,142,125,218,232
Gene0216,23,52,31,40,51,18,29,26,39,20,35,19
Gene0217,47,24,46,32,58,39,40,54,56,24,58,42
Gene0218,177,171,61,102,119,100,136,172,115,123,159,149
Gene0219,145,155,62,126,253,158,342,200,31,69,139,132
Gene0220,88,86,33,83,32,55,66,44,64,50,82,39
Gene0221,31,66,22,40,25,23,34,42,28,30,27,37
Gene0222,146,205,92,96,113,247,94,103,88,80,63,88
Gene0223,417,545,513,273,875,566,333,597,536,326,697,453
Gene0224,132,92,100,110,170,92,50,111,112,117,94,174
Gene0225,26,42,50,29,70,45,26,60,15,27,28,17
Gene0226,72,73,178,80,124,174,80,81,18,88,88,157
Gene0227,281,220,114,217,190,380,247,139,296,142,224,117
Gene0228,294,616,282,584,391,324,627,981,120,138,532,190
Gene0229,11,3,8,12,11,13,8,12,7,2,11,9
Gene0230,314,702,287,696,369,314,585,100,684,410,518,469
Gene0231,56,80,58,103,106,43,68,52,36,72,47,70
Gene0232,114,116,149,114,124,52,63,99,128,68,97,75
Gene0233,133,134,246,126,109,212,139,116,97,103,111,120
Gene0234,31,36,27,15,39,40,32,28,46,21,44,16
Gene0235,71,74,74,46,77,78,108,47,97,47,55,80
Gene0236,80,165,84,124,99,139,122,183,76,155,86,64
Gene0237,46,30,76,34,28,18,80,34,40,30,41,37
Gene0238,184,232,67,142,78,346,206,300,153,233,222,99
Gene0239,1449,792,1369,1156,1892,1448,1790,654,697,1329,1377,1073
Gene0240,126,105,99,69,51,127,64,37,107,94,33,49
Gene0241,61,93,58,99,83,116,94,92,60,65,53,86
Gene0242,1,6,2,11,2,5,7,5,3,9,9,6
Gene0243,64,131,78,110,88,181,137,61,17,138,45,57
Gene0244,48,69,47,31,105,95,80,48,37,72,58,52
Gene0245,38,51,98,161,151,123,80,63,97,86,86,252
Gene0246,412,268,332,299,273,293,232,118,287,416,279,410
Gene0247,18,19,21,16,42,25,13,9,35,15,26,28
Gene0248,104,122,67,134,199,132,170,125,56,65,44,89
Gene0249,19,9,17,37,19,15,24,32,15,33,12,7
Gene0250,11,19,18,18,11,20,19,15,6,15,13,22
Gene0251,42,49,65,51,97,51,82,38,61,50,45,52
Gene0252,109,76,174,39,125,48,72,44,54,93,119,67
Gene0253,77,91,33,51,49,54,35,52,36,88,60,68
Gene0254,42,49,37,29,61,46,45,48,24,55,43,45
Gene0255,30,22,12,17,39,35,31,18,24,22,16,17
Gene0256,362,455,374,252,340,518,491,369,483,296,417,316
Gene0257,29,36,34,30,24,41,45,60,10,41,47,40
Gene0258,366,629,586,481,311,733,748,398,371,391,555,602
Gene0259,14,31,18,23,22,26,32,26,16,16,22,24
Gene0260,29,48,10,25,8,21,16,14,15,9,17,6
Gene0261,32,28,38,42,48,36,62,47,32,17,42,24
Gene0262,17,18,11,13,30,8,17,20,25,28,18,22
Gene0263,37,20,18,20,17,18,9,38,11,16,32,7
Gene0264,37,46,52,49,55,71,41,75,57,49,108,27
Gene0265,26,38,34,29,57,45,65,37,48,39,49,40
Gene0266,251,166,108,126,224,328,194,173,227,119,142,152
Gene0267,117,124,132,161,214,137,208,145,160,238,310,172
Gene0268,81,71,51,76,49,100,68,54,61,61,36,71
Gene0269,11,16,6,8,15,21,11,9,8,6,22,8
Gene0270,68,67,89,67,90,125,38,110,136,93,46,112
Gene0271,14,25,17,31,15,14,39,10,19,21,8,10
Gene0272,10,2,22,25,29,17,12,5,25,19,14,12
Gene0273,48,67,43,87,48,90,53,108,71,56,41,34
Gene0274,84,79,98,76,94,171,171,107,75,124,200,76
Gene0275,747,576,618,248,828,464,568,431,422,353,833,601
Gene0276,14,12,6,8,23,13,15,13,11,14,4,8
Gene0277,45,68,54,84,151,76,63,44,24,53,23,66
Gene0278,109,152,165,128,374,282,239,278,222,177,165,179
Gene0279,23,43,75,51,80,24,121,40,32,33,65,62
Gene0280,39,54,58,29,25,72,47,37,52,43,30,81
Gene0281,5,8,14,15,7,13,7,9,3,7,13,12
Gene0282,10,10,15,7,7,9,10,4,8,13,11,11
Gene0283,22,18,43,36,30,30,20,56,42,43,43,28
Gene0284,82,145,103,133,118,193,314,87,118,52,152,56
Gene0285,68,17,51,38,38,56,21,77,37,40,67,29
Gene0286,21,22,31,15,24,31,13,40,26,19,31,16
Gene0287,264,221,296,619,379,404,671,503,269,224,230,275
Gene0288,62,40,46,21,44,70,61,24,44,42,40,36
Gene0289,148,282,539,354,515,678,411,261,634,304,523,382
Gene0290,150,197,186,161,361,123,195,118,147,100,123,93
Gene0291,33,80,77,44,50,40,33,49,26,61,42,41
Gene0292,141,177,186,231,236,388,167,379,124,279,358,232
Gene0293,83,98,71,86,125,106,71,75,62,64,76,76
Gene0294,36,31,13,24,20,26,40,32,14,25,42,18
Gene0295,45,98,125,171,85,234,150,180,151,200,85,129
Gene0296,77,26,72,62,50,107,40,59,55,43,44,71
Gene0297,37,42,46,21,59,12,26,30,29,15,35,51
Gene0298,79,50,46,41,94,39,120,46,41,49,44,37
Gene0299,73,207,67,151,159,104,91,242,76,88,161,180
Gene0300,80,106,82,112,81,143,137,53,66,16,72,124
Gene0301,31,13,16,21,22,34,13,26,18,27,15,8
Gene0302,251,306,119,255,278,298,369,185,159,90,132,274
Gene0303,26,33,36,26,80,33,37,42,19,23,53,52
Gene0304,278,430,419,212,310,519,382,358,318,445,154,111
Gene0305,15,39,36,10,23,27,26,35,18,32,22,17
Gene0306,23,35,32,16,42,16,46,27,27,32,27,40
Gene0307,32,27,30,37,36,30,62,83,61,41,34,48
Gene0308,384,120,418,369,412,232,258,247,402,293,315,217
Gene0309,32,9,11,37,16,55,40,29,23,66,33,28
Gene0310,41,44,40,30,72,70,77,46,24,31,50,75
Gene0311,99,302,309,239,363,418,131,551,168,357,122,136
Gene0312,259,174,213,121,128,315,245,249,316,272,219,257
Gene0313,88,130,68,66,83,91,127,40,62,30,86,54
Gene0314,27,13,9,10,20,15,28,11,14,15,13,4
Gene0315,71,55,148,103,40,74,93,61,58,131,121,87
Gene0316,335,395,146,344,358,578,365,628,291,243,319,154
Gene0317,85,94,6,127,78,164,20,93,93,61,55,64
Gene0318,30,37,28,45,24,35,31,34,39,33,28,32
Gene0319,4,6,4,7,8,4,6,10,7,0,3,1
Gene0320,249,201,164,149,72,129,98,179,298,108,148,226
Gene0321,165,487,435,406,273,579,364,458,511,281,479,405
Gene0322,277,167,186,222,112,159,357,209,254,236,250,158
Gene0323,281,283,313,366,497,363,193,307,427,314,357,198
Gene0324,80,45,127,40,33,76,48,134,59,22,61,35
Gene0325,110,157,136,96,122,99,118,156,103,117,70,182
Gene0326,90,105,107,87,105,101,89,93,66,102,71,69
Gene0327,82,83,48,111,52,105,21,57,38,14,34,45
Gene0328,281,191,113,171,435,193,132,246,30,185,223,305
Gene0329,38,39,22,25,35,41,16,60,46,36,33,53
Gene0330,35,53,53,33,58,36,41,49,16,36,24,27
Gene0331,28,49,35,26,43,46,52,34,41,39,25,28
Gene0332,179,538,245,221,310,399,144,325,207,435,260,322
Gene0333,79,70,106,175,149,101,164,136,153,19,97,58
Gene0334,43,73,113,98,87,167,10,167,50,206,72,73
Gene0335,172,164,200,143,346,185,133,342,125,204,169,129
Gene0336,173,270,299,210,288,382,270,184,125,139,220,203
Gene0337,21,26,29,28,18,31,39,48,18,27,28,25
Gene0338,87,69,119,138,110,133,123,98,118,130,158,145
Gene0339,196,185,148,130,308,187,142,260,92,124,202,189
Gene0340,23,34,57,39,35,70,35,41,26,40,51,49
Gene0341,25,49,38,33,46,36,58,55,39,23,17,33
Gene0342,371,714,380,363,469,292,362,503,244,225,255,394
Gene0343,99,56,112,131,179,83,152,99,100,57,111,126
Gene0344,45,38,40,65,38,61,51,47,30,63,40,35
Gene0345,121,52,224,146,99,207,141,150,146,160,145,80
Gene0346,72,90,124,103,105,102,132,23,37,141,44,57
Gene0347,96,120,120,101,108,139,157,64,78,123,158,92
Gene0348,231,165,122,168,153,245,146,119,101,162,71,126
Gene0349,647,339,108,214,525,315,499,427,414,909,431,203
Gene0350,54,78,54,55,51,47,63,85,68,81,81,75
Gene0351,15,27,22,14,31,26,22,21,12,14,22,14
Gene0352,31,40,58,51,42,46,31,65,65,64,42,55
Gene0353,168,134,312,193,258,200,169,192,210,182,56,226
Gene0354,75,61,100,82,127,91,141,221,84,108,53,68
Gene0355,228,407,502,375,481,464,692,1093,662,697,316,605
Gene0356,39,48,22,40,22,45,33,36,38,16,39,21
Gene0357,250,217,317,449,139,329,356,255,113,201,143,92
Gene0358,103,69,64,97,41,67,124,44,54,96,84,130
Gene0359,24,34,62,55,74,38,87,50,62,27,95,32
Gene0360,241,119,122,91,121,124,269,205,160,191,95,154
Gene0361,161,230,255,138,111,263,173,294,266,95,146,161
Gene0362,87,17,30,30,28,33,40,63,45,65,15,28
Gene0363,124,178,46,135,119,185,170,74,155,31,119,308
Gene0364,25,29,36,27,29,19,35,32,32,28,5,16
Gene0365,59,74,107,54,79,55,91,68,93,51,52,75
Gene0366,41,133,172,99,200,180,121,141,137,79,125,58
Gene0367,9,2,8,11,10,10,9,3,4,3,6,7
Gene0368,33,39,24,65,23,40,62,69,32,26,53,60
Gene0369,196,258,422,313,308,521,455,322,338,196,430,246
Gene0370,48,26,45,37,38,46,25,35,5,47,35,22
Gene0371,71,105,105,165,170,100,231,118,143,154,89,81
Gene0372,125,104,110,64,135,110,99,106,75,118,61,50
Gene0373,281,213,146,425,125,273,301,137,280,171,121,307
Gene0374,75,149,129,41,108,142,145,144,105,81,63,80
Gene0375,139,136,125,148,226,216,76,227,131,144,105,169
Gene0376,69,82,40,43,83,39,52,23,57,22,62,9
Gene0377,19,83,31,56,32,30,54,27,28,56,29,21
Gene0378,97,87,37,66,63,76,77,24,67,82,49,74
Gene0379,138,141,72,147,242,77,219,154,106,108,122,50
Gene0380,24,44,13,39,20,103,16,12,8,30,16,45
Gene0381,55,142,123,148,94,75,55,66,112,92,86,28
Gene0382,39,84,53,74,74,78,55,87,74,56,58,59
Gene0383,67,93,89,100,142,115,161,102,54,56,44,90
Gene0384,37,40,49,27,33,22,36,48,41,27,45,27
Gene0385,6,10,7,8,4,6,9,8,2,2,10,7
Gene0386,346,131,266,276,570,294,392,469,359,102,416,368
Gene0387,72,67,109,99,60,101,133,175,146,72,134,95
Gene0388,468,373,171,166,244,327,148,166,219,136,201,302
Gene0389,11,12,25,26,6,17,22,11,20,15,11,6
Gene0390,170,64,105,78,68,92,77,59,56,92,67,26
Gene0391,50,57,54,28,35,61,53,94,14,42,70,24
Gene0392,51,47,46,45,41,100,43,63,44,36,57,57
Gene0393,90,58,45,89,69,79,79,89,53,66,70,52
Gene0394,244,84,152,224,194,226,213,329,147,185,213,175
Gene0395,8,9,6,15,3,7,17,11,4,9,5,5
Gene0396,54,62,49,85,104,96,118,83,64,45,63,111
Gene0397,91,94,314,199,134,257,168,255,453,118,160,155
Gene0398,189,239,105,112,312,87,344,280,176,205,145,89
Gene0399,5,13,10,14,7,6,9,4,10,3,3,11
Gene0400,36,21,33,25,35,23,45,15,17,28,28,31
Gene0401,38,22,67,24,47,28,32,27,17,15,20,18
Gene0402,36,33,32,81,38,106,82,119,27,80,30,47
Gene0403,23,27,13,15,19,23,34,26,13,19,20,11
Gene0404,66,46,91,69,191,165,104,99,139,115,95,66
Gene0405,256,145,87,224,250,159,94,204,103,79,170,132
Gene0406,57,68,39,121,106,63,91,55,74,65,40,104
Gene0407,23,15,36,10,27,9,24,15,14,33,16,22
Gene0408,301,152,494,417,304,412,243,436,103,421,543,523
Gene0409,31,24,41,49,50,43,43,47,49,31,38,51
Gene0410,96,108,100,81,149,95,132,88,116,51,68,85
Gene0411,183,130,78,170,231,232,186,255,227,115,104,113
Gene0412,137,101,117,136,81,134,78,134,67,62,45,106
Gene0413,210,75,114,156,128,256,64,161,189,36,122,71
Gene0414,706,706,433,948,800,1022,610,1427,457,890,471,409
Gene0415,30,31,44,38,49,65,38,38,23,22,37,44
Gene0416,49,94,69,61,54,49,64,74,50,61,54,25
Gene0417,37,23,40,23,87,58,76,65,48,35,55,55
Gene0418,70,105,64,113,130,149,105,143,128,75,53,120
Gene0419,75,81,68,22,59,26,78,58,23,40,23,54
Gene0420,225,133,383,188,243,351,243,185,312,161,201,227
Gene0421,363,342,346,365,258,462,519,369,288,385,201,282
Gene0422,115,87,47,76,153,112,62,108,57,99,55,73
Gene0423,43,67,64,56,84,62,68,52,90,46,77,51
Gene0424,255,98,186,181,303,245,180,159,171,173,171,137
Gene0425,77,176,91,136,127,75,115,181,69,136,135,125
Gene0426,34,55,60,80,49,72,84,93,68,56,53,64
Gene0427,91,44,75,33,102,87,24,115,70,47,37,108
Gene0428,249,242,259,305,483,433,209,483,115,603,307,287
Gene0429,43,68,49,57,54,80,30,61,27,58,39,52
Gene0430,28,32,69,40,18,25,23,65,41,43,84,67
Gene0431,45,71,59,36,66,56,98,68,70,71,70,11
Gene0432,209,188,84,148,48,318,329,218,246,171,314,211
Gene0433,56,15,20,41,32,26,53,48,31,15,32,33
Gene0434,177,125,143,181,306,380,394,200,111,142,80,70
Gene0435,39,45,49,33,88,66,47,53,62,54,64,56
Gene0436,17,13,38,14,30,18,29,33,20,13,19,24
Gene0437,54,55,109,141,101,112,113,85,55,47,66,81
Gene0438,225,109,380,341,269,278,251,209,283,134,161,318
Gene0439,40,31,85,65,72,71,134,84,72,75,59,59
Gene0440,272,227,212,244,314,336,142,160,303,378,271,190
Gene0441,17,28,37,29,42,25,48,37,23,36,28,32
Gene0442,268,432,286,253,239,612,307,400,403,317,261,311
Gene0443,233,176,128,194,167,342,146,143,114,86,127,165
Gene0444,48,70,58,44,52,74,68,121,32,84,98,103
Gene0445,490,246,716,413,485,448,496,706,487,502,361,365
Gene0446,251,317,346,220,244,279,311,557,209,135,528,162
Gene0447,18,11,7,13,6,13,16,30,10,19,19,8
Gene0448,16,32,77,53,49,31,111,46,22,58,40,34
Gene0449,125,78,120,204,121,314,232,141,196,97,197,213
Gene0450,142,86,81,46,38,104,52,138,73,55,49,87
Gene0451,248,398,359,636,628,742,507,301,583,230,373,357
Gene0452,7,26,13,16,25,19,16,21,12,11,24,16
Gene0453,101,109,107,91,144,164,101,162,107,90,138,134
Gene0454,11,11,6,15,25,13,19,16,11,15,10,16
Gene0455,99,134,143,127,217,76,114,134,98,184,135,183
Gene0456,154,137,174,82,280,240,268,268,147,349,171,196
Gene0457,74,120,107,123,104,91,82,37,71,71,76,61
Gene0458,79,48,47,59,102,70,37,119,64,71,35,39
Gene0459,36,48,87,75,15,101,77,98,30,78,90,26
Gene0460,88,120,134,70,91,81,64,47,58,75,58,66
Gene0461,36,35,42,49,46,60,44,71,36,22,22,37
Gene0462,39,55,52,45,107,122,66,74,26,122,92,59
Gene0463,135,87,172,86,90,107,65,156,109,139,62,39
Gene0464,42,51,36,30,38,25,45,57,49,40,22,42
Gene0465,83,77,71,43,63,43,66,52,42,56,81,39
Gene0466,848,710,800,501,793,656,899,659,465,488,821,524
Gene0467,11,36,11,15,30,8,19,21,3,16,18,24
Gene0468,80,130,190,59,85,76,91,70,91,131,83,166
Gene0469,392,478,385,312,416,425,431,612,414,299,257,390
Gene0470,92,219,118,185,169,124,228,193,119,157,119,235
Gene0471,827,685,388,619,1432,794,713,742,888,602,552,492
Gene0472,40,46,45,40,23,23,20,54,32,34,48,17
Gene0473,140,205,76,164,330,181,206,63,112,141,166,194
Gene0474,29,20,30,19,16,33,40,29,9,12,11,9
Gene0475,169,143,100,118,123,165,116,172,190,94,225,118
Gene0476,15,10,20,27,17,20,19,19,22,14,25,14
Gene0477,143,244,163,215,282,428,369,245,142,223,172,42
Gene0478,32,115,105,46,28,79,83,23,32,137,101,64
Gene0479,153,253,287,284,275,141,144,155,47,145,350,159
Gene0480,36,110,114,52,83,105,100,60,83,85,68,100
Gene0481,72,140,135,41,98,67,164,76,75,80,110,83
Gene0482,345,324,265,151,267,285,272,228,147,280,287,304
Gene0483,60,42,58,84,113,59,72,100,53,87,64,49
Gene0484,121,74,69,129,72,42,75,168,100,124,164,76
Gene0485,122,104,208,97,175,216,181,213,124,90,178,121
Gene0486,74,56,75,35,31,80,83,71,33,45,35,40
Gene0487,3,27,22,16,13,31,27,13,32,6,14,29
Gene0488,40,51,37,97,111,59,42,69,53,59,98,115
Gene0489,126,56,131,103,162,108,81,91,109,86,106,111
Gene0490,21,32,9,27,38,28,29,17,19,7,3,18
Gene0491,13,39,25,50,31,17,20,9,35,25,37,31
Gene0492,126,96,122,104,137,109,164,88,84,106,51,54
Gene0493,70,68,53,49,30,56,42,49,26,41,37,141
Gene0494,124,48,33,101,120,75,113,60,71,97,142,58
Gene0495,15,8,20,26,31,20,28,26,22,6,13,12
Gene0496,64,49,78,69,71,74,94,74,55,66,63,63
Gene0497,121,76,136,62,71,106,83,106,58,79,73,42
Gene0498,37,36,29,14,32,19,37,24,28,30,32,36
Gene0499,45,44,50,63,57,47,62,81,72,86,102,143
Gene0500,108,70,136,163,147,156,93,137,54,74,115,75
Gene0501,259,301,378,300,255,261,302,347,273,281,216,215
Gene0502,482,1105,869,361,730,778,581,726,381,341,538,1025
Gene0503,48,39,38,13,40,39,37,38,25,28,43,38
Gene0504,72,113,172,122,151,65,82,117,120,196,147,124
Gene0505,48,27,19,65,27,37,30,54,38,19,24,40
Gene0506,104,97,92,35,78,114,159,57,54,87,49,34
Gene0507,127,139,114,83,139,55,84,124,138,129,156,76
Gene0508,107,198,109,21,128,128,202,417,273,342,182,233
Gene0509,37,27,40,55,10,41,38,24,52,23,24,20
Gene0510,40,28,28,46,25,58,39,30,25,9,37,23
Gene0511,252,511,419,349,427,464,525,460,405,313,331,446
Gene0512,313,195,173,191,138,161,184,169,156,114,131,102
Gene0513,114,35,97,68,84,63,81,62,83,30,63,68
Gene0514,320,149,97,172,128,68,60,137,72,47,195,230
Gene0515,27,11,15,17,20,30,35,12,10,52,12,11
Gene0516,63,50,37,55,34,46,27,40,41,53,71,66
Gene0517,39,27,28,26,75,30,34,36,22,51,79,85
Gene0518,34,35,13,44,40,19,23,44,34,16,69,21
Gene0519,123,122,95,101,107,122,103,151,76,108,103,107
Gene0520,17,13,65,29,45,21,24,41,27,44,20,17
Gene0521,32,70,86,27,62,34,89,65,69,39,23,75
Gene0522,63,32,79,68,85,61,36,44,52,55,44,66
Gene0523,15,39,29,86,45,64,34,58,40,28,62,26
Gene0524,450,409,360,646,615,402,717,606,462,402,354,396
Gene0525,44,13,37,43,23,27,29,25,19,16,13,25
Gene0526,144,60,101,92,82,63,90,137,95,69,104,71
Gene0527,55,46,59,47,132,126,65,113,48,46,113,35
Gene0528,25,31,29,22,22,25,17,24,23,13,14,22
Gene0529,134,67,268,197,155,192,250,187,127,140,209,113
Gene0530,230,230,341,28,161,375,190,471,146,224,149,383
Gene0531,58,99,59,36,67,38,76,82,83,42,29,36
Gene0532,68,69,47,45,43,99,47,55,62,73,51,39
Gene0533,29,15,39,40,41,49,30,49,38,52,30,24
Gene0534,137,92,67,63,171,114,85,157,152,51,64,83
Gene0535,472,715,364,381,308,302,393,576,304,473,469,474
Gene0536,113,72,91,33,57,108,82,134,37,49,78,66
Gene0537,295,147,252,175,208,304,182,213,261,271,279,171
Gene0538,132,138,202,144,131,131,113,233,116,143,161,181
Gene0539,58,45,151,69,159,148,122,111,146,128,46,65
Gene0540,233,134,273,182,350,194,268,289,92,150,135,188
Gene0541,94,57,130,84,114,93,64,52,134,102,97,85
Gene0542,14,15,19,13,19,15,17,10,14,7,21,7
Gene0543,166,143,174,122,200,143,207,162,145,276,113,172
Gene0544,136,92,95,134,110,120,122,96,84,90,34,145
Gene0545,39,11,20,42,43,30,20,31,23,17,31,16
Gene0546,32,29,29,50,57,36,13,59,17,31,18,36
Gene0547,343,377,302,335,257,281,662,239,250,351,200,374
Gene0548,46,19,24,30,36,20,47,34,35,27,29,36
Gene0549,224,260,166,150,384,272,245,212,120,165,143,293
Gene0550,7,26,30,33,36,24,32,22,39,16,23,42
Gene0551,69,39,53,37,21,54,43,47,55,47,30,19
Gene0552,39,21,45,28,39,66,17,69,57,38,48,35
Gene0553,32,31,41,12,32,12,27,36,31,64,23,23
Gene0554,146,43,123,149,221,158,202,136,72,97,101,161
Gene0555,6,5,6,9,5,13,9,10,3,16,11,12
Gene0556,76,19,56,144,154,210,180,78,56,88,47,120
Gene0557,85,101,36,126,101,111,76,105,53,133,98,105
Gene0558,27,21,46,32,29,30,41,40,33,53,28,32
Gene0559,651,700,909,404,359,1043,883,711,821,417,546,716
Gene0560,117,71,143,113,143,137,205,138,126,118,154,163
Gene0561,46,124,56,45,107,54,48,31,64,61,64,64
Gene0562,113,54,34,94,81,139,128,93,66,57,149,67
Gene0563,55,87,67,49,111,92,59,72,62,92,55,94
Gene0564,214,108,303,194,220,290,151,315,156,87,460,183
Gene0565,35,40,71,57,47,25,41,25,46,33,26,28
Gene0566,630,375,293,170,614,390,498,404,360,135,258,275
Gene0567,4,7,6,1,17,3,8,9,9,8,10,9
Gene0568,621,471,792,396,661,826,1045,779,777,662,439,518
Gene0569,67,58,51,50,48,59,68,38,92,72,57,56
Gene0570,305,226,136,166,261,184,243,172,247,208,248,193
Gene0571,137,136,96,174,107,106,145,128,50,58,97,183
Gene0572,71,109,59,83,116,129,116,81,56,94,104,111
Gene0573,10,20,19,13,27,4,6,7,11,31,16,19
Gene0574,134,101,64,191,173,113,78,190,121,117,215,96
Gene0575,348,294,652,397,400,413,439,460,564,379,810,517
Gene0576,55,20,37,46,34,8,58,39,39,12,20,31
Gene0577,95,69,116,63,151,127,75,239,139,93,86,107
Gene0578,12,7,14,8,20,6,8,12,9,12,9,10
Gene0579,7,12,19,16,9,14,12,18,9,7,13,32
Gene0580,18,26,19,24,43,45,33,37,11,17,26,22
Gene0581,17,6,8,22,14,12,11,12,17,10,3,17
Gene0582,11,10,20,21,38,25,66,41,35,19,36,24
Gene0583,3,15,4,4,19,8,15,10,13,2,1,3
Gene0584,14,9,32,27,29,23,12,19,7,18,9,17
Gene0585,23,57,30,29,40,60,26,25,40,22,18,39
Gene0586,16,51,9,50,34,31,24,23,46,31,38,28
Gene0587,43,32,84,55,44,147,53,43,47,53,33,31
Gene0588,31,28,22,34,39,23,52,39,34,43,31,20
Gene0589,65,101,144,131,79,130,112,123,99,149,90,157
Gene0590,49,82,29,49,49,62,41,56,99,35,50,56
Gene0591,45,39,56,75,44,41,59,46,42,36,39,18
Gene0592,67,75,56,41,64,73,74,5,47,40,44,34
Gene0593,42,93,94,47,53,81,166,26,65,61,49,100
Gene0594,100,427,244,242,187,243,151,399,95,216,87,166
Gene0595,121,103,248,143,203,192,144,226,212,192,92,146
Gene0596,8,2,9,5,7,10,19,8,4,1,8,2
Gene0597,24,43,53,33,50,53,21,47,35,41,26,46
Gene0598,79,90,77,55,100,66,64,95,96,51,69,120
Gene0599,71,149,97,56,161,90,144,130,95,58,107,127
Gene0600,63,80,39,75,70,43,109,111,81,52,52,135
Gene0601,199,121,137,160,204,147,203,241,130,113,173,128
Gene0602,34,50,36,42,57,40,55,37,32,17,48,38
Gene0603,20,68,39,103,37,40,90,54,19,31,44,31
Gene0604,8,8,10,23,3,10,11,8,13,1,5,2
Gene0605,149,245,79,144,112,49,189,223,130,233,70,79
Gene0606,418,512,404,553,540,753,611,526,544,566,423,922
Gene0607,344,183,307,178,237,213,281,269,165,137,158,270
Gene0608,45,32,42,43,26,43,44,52,33,32,39,29
Gene0609,405,305,415,247,411,900,900,503,428,391,636,620
Gene0610,347,186,254,161,331,179,315,288,124,195,178,242
Gene0611,377,183,291,189,279,424,372,398,206,324,160,215
Gene0612,10,10,26,55,61,44,28,20,48,40,3,51
Gene0613,39,31,48,32,84,41,58,86,36,47,38,66
Gene0614,73,72,91,84,83,106,47,115,41,89,68,73
Gene0615,83,79,131,65,145,44,167,95,125,52,69,101
Gene0616,175,155,133,178,179,145,185,126,180,98,115,87
Gene0617,105,94,72,90,92,98,99,141,73,61,63,84
Gene0618,79,87,145,102,164,106,167,96,141,129,63,101
Gene0619,25,40,31,39,39,24,29,55,41,28,22,15
Gene0620,101,65,62,81,76,57,65,98,111,69,52,80
Gene0621,16,17,19,21,24,24,34,19,23,20,21,18
Gene0622,27,7,36,17,25,26,22,36,35,25,35,14
Gene0623,84,64,54,40,92,24,74,79,71,31,53,115
Gene0624,186,104,55,83,74,125,123,44,71,122,95,56
Gene0625,155,222,388,260,239,347,156,248,164,268,144,291
Gene0626,24,72,95,18,30,51,20,71,79,45,18,59
Gene0627,270,207,419,456,226,498,123,295,154,192,433,110
Gene0628,33,27,67,62,78,33,64,67,37,79,37,44
Gene0629,127,148,101,56,118,105,89,161,94,111,121,86
Gene0630,59,51,55,55,51,49,36,50,48,72,61,63
Gene0631,43,59,43,51,86,25,48,57,25,29,16,22
Gene0632,223,229,218,155,205,179,426,369,196,137,182,82
Gene0633,2662,945,2387,2158,935,1167,1688,1857,1783,1427,1676,1727
Gene0634,22,17,26,35,36,32,24,19,29,30,30,21
Gene0635,187,131,139,205,156,251,137,256,181,231,202,213
Gene0636,91,83,57,82,51,84,128,101,52,98,59,88
Gene0637,117,103,111,122,108,198,148,122,130,143,103,103
Gene0638,235,248,219,294,379,403,259,262,319,288,354,268
Gene0639,74,115,203,52,161,106,154,94,119,96,135,210
Gene0640,365,286,506,253,439,541,318,119,427,251,248,216
Gene0641,221,222,233,259,218,166,378,143,149,140,137,168
Gene0642,33,87,106,63,78,76,90,87,59,49,87,47
Gene0643,16,39,20,21,23,32,28,31,30,13,23,18
Gene0644,34,44,61,54,58,56,77,50,58,56,57,25
Gene0645,117,106,111,65,117,94,76,132,68,69,105,60
Gene0646,35,62,49,26,32,69,46,69,41,55,65,23
Gene0647,45,45,43,59,29,48,46,50,53,45,80,54
Gene0648,47,50,77,29,49,22,106,55,22,21,39,33
Gene0649,104,56,103,47,186,71,55,74,113,95,67,94
Gene0650,26,9,17,19,13,6,15,10,21,13,10,17
Gene0651,111,121,210,111,62,108,101,173,68,96,131,68
Gene0652,317,550,124,213,255,340,335,357,350,264,166,217
Gene0653,55,58,124,83,108,124,158,131,55,101,113,94
Gene0654,83,172,125,257,179,167,355,201,290,201,208,146
Gene0655,25,14,13,17,26,11,7,10,9,13,28,16
Gene0656,30,34,57,53,49,46,88,60,38,44,66,46
Gene0657,561,641,708,495,513,770,400,465,668,498,531,346
Gene0658,3,8,10,7,9,4,5,13,4,14,5,4
Gene0659,87,68,119,188,154,108,214,279,254,273,47,250
Gene0660,74,79,52,54,80,40,86,44,29,25,71,28
Gene0661,19,4,10,12,11,8,17,5,27,24,7,17
Gene0662,117,105,137,91,97,240,232,145,103,105,65,98
Gene0663,33,32,33,34,50,46,27,21,30,28,55,22
Gene0664,21,15,39,16,15,21,17,22,42,22,5,29
Gene0665,30,19,39,32,20,34,24,45,42,8,42,35
Gene0666,279,292,205,307,274,252,215,396,334,232,233,333
Gene0667,254,298,170,185,380,404,257,600,246,225,165,87
Gene0668,39,38,26,23,29,36,60,83,74,43,50,61
Gene0669,51,89,119,126,62,185,32,61,94,113,103,87
Gene0670,68,105,174,76,217,218,202,166,134,102,191,147
Gene0671,22,15,37,34,44,38,14,25,27,16,32,58
Gene0672,19,24,42,48,28,32,22,17,27,14,22,25
Gene0673,6,5,2,6,3,14,17,16,14,13,10,3
Gene0674,29,4,10,13,22,37,20,14,18,33,28,16
Gene0675,47,19,64,25,14,8,27,40,40,29,5,16
Gene0676,24,28,22,19,19,19,26,27,12,30,14,17
Gene0677,76,77,65,65,93,79,42,78,99,22,42,89
Gene0678,236,229,131,175,145,92,135,264,144,86,143,132
Gene0679,18,29,20,34,58,24,35,49,33,50,19,22
Gene0680,24,12,15,16,24,11,15,5,19,4,14,7
Gene0681,53,56,44,92,145,99,95,148,57,86,53,78
Gene0682,21,19,28,15,29,28,52,40,37,34,26,23
Gene0683,77,135,138,53,193,184,62,76,94,42,61,60
Gene0684,73,66,46,28,62,15,46,36,68,50,43,118
Gene0685,240,203,178,167,270,281,128,328,222,378,247,171
Gene0686,8,9,19,25,22,12,10,17,17,16,19,17
Gene0687,38,36,45,40,50,61,76,36,26,67,54,31
Gene0688,109,91,71,121,112,112,119,131,147,165,82,104
Gene0689,53,34,43,45,70,34,50,52,57,33,55,68
Gene0690,760,628,628,297,380,1200,456,527,618,299,524,628
Gene0691,164,212,96,252,414,78,144,221,236,144,189,340
Gene0692,16,23,12,17,17,37,26,27,9,17,23,19
Gene0693,592,740,699,711,422,494,742,283,408,450,565,956
Gene0694,39,59,35,28,45,64,21,75,42,41,47,35
Gene0695,43,41,35,28,57,50,51,38,68,40,43,19
Gene0696,119,58,103,85,141,162,97,99,127,118,83,43
Gene0697,233,184,196,328,554,469,659,402,351,333,669,429
Gene0698,45,42,32,58,46,36,64,58,45,41,44,31
Gene0699,47,43,65,36,31,41,30,43,44,29,22,34
Gene0700,68,65,48,27,52,24,35,67,24,73,47,69
Gene0701,32,25,25,34,21,10,25,32,40,20,11,12
Gene0702,46,24,59,53,44,72,40,35,33,45,25,63
Gene0703,34,113,77,52,50,77,76,91,39,82,53,38
Gene0704,83,49,71,63,63,73,104,54,35,66,51,72
Gene0705,15,21,65,62,60,83,56,53,77,46,69,65
Gene0706,190,104,240,175,185,253,131,217,116,88,175,108
Gene0707,26,16,22,54,65,33,71,51,42,37,38,43
Gene0708,237,197,181,146,81,190,131,187,94,122,201,69
Gene0709,106,122,127,114,99,135,146,104,74,114,52,93
Gene0710,138,218,191,215,229,214,162,240,139,76,113,209
Gene0711,20,5,17,13,6,7,8,9,7,7,9,8
Gene0712,26,17,23,45,13,24,34,19,25,17,32,28
Gene0713,79,57,99,112,97,103,102,71,70,118,46,80
Gene0714,149,64,77,93,126,83,80,111,103,93,43,121
Gene0715,36,19,32,26,41,74,28,13,12,17,35,30
Gene0716,80,80,99,59,100,118,81,73,36,68,37,66
Gene0717,44,45,59,26,50,44,20,56,26,39,42,36
Gene0718,5,33,18,44,19,53,38,24,6,18,28,16
Gene0719,58,24,34,56,93,31,71,86,26,48,39,34
Gene0720,72,47,143,72,96,84,172,92,64,65,120,54
Gene0721,327,281,202,279,322,285,337,293,255,288,263,277
Gene0722,35,188,201,61,232,169,133,279,245,136,115,213
Gene0723,49,6,16,23,3,17,20,60,13,25,48,49
Gene0724,255,382,397,293,505,800,384,193,310,91,367,180
Gene0725,22,24,49,94,32,22,56,53,24,27,25,30
Gene0726,104,86,35,60,104,67,64,66,63,30,60,56
Gene0727,47,24,33,27,46,28,23,34,25,15,35,19
Gene0728,23,36,22,66,64,149,40,65,24,39,48,40
Gene0729,212,68,132,113,200,278,188,107,151,196,188,111
Gene0730,21,42,66,142,70,71,50,64,40,75,21,57
Gene0731,33,34,19,28,31,33,27,22,17,42,29,17
Gene0732,36,17,39,51,21,47,43,22,37,53,51,25
Gene0733,61,76,72,106,139,45,80,63,165,103,45,40
Gene0734,35,24,61,41,82,64,41,26,43,34,59,36
Gene0735,15,11,15,18,13,17,14,11,12,29,23,14
Gene0736,591,652,490,609,546,620,584,681,350,508,348,604
Gene0737,109,58,55,35,175,126,113,93,35,54,81,67
Gene0738,49,69,114,80,127,180,160,131,112,108,92,85
Gene0739,11,6,8,6,14,6,12,6,7,9,4,8
Gene0740,659,276,469,906,417,288,596,518,274,477,102,521
Gene0741,10,19,29,26,9,25,22,70,19,29,25,24
Gene0742,75,70,78,61,60,46,61,52,57,58,40,56
Gene0743,316,264,344,267,464,326,277,336,297,317,230,484
Gene0744,322,241,351,348,358,246,273,279,241,163,107,286
Gene0745,141,81,253,175,166,183,154,121,113,95,112,108
Gene0746,33,38,17,27,47,32,37,26,54,46,32,18
Gene0747,26,18,6,11,21,18,23,16,14,20,13,5
Gene0748,33,17,23,43,33,40,60,21,42,40,47,62
Gene0749,183,194,158,167,222,183,319,102,161,113,158,113
Gene0750,320,498,396,351,428,132,137,217,414,326,425,323
Gene0751,332,106,24,79,176,123,120,152,98,167,97,76
Gene0752,36,25,11,23,30,27,32,45,27,13,11,16
Gene0753,44,32,66,44,31,59,54,91,47,46,43,44
Gene0754,428,435,599,608,351,992,910,761,362,713,942,627
Gene0755,19,41,31,59,26,76,33,67,14,51,87,39
Gene0756,349,137,248,209,250,220,130,227,155,146,193,143
Gene0757,139,93,60,48,126,67,61,44,80,68,42,99
Gene0758,94,87,140,153,60,110,127,122,111,93,81,36
Gene0759,138,146,129,109,213,171,132,130,137,135,156,163
Gene0760,61,70,85,76,78,77,146,60,31,90,61,103
Gene0761,404,295,381,260,362,395,358,521,281,295,480,122
Gene0762,102,95,132,82,86,139,106,87,85,99,90,73
Gene0763,18,15,22,17,19,30,9,34,27,20,20,22
Gene0764,75,20,36,77,112,71,108,46,24,51,65,38
Gene0765,79,186,283,166,196,187,335,250,206,224,157,176
Gene0766,601,458,504,575,524,417,604,706,814,362,554,603
Gene0767,175,96,350,197,217,146,235,202,256,186,136,200
Gene0768,85,142,101,104,119,110,98,83,98,79,90,97
Gene0769,93,92,56,63,92,92,109,83,45,61,146,85
Gene0770,31,16,16,10,13,31,15,30,13,12,11,16
Gene0771,14,8,6,15,19,15,6,24,17,21,9,5
Gene0772,292,171,494,188,262,280,494,185,240,156,101,243
Gene0773,66,73,67,45,43,63,73,79,32,42,41,29
Gene0774,44,59,72,60,56,72,62,24,85,35,40,40
Gene0775,158,89,84,113,252,302,158,164,121,242,73,328
Gene0776,37,59,74,39,64,59,50,36,40,38,68,46
Gene0777,88,140,54,67,63,75,104,143,36,70,75,99
Gene0778,26,28,72,37,70,35,97,58,37,37,72,48
Gene0779,132,426,262,258,487,252,298,318,207,255,240,197
Gene0780,271,240,200,183,292,147,196,229,227,233,277,141
Gene0781,91,228,165,248,127,274,73,155,148,90,72,115
Gene0782,93,127,91,89,38,74,210,124,141,223,71,135
Gene0783,17,14,6,34,25,19,12,21,27,24,12,9
Gene0784,83,54,40,111,90,68,76,93,79,68,43,80
Gene0785,47,36,57,39,39,38,57,35,52,41,43,44
Gene0786,6,5,4,0,11,12,8,5,3,4,5,4
Gene0787,45,61,101,97,83,99,63,84,58,55,52,45
Gene0788,175,130,169,222,215,195,128,226,243,239,85,163
Gene0789,429,309,410,568,479,674,316,469,370,356,342,542
Gene0790,118,124,74,104,106,126,152,126,110,73,72,141
Gene0791,32,70,41,3,33,22,42,43,19,25,26,17
Gene0792,21,21,45,41,16,66,79,34,32,26,20,44
Gene0793,13,24,41,35,20,42,35,49,34,43,38,41
Gene0794,39,38,65,94,91,112,96,53,69,69,70,65
Gene0795,26,34,35,27,30,23,61,39,35,17,30,54
Gene0796,72,74,57,73,96,93,75,56,52,68,62,74
Gene0797,32,32,21,18,18,18,23,19,34,20,15,17
Gene0798,31,51,79,69,42,47,45,23,30,25,24,19
Gene0799,32,19,20,19,33,52,27,31,28,13,15,15
Gene0800,60,29,39,61,65,81,22,68,51,33,48,20
Gene0801,12,23,19,17,21,15,25,21,12,15,13,7
Gene0802,49,65,36,36,55,68,55,25,29,49,36,42
Gene0803,54,59,32,41,30,51,74,38,55,21,35,41
Gene0804,60,37,73,68,50,29,41,28,37,23,22,55
Gene0805,51,87,43,56,39,42,62,57,89,90,86,38
Gene0806,167,232,150,274,231,229,74,238,209,414,146,203
Gene0807,61,70,47,78,104,121,50,189,72,78,35,111
Gene0808,89,125,140,96,210,189,121,111,135,155,107,117
Gene0809,33,45,33,26,23,22,39,33,17,31,27,45
Gene0810,259,242,226,236,230,181,225,123,129,210,216,216
Gene0811,53,36,54,25,43,38,28,45,19,67,55,50
Gene0812,194,480,390,324,428,527,430,348,520,240,452,303
Gene0813,35,20,22,53,28,21,21,25,20,43,35,34
Gene0814,87,151,160,49,170,128,84,35,99,150,119,163
Gene0815,712,755,238,368,476,1117,539,520,592,349,576,438
Gene0816,119,59,61,210,73,88,119,73,42,115,177,143
Gene0817,9,11,13,9,21,12,12,15,14,4,15,17
Gene0818,36,35,19,49,27,40,33,36,38,44,29,44
Gene0819,32,26,32,14,18,10,23,8,27,11,16,18
Gene0820,6,5,14,3,7,14,8,3,2,14,13,10
Gene0821,283,784,317,446,428,623,661,233,614,567,366,929
Gene0822,86,25,49,39,48,117,64,36,61,74,37,57
Gene0823,77,38,33,41,51,42,40,91,55,56,35,74
Gene0824,59,122,119,94,72,126,70,122,75,56,124,88
Gene0825,63,85,102,60,87,126,72,114,107,60,51,61
Gene0826,68,111,27,53,105,63,101,64,54,58,28,70
Gene0827,142,204,45,66,108,155,102,89,50,86,45,71
Gene0828,29,46,33,38,46,36,62,52,23,35,34,64
Gene0829,42,40,60,42,54,55,28,76,45,24,38,52
Gene0830,212,147,446,229,152,408,255,450,241,140,187,227
Gene0831,9,10,9,13,9,18,1,8,10,5,8,19
Gene0832,25,15,23,17,18,36,11,2,16,22,16,15
Gene0833,95,134,82,120,89,140,98,133,104,57,122,98
Gene0834,76,84,55,80,41,69,49,74,43,46,48,49
Gene0835,50,51,55,60,87,81,57,62,50,57,53,57
Gene0836,16,11,7,16,11,39,21,26,8,9,25,13
Gene0837,26,32,22,50,46,39,83,48,18,25,35,13
Gene0838,135,138,108,168,219,248,282,248,131,127,103,233
Gene0839,35,30,21,11,39,18,15,45,30,23,33,52
Gene0840,18,16,16,17,38,36,33,24,21,7,33,35
Gene0841,123,202,97,248,194,89,379,154,98,284,116,128
Gene0842,56,25,60,50,45,33,27,37,42,42,80,22
Gene0843,80,140,125,123,137,114,127,119,99,113,98,58
Gene0844,74,46,34,92,70,41,57,62,18,21,28,34
Gene0845,349,294,440,485,310,590,376,344,313,185,311,192
Gene0846,30,27,34,29,24,33,27,26,20,21,28,21
Gene0847,98,30,146,85,123,75,121,87,83,65,90,71
Gene0848,27,53,76,75,30,27,65,37,38,24,39,55
Gene0849,54,33,24,50,52,56,33,30,31,25,43,52
Gene0850,77,146,47,117,100,59,65,132,73,54,42,75
Gene0851,28,30,23,25,14,30,29,38,31,30,31,26
Gene0852,117,143,123,80,98,176,153,155,91,117,154,113
Gene0853,107,71,118,90,108,113,154,127,110,120,64,88
Gene0854,53,101,56,70,81,101,86,84,73,64,54,147
Gene0855,26,49,56,107,39,76,90,67,91,111,94,42
Gene0856,33,262,416,374,208,378,339,228,289,272,223,204
Gene0857,144,95,118,130,112,269,288,64,123,117,140,84
Gene0858,66,57,92,48,69,91,123,69,66,119,115,59
Gene0859,96,135,83,137,90,188,133,71,117,64,52,80
Gene0860,36,57,63,29,43,27,74,39,21,31,15,34
Gene0861,84,28,51,40,72,52,68,40,53,36,40,61
Gene0862,1840,1300,899,1417,1357,1115,911,1553,975,1380,657,1098
Gene0863,127,146,43,114,60,103,47,138,101,77,98,45
Gene0864,756,901,701,670,721,488,691,778,661,627,994,903
Gene0865,24,31,22,25,52,19,22,23,39,33,29,34
Gene0866,81,25,67,34,87,46,24,33,28,52,40,34
Gene0867,47,20,26,35,61,69,66,54,47,56,43,52
Gene0868,163,75,59,93,99,74,87,84,64,40,59,120
Gene0869,42,104,69,33,80,108,28,49,60,12,55,50
Gene0870,177,332,363,304,397,316,298,276,256,366,238,307
Gene0871,314,215,148,186,230,236,182,197,200,244,189,94
Gene0872,254,384,173,501,324,445,184,360,326,193,239,244
Gene0873,164,220,170,147,79,144,321,156,153,83,124,111
Gene0874,71,44,40,46,63,74,66,65,45,39,64,43
Gene0875,55,38,65,37,32,60,38,86,28,35,49,26
Gene0876,361,349,180,390,291,310,314,314,255,243,238,282
Gene0877,73,99,72,112,79,66,59,37,31,94,57,53
Gene0878,121,89,120,74,142,70,81,107,80,156,96,107
Gene0879,100,162,162,149,200,192,159,210,98,53,234,161
Gene0880,149,136,80,182,96,111,125,91,81,99,129,28
Gene0881,52,154,114,130,123,75,151,106,156,71,103,61
Gene0882,56,51,24,33,16,59,21,63,20,36,30,30
Gene0883,163,252,265,197,231,55,230,178,256,261,152,199
Gene0884,121,315,268,135,245,149,247,289,229,119,152,207
Gene0885,120,119,240,143,289,217,342,304,90,200,220,216
Gene0886,158,344,399,387,354,272,510,249,612,268,403,443
Gene0887,99,147,122,149,217,284,146,234,105,151,60,156
Gene0888,90,102,86,36,87,49,130,88,37,30,46,19
Gene0889,88,62,152,57,101,123,117,58,87,12,89,71
Gene0890,17,53,38,33,33,45,31,37,25,29,18,31
Gene0891,69,25,29,34,17,43,70,18,36,42,25,27
Gene0892,22,55,56,31,36,88,38,42,51,40,20,14
Gene0893,18,10,14,27,34,10,19,23,24,17,14,8
Gene0894,61,183,72,78,137,44,100,69,75,64,51,71
Gene0895,9,26,17,22,51,17,27,46,16,15,25,18
Gene0896,79,133,114,126,106,55,76,82,63,70,91,76
Gene0897,13,25,15,9,22,21,24,22,7,22,18,11
Gene0898,108,77,73,71,136,269,100,211,141,65,90,184
Gene0899,57,85,82,53,78,65,109,62,131,46,65,44
Gene0900,70,83,23,47,63,57,71,56,58,49,62,71
Gene0901,47,45,64,28,38,94,68,60,46,32,35,26
Gene0902,78,18,38,32,32,52,51,25,17,7,39,17
Gene0903,56,59,45,19,38,26,27,50,40,31,29,25
Gene0904,75,62,158,95,91,134,115,127,63,112,184,76
Gene0905,76,107,129,126,171,128,68,190,61,234,83,115
Gene0906,265,393,505,419,202,391,161,508,391,370,301,228
Gene0907,20,33,28,49,15,19,37,20,9,21,25,19
Gene0908,97,143,276,132,90,195,296,285,80,40,87,77
Gene0909,82,164,41,95,139,91,122,57,156,65,87,93
Gene0910,4,10,12,4,13,13,29,9,15,11,13,12
Gene0911,18,28,53,74,84,54,88,35,48,39,37,59
Gene0912,45,92,63,113,84,86,113,93,69,47,137,77
Gene0913,4,8,6,3,5,2,10,7,6,6,2,1
Gene0914,38,39,50,43,63,48,58,41,49,58,61,72
Gene0915,20,17,23,23,47,9,13,16,10,11,27,16
Gene0916,228,55,161,142,185,249,90,115,169,39,147,56
Gene0917,114,87,97,157,112,46,128,123,103,100,46,153
Gene0918,420,297,254,252,308,296,458,427,353,326,264,279
Gene0919,167,187,88,89,104,68,198,124,36,99,182,99
Gene0920,116,178,123,192,97,339,80,110,131,91,128,146
Gene0921,222,262,253,388,183,191,559,228,313,133,161,353
Gene0922,151,223,165,171,269,309,198,203,158,280,224,261
Gene0923,45,76,89,71,61,52,90,140,74,104,64,136
Gene0924,96,78,117,82,85,233,248,75,85,49,79,139
Gene0925,49,61,60,72,58,78,95,62,102,53,34,33
Gene0926,73,40,63,46,57,36,66,69,29,48,39,58
Gene0927,65,51,70,49,45,38,113,61,69,49,70,60
Gene0928,7,20,11,22,20,16,11,14,6,6,13,23
Gene0929,421,360,524,424,261,530,633,668,553,337,398,213
Gene0930,141,222,297,233,227,309,208,342,111,164,219,136
Gene0931,116,94,48,90,102,94,135,97,55,76,82,83
Gene0932,184,80,82,132,110,249,83,310,165,120,101,232
Gene0933,80,108,69,93,52,109,68,177,81,96,89,80
Gene0934,422,407,569,694,241,640,594,527,285,424,173,287
Gene0935,11,14,25,15,11,17,16,15,12,19,13,17
Gene0936,449,270,172,242,379,242,249,494,326,306,357,273
Gene0937,54,93,73,36,57,77,106,64,57,57,120,59
Gene0938,35,51,50,38,40,84,25,57,53,76,57,43
Gene0939,292,471,572,533,446,739,320,845,566,685,811,302
Gene0940,72,70,101,66,103,58,230,38,57,40,98,64
Gene0941,15,30,30,15,39,21,21,9,15,7,8,33
Gene0942,123,274,102,203,659,151,253,354,308,557,159,389
Gene0943,34,27,37,28,47,53,44,41,40,20,22,29
Gene0944,192,113,132,67,153,79,141,120,87,147,166,68
Gene0945,449,1700,617,458,797,373,1144,1713,516,385,744,876
Gene0946,60,53,50,32,81,65,73,94,39,73,75,45
Gene0947,28,43,46,15,60,38,39,32,28,17,26,16
Gene0948,75,55,94,94,74,122,45,104,98,31,110,69
Gene0949,87,58,80,77,103,76,120,136,92,56,40,112
Gene0950,46,83,82,74,82,100,76,70,72,56,56,78
Gene0951,297,547,532,576,499,533,437,723,822,239,206,248
Gene0952,31,44,43,70,9,23,36,40,63,23,41,48
Gene0953,57,53,59,114,143,136,130,97,61,67,54,76
Gene0954,139,229,156,215,220,186,170,424,102,225,200,291
Gene0955,107,102,71,70,125,106,105,66,62,100,72,83
Gene0956,44,41,35,24,34,44,55,54,55,36,30,44
Gene0957,68,85,69,90,85,133,78,67,60,71,48,81
Gene0958,44,39,14,32,55,45,24,56,42,39,25,36
Gene0959,421,786,444,650,547,354,863,853,487,200,453,548
Gene0960,76,77,71,191,163,103,75,103,58,40,61,39
Gene0961,37,16,28,26,26,43,16,18,42,21,13,32
Gene0962,42,53,54,19,43,64,46,48,13,59,27,28
Gene0963,189,111,119,84,200,65,224,204,150,104,72,214
Gene0964,116,129,114,161,165,216,142,153,103,172,166,112
Gene0965,37,55,21,22,27,47,41,62,23,35,42,35
Gene0966,89,83,55,68,96,58,112,103,45,87,76,67
Gene0967,88,69,61,75,90,73,88,93,69,90,86,35
Gene0968,70,234,140,208,268,152,119,292,148,147,142,261
Gene0969,18,33,41,14,43,46,22,21,23,27,21,14
Gene0970,160,291,167,174,152,262,112,311,220,214,187,306
Gene0971,20,32,41,37,45,56,35,50,32,47,47,30
Gene0972,121,52,102,54,63,24,108,57,77,60,68,70
Gene0973,492,534,375,244,460,690,298,557,262,194,396,233
Gene0974,24,47,35,50,59,21,8,47,28,38,34,23
Gene0975,120,112,82,122,72,105,296,127,142,162,123,150
Gene0976,51,63,26,53,51,58,36,31,35,45,37,53
Gene0977,326,181,187,137,176,151,221,259,152,163,148,195
Gene0978,37,16,27,61,22,47,25,38,62,37,28,53
Gene0979,246,217,568,265,541,277,346,375,122,218,293,189
Gene0980,64,43,72,69,76,54,40,32,66,32,62,31
Gene0981,6,6,5,3,7,15,10,6,4,4,6,3
Gene0982,196,114,95,220,121,178,127,154,110,171,172,91
Gene0983,39,42,41,63,29,25,17,26,27,34,36,24
Gene0984,312,561,523,749,967,721,535,791,547,521,378,606
Gene0985,23,45,23,45,32,43,75,41,10,19,26,38
Gene0986,166,98,144,144,220,171,167,163,157,107,100,120
Gene0987,339,385,236,762,374,499,734,614,290,326,195,225
Gene0988,84,102,67,56,95,60,45,103,53,54,61,66
Gene0989,484,271,175,181,181,132,205,223,131,182,177,356
Gene0990,48,95,60,113,103,161,100,115,58,81,62,93
Gene0991,286,592,552,504,554,310,397,620,539,489,401,430
Gene0992,137,92,60,73,76,54,84,82,100,35,64,121
Gene0993,488,478,322,647,460,310,465,368,421,466,409,454
Gene0994,92,286,131,181,133,157,195,62,79,138,129,60
Gene0995,73,62,178,72,138,131,61,93,134,73,120,47
Gene0996,516,260,235,467,410,336,496,403,197,350,566,264
Gene0997,114,133,124,114,86,118,126,98,78,118,64,127
Gene0998,37,21,60,52,30,39,26,16,52,39,31,20
Gene0999,12,18,10,22,25,4,14,15,10,21,9,9
Gene1000,74,50,81,39,78,45,69,55,63,42,64,54
