gene_id,gene_symbol,biotype,truth_log2FC_for_instructor
Gene0001,Gene0001,protein_coding,1.374
Gene0002,Gene0002,protein_coding,1.37
Gene0003,Gene0003,protein_coding,1.373
Gene0004,Gene0004,protein_coding,1.281
Gene0005,Gene0005,protein_coding,1.755
Gene0006,Gene0006,protein_coding,2.198
Gene0007,Gene0007,protein_coding,0.842
Gene0008,Gene0008,protein_coding,1.635
Gene0009,Gene0009,protein_coding,0.971
Gene0010,Gene0010,protein_coding,1.529
Gene0011,Gene0011,protein_coding,1.162
Gene0012,Gene0012,protein_coding,1.613
Gene0013,Gene0013,protein_coding,1.41
Gene0014,Gene0014,protein_coding,1.533
Gene0015,Gene0015,protein_coding,1.877
Gene0016,Gene0016,protein_coding,1.265
Gene0017,Gene0017,protein_coding,1.431
Gene0018,Gene0018,protein_coding,0.732
Gene0019,Gene0019,protein_coding,1.025
Gene0020,Gene0020,protein_coding,1.612
Gene0021,Gene0021,protein_coding,1.212
Gene0022,Gene0022,protein_coding,1.209
Gene0023,Gene0023,protein_coding,1.117
Gene0024,Gene0024,protein_coding,1.064
Gene0025,Gene0025,protein_coding,1.395
Gene0026,Gene0026,protein_coding,1.54
Gene0027,Gene0027,protein_coding,0.783
Gene0028,Gene0028,protein_coding,0.99
Gene0029,Gene0029,protein_coding,1.187
Gene0030,Gene0030,protein_coding,1.423
Gene0031,Gene0031,protein_coding,1.084
Gene0032,Gene0032,protein_coding,1.014
Gene0033,Gene0033,protein_coding,1.322
Gene0034,Gene0034,protein_coding,1.318
Gene0035,Gene0035,protein_coding,1.546
Gene0036,Gene0036,protein_coding,1.322
Gene0037,Gene0037,protein_coding,0.958
Gene0038,Gene0038,protein_coding,1.43
Gene0039,Gene0039,protein_coding,1.518
Gene0040,Gene0040,protein_coding,1.621
Gene0041,Gene0041,protein_coding,1.211
Gene0042,Gene0042,protein_coding,1.807
Gene0043,Gene0043,protein_coding,1.864
Gene0044,Gene0044,protein_coding,1.227
Gene0045,Gene0045,protein_coding,0.95
Gene0046,Gene0046,protein_coding,1.415
Gene0047,Gene0047,protein_coding,1.256
Gene0048,Gene0048,protein_coding,1.386
Gene0049,Gene0049,protein_coding,1.51
Gene0050,Gene0050,protein_coding,1.429
Gene0051,Gene0051,protein_coding,1.247
Gene0052,Gene0052,protein_coding,1.343
Gene0053,Gene0053,protein_coding,1.365
Gene0054,Gene0054,protein_coding,1.706
Gene0055,Gene0055,protein_coding,1.153
Gene0056,Gene0056,protein_coding,1.244
Gene0057,Gene0057,protein_coding,1.452
Gene0058,Gene0058,protein_coding,1.305
Gene0059,Gene0059,protein_coding,1.424
Gene0060,Gene0060,protein_coding,1.209
Gene0061,Gene0061,protein_coding,-1.286
Gene0062,Gene0062,protein_coding,-1.111
Gene0063,Gene0063,protein_coding,-1.165
Gene0064,Gene0064,protein_coding,-1.647
Gene0065,Gene0065,protein_coding,-1.151
Gene0066,Gene0066,protein_coding,-1.334
Gene0067,Gene0067,protein_coding,-1.237
Gene0068,Gene0068,protein_coding,-1.427
Gene0069,Gene0069,protein_coding,-1.424
Gene0070,Gene0070,protein_coding,-0.972
Gene0071,Gene0071,protein_coding,-0.934
Gene0072,Gene0072,protein_coding,-1.398
Gene0073,Gene0073,protein_coding,-1.593
Gene0074,Gene0074,protein_coding,-1.262
Gene0075,Gene0075,protein_coding,-1.088
Gene0076,Gene0076,protein_coding,-1.39
Gene0077,Gene0077,protein_coding,-0.755
Gene0078,Gene0078,protein_coding,-1.7
Gene0079,Gene0079,protein_coding,-1.488
Gene0080,Gene0080,protein_coding,-1.404
Gene0081,Gene0081,protein_coding,-1.255
Gene0082,Gene0082,protein_coding,-1.127
Gene0083,Gene0083,protein_coding,-1.102
Gene0084,Gene0084,protein_coding,-1.096
Gene0085,Gene0085,protein_coding,-1.305
Gene0086,Gene0086,protein_coding,-1.304
Gene0087,Gene0087,protein_coding,-1.177
Gene0088,Gene0088,protein_coding,-1.57
Gene0089,Gene0089,protein_coding,-1.23
Gene0090,Gene0090,protein_coding,-1.084
Gene0091,Gene0091,protein_coding,-1.217
Gene0092,Gene0092,protein_coding,-1.317
Gene0093,Gene0093,protein_coding,-1.134
Gene0094,Gene0094,protein_coding,-1.159
Gene0095,Gene0095,protein_coding,-1.236
Gene0096,Gene0096,protein_coding,-1.046
Gene0097,Gene0097,protein_coding,-1.536
Gene0098,Gene0098,protein_coding,-1.241
Gene0099,Gene0099,protein_coding,-1.157
Gene0100,Gene0100,protein_coding,-1.56
Gene0101,Gene0101,protein_coding,0.0
Gene0102,Gene0102,protein_coding,0.0
Gene0103,Gene0103,protein_coding,0.0
Gene0104,Gene0104,protein_coding,0.0
Gene0105,Gene0105,protein_coding,0.0
Gene0106,Gene0106,protein_coding,0.0
Gene0107,Gene0107,protein_coding,0.0
Gene0108,Gene0108,protein_coding,0.0
Gene0109,Gene0109,protein_coding,0.0
Gene0110,Gene0110,protein_coding,0.0
Gene0111,Gene0111,protein_coding,0.0
Gene0112,Gene0112,protein_coding,0.0
Gene0113,Gene0113,protein_coding,0.0
Gene0114,Gene0114,protein_coding,0.0
Gene0115,Gene0115,protein_coding,0.0
Gene0116,Gene0116,protein_coding,0.0
Gene0117,Gene0117,protein_coding,0.0
Gene0118,Gene0118,protein_coding,0.0
Gene0119,Gene0119,protein_coding,0.0
Gene0120,Gene0120,protein_coding,0.0
Gene0121,Gene0121,protein_coding,0.0
Gene0122,Gene0122,protein_coding,0.0
Gene0123,Gene0123,protein_coding,0.0
Gene0124,Gene0124,protein_coding,0.0
Gene0125,Gene0125,protein_coding,0.0
Gene0126,Gene0126,protein_coding,0.0
Gene0127,Gene0127,protein_coding,0.0
Gene0128,Gene0128,protein_coding,0.0
Gene0129,Gene0129,protein_coding,0.0
Gene0130,Gene0130,protein_coding,0.0
Gene0131,Gene0131,protein_coding,0.0
Gene0132,Gene0132,protein_coding,0.0
Gene0133,Gene0133,protein_coding,0.0
Gene0134,Gene0134,protein_coding,0.0
Gene0135,Gene0135,protein_coding,0.0
Gene0136,Gene0136,protein_coding,0.0
Gene0137,Gene0137,protein_coding,0.0
Gene0138,Gene0138,protein_coding,0.0
Gene0139,Gene0139,protein_coding,0.0
Gene0140,Gene0140,protein_coding,0.0
Gene0141,Gene0141,protein_coding,0.0
Gene0142,Gene0142,protein_coding,0.0
Gene0143,Gene0143,protein_coding,0.0
Gene0144,Gene0144,protein_coding,0.0
Gene0145,Gene0145,protein_coding,0.0
Gene0146,Gene0146,protein_coding,0.0
Gene0147,Gene0147,protein_coding,0.0
Gene0148,Gene0148,protein_coding,0.0
Gene0149,Gene0149,protein_coding,0.0
Gene0150,Gene0150,protein_coding,0.0
Gene0151,Gene0151,protein_coding,0.0
Gene0152,Gene0152,protein_coding,0.0
Gene0153,Gene0153,protein_coding,0.0
Gene0154,Gene0154,protein_coding,0.0
Gene0155,Gene0155,protein_coding,0.0
Gene0156,Gene0156,protein_coding,0.0
Gene0157,Gene0157,protein_coding,0.0
Gene0158,Gene0158,protein_coding,0.0
Gene0159,Gene0159,protein_coding,0.0
Gene0160,Gene0160,protein_coding,0.0
Gene0161,Gene0161,protein_coding,0.0
Gene0162,Gene0162,protein_coding,0.0
Gene0163,Gene0163,protein_coding,0.0
Gene0164,Gene0164,protein_coding,0.0
Gene0165,Gene0165,protein_coding,0.0
Gene0166,Gene0166,protein_coding,0.0
Gene0167,Gene0167,protein_coding,0.0
Gene0168,Gene0168,protein_coding,0.0
Gene0169,Gene0169,protein_coding,0.0
Gene0170,Gene0170,protein_coding,0.0
Gene0171,Gene0171,protein_coding,0.0
Gene0172,Gene0172,protein_coding,0.0
Gene0173,Gene0173,protein_coding,0.0
Gene0174,Gene0174,protein_coding,0.0
Gene0175,Gene0175,protein_coding,0.0
Gene0176,Gene0176,protein_coding,0.0
Gene0177,Gene0177,protein_coding,0.0
Gene0178,Gene0178,protein_coding,0.0
Gene0179,Gene0179,protein_coding,0.0
Gene0180,Gene0180,protein_coding,0.0
Gene0181,Gene0181,protein_coding,0.0
Gene0182,Gene0182,protein_coding,0.0
Gene0183,Gene0183,protein_coding,0.0
Gene0184,Gene0184,protein_coding,0.0
Gene0185,Gene0185,protein_coding,0.0
Gene0186,Gene0186,protein_coding,0.0
Gene0187,Gene0187,protein_coding,0.0
Gene0188,Gene0188,protein_coding,0.0
Gene0189,Gene0189,protein_coding,0.0
Gene0190,Gene0190,protein_coding,0.0
Gene0191,Gene0191,protein_coding,0.0
Gene0192,Gene0192,protein_coding,0.0
Gene0193,Gene0193,protein_coding,0.0
Gene0194,Gene0194,protein_coding,0.0
Gene0195,Gene0195,protein_coding,0.0
Gene0196,Gene0196,protein_coding,0.0
Gene0197,Gene0197,protein_coding,0.0
Gene0198,Gene0198,protein_coding,0.0
Gene0199,Gene0199,protein_coding,0.0
Gene0200,Gene0200,protein_coding,0.0
Gene0201,Gene0201,protein_coding,0.0
Gene0202,Gene0202,protein_coding,0.0
Gene0203,Gene0203,protein_coding,0.0
Gene0204,Gene0204,protein_coding,0.0
Gene0205,Gene0205,protein_coding,0.0
Gene0206,Gene0206,protein_coding,0.0
Gene0207,Gene0207,protein_coding,0.0
Gene0208,Gene0208,protein_coding,0.0
Gene0209,Gene0209,protein_coding,0.0
Gene0210,Gene0210,protein_coding,0.0
Gene0211,Gene0211,protein_coding,0.0
Gene0212,Gene0212,protein_coding,0.0
Gene0213,Gene0213,protein_coding,0.0
Gene0214,Gene0214,protein_coding,0.0
Gene0215,Gene0215,protein_coding,0.0
Gene0216,Gene0216,protein_coding,0.0
Gene0217,Gene0217,protein_coding,0.0
Gene0218,Gene0218,protein_coding,0.0
Gene0219,Gene0219,protein_coding,0.0
Gene0220,Gene0220,protein_coding,0.0
Gene0221,Gene0221,protein_coding,0.0
Gene0222,Gene0222,protein_coding,0.0
Gene0223,Gene0223,protein_coding,0.0
Gene0224,Gene0224,protein_coding,0.0
Gene0225,Gene0225,protein_coding,0.0
Gene0226,Gene0226,protein_coding,0.0
Gene0227,Gene0227,protein_coding,0.0
Gene0228,Gene0228,protein_coding,0.0
Gene0229,Gene0229,protein_coding,0.0
Gene0230,Gene0230,protein_coding,0.0
Gene0231,Gene0231,protein_coding,0.0
Gene0232,Gene0232,protein_coding,0.0
Gene0233,Gene0233,protein_coding,0.0
Gene0234,Gene0234,protein_coding,0.0
Gene0235,Gene0235,protein_coding,0.0
Gene0236,Gene0236,protein_coding,0.0
Gene0237,Gene0237,protein_coding,0.0
Gene0238,Gene0238,protein_coding,0.0
Gene0239,Gene0239,protein_coding,0.0
Gene0240,Gene0240,protein_coding,0.0
Gene0241,Gene0241,protein_coding,0.0
Gene0242,Gene0242,protein_coding,0.0
Gene0243,Gene0243,protein_coding,0.0
Gene0244,Gene0244,protein_coding,0.0
Gene0245,Gene0245,protein_coding,0.0
Gene0246,Gene0246,protein_coding,0.0
Gene0247,Gene0247,protein_coding,0.0
Gene0248,Gene0248,protein_coding,0.0
Gene0249,Gene0249,protein_coding,0.0
Gene0250,Gene0250,protein_coding,0.0
Gene0251,Gene0251,protein_coding,0.0
Gene0252,Gene0252,protein_coding,0.0
Gene0253,Gene0253,protein_coding,0.0
Gene0254,Gene0254,protein_coding,0.0
Gene0255,Gene0255,protein_coding,0.0
Gene0256,Gene0256,protein_coding,0.0
Gene0257,Gene0257,protein_coding,0.0
Gene0258,Gene0258,protein_coding,0.0
Gene0259,Gene0259,protein_coding,0.0
Gene0260,Gene0260,protein_coding,0.0
Gene0261,Gene0261,protein_coding,0.0
Gene0262,Gene0262,protein_coding,0.0
Gene0263,Gene0263,protein_coding,0.0
Gene0264,Gene0264,protein_coding,0.0
Gene0265,Gene0265,protein_coding,0.0
Gene0266,Gene0266,protein_coding,0.0
Gene0267,Gene0267,protein_coding,0.0
Gene0268,Gene0268,protein_coding,0.0
Gene0269,Gene0269,protein_coding,0.0
Gene0270,Gene0270,protein_coding,0.0
Gene0271,Gene0271,protein_coding,0.0
Gene0272,Gene0272,protein_coding,0.0
Gene0273,Gene0273,protein_coding,0.0
Gene0274,Gene0274,protein_coding,0.0
Gene0275,Gene0275,protein_coding,0.0
Gene0276,Gene0276,protein_coding,0.0
Gene0277,Gene0277,protein_coding,0.0
Gene0278,Gene0278,protein_coding,0.0
Gene0279,Gene0279,protein_coding,0.0
Gene0280,Gene0280,protein_coding,0.0
Gene0281,Gene0281,protein_coding,0.0
Gene0282,Gene0282,protein_coding,0.0
Gene0283,Gene0283,protein_coding,0.0
Gene0284,Gene0284,protein_coding,0.0
Gene0285,Gene0285,protein_coding,0.0
Gene0286,Gene0286,protein_coding,0.0
Gene0287,Gene0287,protein_coding,0.0
Gene0288,Gene0288,protein_coding,0.0
Gene0289,Gene0289,protein_coding,0.0
Gene0290,Gene0290,protein_coding,0.0
Gene0291,Gene0291,protein_coding,0.0
Gene0292,Gene0292,protein_coding,0.0
Gene0293,Gene0293,protein_coding,0.0
Gene0294,Gene0294,protein_coding,0.0
Gene0295,Gene0295,protein_coding,0.0
Gene0296,Gene0296,protein_coding,0.0
Gene0297,Gene0297,protein_coding,0.0
Gene0298,Gene0298,protein_coding,0.0
Gene0299,Gene0299,protein_coding,0.0
Gene0300,Gene0300,protein_coding,0.0
Gene0301,Gene0301,protein_coding,0.0
Gene0302,Gene0302,protein_coding,0.0
Gene0303,Gene0303,protein_coding,0.0
Gene0304,Gene0304,protein_coding,0.0
Gene0305,Gene0305,protein_coding,0.0
Gene0306,Gene0306,protein_coding,0.0
Gene0307,Gene0307,protein_coding,0.0
Gene0308,Gene0308,protein_coding,0.0
Gene0309,Gene0309,protein_coding,0.0
Gene0310,Gene0310,protein_coding,0.0
Gene0311,Gene0311,protein_coding,0.0
Gene0312,Gene0312,protein_coding,0.0
Gene0313,Gene0313,protein_coding,0.0
Gene0314,Gene0314,protein_coding,0.0
Gene0315,Gene0315,protein_coding,0.0
Gene0316,Gene0316,protein_coding,0.0
Gene0317,Gene0317,protein_coding,0.0
Gene0318,Gene0318,protein_coding,0.0
Gene0319,Gene0319,protein_coding,0.0
Gene0320,Gene0320,protein_coding,0.0
Gene0321,Gene0321,protein_coding,0.0
Gene0322,Gene0322,protein_coding,0.0
Gene0323,Gene0323,protein_coding,0.0
Gene0324,Gene0324,protein_coding,0.0
Gene0325,Gene0325,protein_coding,0.0
Gene0326,Gene0326,protein_coding,0.0
Gene0327,Gene0327,protein_coding,0.0
Gene0328,Gene0328,protein_coding,0.0
Gene0329,Gene0329,protein_coding,0.0
Gene0330,Gene0330,protein_coding,0.0
Gene0331,Gene0331,protein_coding,0.0
Gene0332,Gene0332,protein_coding,0.0
Gene0333,Gene0333,protein_coding,0.0
Gene0334,Gene0334,protein_coding,0.0
Gene0335,Gene0335,protein_coding,0.0
Gene0336,Gene0336,protein_coding,0.0
Gene0337,Gene0337,protein_coding,0.0
Gene0338,Gene0338,protein_coding,0.0
Gene0339,Gene0339,protein_coding,0.0
Gene0340,Gene0340,protein_coding,0.0
Gene0341,Gene0341,protein_coding,0.0
Gene0342,Gene0342,protein_coding,0.0
Gene0343,Gene0343,protein_coding,0.0
Gene0344,Gene0344,protein_coding,0.0
Gene0345,Gene0345,protein_coding,0.0
Gene0346,Gene0346,protein_coding,0.0
Gene0347,Gene0347,protein_coding,0.0
Gene0348,Gene0348,protein_coding,0.0
Gene0349,Gene0349,protein_coding,0.0
Gene0350,Gene0350,protein_coding,0.0
Gene0351,Gene0351,protein_coding,0.0
Gene0352,Gene0352,protein_coding,0.0
Gene0353,Gene0353,protein_coding,0.0
Gene0354,Gene0354,protein_coding,0.0
Gene0355,Gene0355,protein_coding,0.0
Gene0356,Gene0356,protein_coding,0.0
Gene0357,Gene0357,protein_coding,0.0
Gene0358,Gene0358,protein_coding,0.0
Gene0359,Gene0359,protein_coding,0.0
Gene0360,Gene0360,protein_coding,0.0
Gene0361,Gene0361,protein_coding,0.0
Gene0362,Gene0362,protein_coding,0.0
Gene0363,Gene0363,protein_coding,0.0
Gene0364,Gene0364,protein_coding,0.0
Gene0365,Gene0365,protein_coding,0.0
Gene0366,Gene0366,protein_coding,0.0
Gene0367,Gene0367,protein_coding,0.0
Gene0368,Gene0368,protein_coding,0.0
Gene0369,Gene0369,protein_coding,0.0
Gene0370,Gene0370,protein_coding,0.0
Gene0371,Gene0371,protein_coding,0.0
Gene0372,Gene0372,protein_coding,0.0
Gene0373,Gene0373,protein_coding,0.0
Gene0374,Gene0374,protein_coding,0.0
Gene0375,Gene0375,protein_coding,0.0
Gene0376,Gene0376,protein_coding,0.0
Gene0377,Gene0377,protein_coding,0.0
Gene0378,Gene0378,protein_coding,0.0
Gene0379,Gene0379,protein_coding,0.0
Gene0380,Gene0380,protein_coding,0.0
Gene0381,Gene0381,protein_coding,0.0
Gene0382,Gene0382,protein_coding,0.0
Gene0383,Gene0383,protein_coding,0.0
Gene0384,Gene0384,protein_coding,0.0
Gene0385,Gene0385,protein_coding,0.0
Gene0386,Gene0386,protein_coding,0.0
Gene0387,Gene0387,protein_coding,0.0
Gene0388,Gene0388,protein_coding,0.0
Gene0389,Gene0389,protein_coding,0.0
Gene0390,Gene0390,protein_coding,0.0
Gene0391,Gene0391,protein_coding,0.0
Gene0392,Gene0392,protein_coding,0.0
Gene0393,Gene0393,protein_coding,0.0
Gene0394,Gene0394,protein_coding,0.0
Gene0395,Gene0395,protein_coding,0.0
Gene0396,Gene0396,protein_coding,0.0
Gene0397,Gene0397,protein_coding,0.0
Gene0398,Gene0398,protein_coding,0.0
Gene0399,Gene0399,protein_coding,0.0
Gene0400,Gene0400,protein_coding,0.0
Gene0401,Gene0401,protein_coding,0.0
Gene0402,Gene0402,protein_coding,0.0
Gene0403,Gene0403,protein_coding,0.0
Gene0404,Gene0404,protein_coding,0.0
Gene0405,Gene0405,protein_coding,0.0
Gene0406,Gene0406,protein_coding,0.0
Gene0407,Gene0407,protein_coding,0.0
Gene0408,Gene0408,protein_coding,0.0
Gene0409,Gene0409,protein_coding,0.0
Gene0410,Gene0410,protein_coding,0.0
Gene0411,Gene0411,protein_coding,0.0
Gene0412,Gene0412,protein_coding,0.0
Gene0413,Gene0413,protein_coding,0.0
Gene0414,Gene0414,protein_coding,0.0
Gene0415,Gene0415,protein_coding,0.0
Gene0416,Gene0416,protein_coding,0.0
Gene0417,Gene0417,protein_coding,0.0
Gene0418,Gene0418,protein_coding,0.0
Gene0419,Gene0419,protein_coding,0.0
Gene0420,Gene0420,protein_coding,0.0
Gene0421,Gene0421,protein_coding,0.0
Gene0422,Gene0422,protein_coding,0.0
Gene0423,Gene0423,protein_coding,0.0
Gene0424,Gene0424,protein_coding,0.0
Gene0425,Gene0425,protein_coding,0.0
Gene0426,Gene0426,protein_coding,0.0
Gene0427,Gene0427,protein_coding,0.0
Gene0428,Gene0428,protein_coding,0.0
Gene0429,Gene0429,protein_coding,0.0
Gene0430,Gene0430,protein_coding,0.0
Gene0431,Gene0431,protein_coding,0.0
Gene0432,Gene0432,protein_coding,0.0
Gene0433,Gene0433,protein_coding,0.0
Gene0434,Gene0434,protein_coding,0.0
Gene0435,Gene0435,protein_coding,0.0
Gene0436,Gene0436,protein_coding,0.0
Gene0437,Gene0437,protein_coding,0.0
Gene0438,Gene0438,protein_coding,0.0
Gene0439,Gene0439,protein_coding,0.0
Gene0440,Gene0440,protein_coding,0.0
Gene0441,Gene0441,protein_coding,0.0
Gene0442,Gene0442,protein_coding,0.0
Gene0443,Gene0443,protein_coding,0.0
Gene0444,Gene0444,protein_coding,0.0
Gene0445,Gene0445,protein_coding,0.0
Gene0446,Gene0446,protein_coding,0.0
Gene0447,Gene0447,protein_coding,0.0
Gene0448,Gene0448,protein_coding,0.0
Gene0449,Gene0449,protein_coding,0.0
Gene0450,Gene0450,protein_coding,0.0
Gene0451,Gene0451,protein_coding,0.0
Gene0452,Gene0452,protein_coding,0.0
Gene0453,Gene0453,protein_coding,0.0
Gene0454,Gene0454,protein_coding,0.0
Gene0455,Gene0455,protein_coding,0.0
Gene0456,Gene0456,protein_coding,0.0
Gene0457,Gene0457,protein_coding,0.0
Gene0458,Gene0458,protein_coding,0.0
Gene0459,Gene0459,protein_coding,0.0
Gene0460,Gene0460,protein_coding,0.0
Gene0461,Gene0461,protein_coding,0.0
Gene0462,Gene0462,protein_coding,0.0
Gene0463,Gene0463,protein_coding,0.0
Gene0464,Gene0464,protein_coding,0.0
Gene0465,Gene0465,protein_coding,0.0
Gene0466,Gene0466,protein_coding,0.0
Gene0467,Gene0467,protein_coding,0.0
Gene0468,Gene0468,protein_coding,0.0
Gene0469,Gene0469,protein_coding,0.0
Gene0470,Gene0470,protein_coding,0.0
Gene0471,Gene0471,protein_coding,0.0
Gene0472,Gene0472,protein_coding,0.0
Gene0473,Gene0473,protein_coding,0.0
Gene0474,Gene0474,protein_coding,0.0
Gene0475,Gene0475,protein_coding,0.0
Gene0476,Gene0476,protein_coding,0.0
Gene0477,Gene0477,protein_coding,0.0
Gene0478,Gene0478,protein_coding,0.0
Gene0479,Gene0479,protein_coding,0.0
Gene0480,Gene0480,protein_coding,0.0
Gene0481,Gene0481,protein_coding,0.0
Gene0482,Gene0482,protein_coding,0.0
Gene0483,Gene0483,protein_coding,0.0
Gene0484,Gene0484,protein_coding,0.0
Gene0485,Gene0485,protein_coding,0.0
Gene0486,Gene0486,protein_coding,0.0
Gene0487,Gene0487,protein_coding,0.0
Gene0488,Gene0488,protein_coding,0.0
Gene0489,Gene0489,protein_coding,0.0
Gene0490,Gene0490,protein_coding,0.0
Gene0491,Gene0491,protein_coding,0.0
Gene0492,Gene0492,protein_coding,0.0
Gene0493,Gene0493,protein_coding,0.0
Gene0494,Gene0494,protein_coding,0.0
Gene0495,Gene0495,protein_coding,0.0
Gene0496,Gene0496,protein_coding,0.0
Gene0497,Gene0497,protein_coding,0.0
Gene0498,Gene0498,protein_coding,0.0
Gene0499,Gene0499,protein_coding,0.0
Gene0500,Gene0500,protein_coding,0.0
Gene0501,Gene0501,protein_coding,0.0
Gene0502,Gene0502,protein_coding,0.0
Gene0503,Gene0503,protein_coding,0.0
Gene0504,Gene0504,protein_coding,0.0
Gene0505,Gene0505,protein_coding,0.0
Gene0506,Gene0506,protein_coding,0.0
Gene0507,Gene0507,protein_coding,0.0
Gene0508,Gene0508,protein_coding,0.0
Gene0509,Gene0509,protein_coding,0.0
Gene0510,Gene0510,protein_coding,0.0
Gene0511,Gene0511,protein_coding,0.0
Gene0512,Gene0512,protein_coding,0.0
Gene0513,Gene0513,protein_coding,0.0
Gene0514,Gene0514,protein_coding,0.0
Gene0515,Gene0515,protein_coding,0.0
Gene0516,Gene0516,protein_coding,0.0
Gene0517,Gene0517,protein_coding,0.0
Gene0518,Gene0518,protein_coding,0.0
Gene0519,Gene0519,protein_coding,0.0
Gene0520,Gene0520,protein_coding,0.0
Gene0521,Gene0521,protein_coding,0.0
Gene0522,Gene0522,protein_coding,0.0
Gene0523,Gene0523,protein_coding,0.0
Gene0524,Gene0524,protein_coding,0.0
Gene0525,Gene0525,protein_coding,0.0
Gene0526,Gene0526,protein_coding,0.0
Gene0527,Gene0527,protein_coding,0.0
Gene0528,Gene0528,protein_coding,0.0
Gene0529,Gene0529,protein_coding,0.0
Gene0530,Gene0530,protein_coding,0.0
Gene0531,Gene0531,protein_coding,0.0
Gene0532,Gene0532,protein_coding,0.0
Gene0533,Gene0533,protein_coding,0.0
Gene0534,Gene0534,protein_coding,0.0
Gene0535,Gene0535,protein_coding,0.0
Gene0536,Gene0536,protein_coding,0.0
Gene0537,Gene0537,protein_coding,0.0
Gene0538,Gene0538,protein_coding,0.0
Gene0539,Gene0539,protein_coding,0.0
Gene0540,Gene0540,protein_coding,0.0
Gene0541,Gene0541,protein_coding,0.0
Gene0542,Gene0542,protein_coding,0.0
Gene0543,Gene0543,protein_coding,0.0
Gene0544,Gene0544,protein_coding,0.0
Gene0545,Gene0545,protein_coding,0.0
Gene0546,Gene0546,protein_coding,0.0
Gene0547,Gene0547,protein_coding,0.0
Gene0548,Gene0548,protein_coding,0.0
Gene0549,Gene0549,protein_coding,0.0
Gene0550,Gene0550,protein_coding,0.0
Gene0551,Gene0551,protein_coding,0.0
Gene0552,Gene0552,protein_coding,0.0
Gene0553,Gene0553,protein_coding,0.0
Gene0554,Gene0554,protein_coding,0.0
Gene0555,Gene0555,protein_coding,0.0
Gene0556,Gene0556,protein_coding,0.0
Gene0557,Gene0557,protein_coding,0.0
Gene0558,Gene0558,protein_coding,0.0
Gene0559,Gene0559,protein_coding,0.0
Gene0560,Gene0560,protein_coding,0.0
Gene0561,Gene0561,protein_coding,0.0
Gene0562,Gene0562,protein_coding,0.0
Gene0563,Gene0563,protein_coding,0.0
Gene0564,Gene0564,protein_coding,0.0
Gene0565,Gene0565,protein_coding,0.0
Gene0566,Gene0566,protein_coding,0.0
Gene0567,Gene0567,protein_coding,0.0
Gene0568,Gene0568,protein_coding,0.0
Gene0569,Gene0569,protein_coding,0.0
Gene0570,Gene0570,protein_coding,0.0
Gene0571,Gene0571,protein_coding,0.0
Gene0572,Gene0572,protein_coding,0.0
Gene0573,Gene0573,protein_coding,0.0
Gene0574,Gene0574,protein_coding,0.0
Gene0575,Gene0575,protein_coding,0.0
Gene0576,Gene0576,protein_coding,0.0
Gene0577,Gene0577,protein_coding,0.0
Gene0578,Gene0578,protein_coding,0.0
Gene0579,Gene0579,protein_coding,0.0
Gene0580,Gene0580,protein_coding,0.0
Gene0581,Gene0581,protein_coding,0.0
Gene0582,Gene0582,protein_coding,0.0
Gene0583,Gene0583,protein_coding,0.0
Gene0584,Gene0584,protein_coding,0.0
Gene0585,Gene0585,protein_coding,0.0
Gene0586,Gene0586,protein_coding,0.0
Gene0587,Gene0587,protein_coding,0.0
Gene0588,Gene0588,protein_coding,0.0
Gene0589,Gene0589,protein_coding,0.0
Gene0590,Gene0590,protein_coding,0.0
Gene0591,Gene0591,protein_coding,0.0
Gene0592,Gene0592,protein_coding,0.0
Gene0593,Gene0593,protein_coding,0.0
Gene0594,Gene0594,protein_coding,0.0
Gene0595,Gene0595,protein_coding,0.0
Gene0596,Gene0596,protein_coding,0.0
Gene0597,Gene0597,protein_coding,0.0
Gene0598,Gene0598,protein_coding,0.0
Gene0599,Gene0599,protein_coding,0.0
Gene0600,Gene0600,protein_coding,0.0
Gene0601,Gene0601,protein_coding,0.0
Gene0602,Gene0602,protein_coding,0.0
Gene0603,Gene0603,protein_coding,0.0
Gene0604,Gene0604,protein_coding,0.0
Gene0605,Gene0605,protein_coding,0.0
Gene0606,Gene0606,protein_coding,0.0
Gene0607,Gene0607,protein_coding,0.0
Gene0608,Gene0608,protein_coding,0.0
Gene0609,Gene0609,protein_coding,0.0
Gene0610,Gene0610,protein_coding,0.0
Gene0611,Gene0611,protein_coding,0.0
Gene0612,Gene0612,protein_coding,0.0
Gene0613,Gene0613,protein_coding,0.0
Gene0614,Gene0614,protein_coding,0.0
Gene0615,Gene0615,protein_coding,0.0
Gene0616,Gene0616,protein_coding,0.0
Gene0617,Gene0617,protein_coding,0.0
Gene0618,Gene0618,protein_coding,0.0
Gene0619,Gene0619,protein_coding,0.0
Gene0620,Gene0620,protein_coding,0.0
Gene0621,Gene0621,protein_coding,0.0
Gene0622,Gene0622,protein_coding,0.0
Gene0623,Gene0623,protein_coding,0.0
Gene0624,Gene0624,protein_coding,0.0
Gene0625,Gene0625,protein_coding,0.0
Gene0626,Gene0626,protein_coding,0.0
Gene0627,Gene0627,protein_coding,0.0
Gene0628,Gene0628,protein_coding,0.0
Gene0629,Gene0629,protein_coding,0.0
Gene0630,Gene0630,protein_coding,0.0
Gene0631,Gene0631,protein_coding,0.0
Gene0632,Gene0632,protein_coding,0.0
Gene0633,Gene0633,protein_coding,0.0
Gene0634,Gene0634,protein_coding,0.0
Gene0635,Gene0635,protein_coding,0.0
Gene0636,Gene0636,protein_coding,0.0
Gene0637,Gene0637,protein_coding,0.0
Gene0638,Gene0638,protein_coding,0.0
Gene0639,Gene0639,protein_coding,0.0
Gene0640,Gene0640,protein_coding,0.0
Gene0641,Gene0641,protein_coding,0.0
Gene0642,Gene0642,protein_coding,0.0
Gene0643,Gene0643,protein_coding,0.0
Gene0644,Gene0644,protein_coding,0.0
Gene0645,Gene0645,protein_coding,0.0
Gene0646,Gene0646,protein_coding,0.0
Gene0647,Gene0647,protein_coding,0.0
Gene0648,Gene0648,protein_coding,0.0
Gene0649,Gene0649,protein_coding,0.0
Gene0650,Gene0650,protein_coding,0.0
Gene0651,Gene0651,protein_coding,0.0
Gene0652,Gene0652,protein_coding,0.0
Gene0653,Gene0653,protein_coding,0.0
Gene0654,Gene0654,protein_coding,0.0
Gene0655,Gene0655,protein_coding,0.0
Gene0656,Gene0656,protein_coding,0.0
Gene0657,Gene0657,protein_coding,0.0
Gene0658,Gene0658,protein_coding,0.0
Gene0659,Gene0659,protein_coding,0.0
Gene0660,Gene0660,protein_coding,0.0
Gene0661,Gene0661,protein_coding,0.0
Gene0662,Gene0662,protein_coding,0.0
Gene0663,Gene0663,protein_coding,0.0
Gene0664,Gene0664,protein_coding,0.0
Gene0665,Gene0665,protein_coding,0.0
Gene0666,Gene0666,protein_coding,0.0
Gene0667,Gene0667,protein_coding,0.0
Gene0668,Gene0668,protein_coding,0.0
Gene0669,Gene0669,protein_coding,0.0
Gene0670,Gene0670,protein_coding,0.0
Gene0671,Gene0671,protein_coding,0.0
Gene0672,Gene0672,protein_coding,0.0
Gene0673,Gene0673,protein_coding,0.0
Gene0674,Gene0674,protein_coding,0.0
Gene0675,Gene0675,protein_coding,0.0
Gene0676,Gene0676,protein_coding,0.0
Gene0677,Gene0677,protein_coding,0.0
Gene0678,Gene0678,protein_coding,0.0
Gene0679,Gene0679,protein_coding,0.0
Gene0680,Gene0680,protein_coding,0.0
Gene0681,Gene0681,protein_coding,0.0
Gene0682,Gene0682,protein_coding,0.0
Gene0683,Gene0683,protein_coding,0.0
Gene0684,Gene0684,protein_coding,0.0
Gene0685,Gene0685,protein_coding,0.0
Gene0686,Gene0686,protein_coding,0.0
Gene0687,Gene0687,protein_coding,0.0
Gene0688,Gene0688,protein_coding,0.0
Gene0689,Gene0689,protein_coding,0.0
Gene0690,Gene0690,protein_coding,0.0
Gene0691,Gene0691,protein_coding,0.0
Gene0692,Gene0692,protein_coding,0.0
Gene0693,Gene0693,protein_coding,0.0
Gene0694,Gene0694,protein_coding,0.0
Gene0695,Gene0695,protein_coding,0.0
Gene0696,Gene0696,protein_coding,0.0
Gene0697,Gene0697,protein_coding,0.0
Gene0698,Gene0698,protein_coding,0.0
Gene0699,Gene0699,protein_coding,0.0
Gene0700,Gene0700,protein_coding,0.0
Gene0701,Gene0701,protein_coding,0.0
Gene0702,Gene0702,protein_coding,0.0
Gene0703,Gene0703,protein_coding,0.0
Gene0704,Gene0704,protein_coding,0.0
Gene0705,Gene0705,protein_coding,0.0
Gene0706,Gene0706,protein_coding,0.0
Gene0707,Gene0707,protein_coding,0.0
Gene0708,Gene0708,protein_coding,0.0
Gene0709,Gene0709,protein_coding,0.0
Gene0710,Gene0710,protein_coding,0.0
Gene0711,Gene0711,protein_coding,0.0
Gene0712,Gene0712,protein_coding,0.0
Gene0713,Gene0713,protein_coding,0.0
Gene0714,Gene0714,protein_coding,0.0
Gene0715,Gene0715,protein_coding,0.0
Gene0716,Gene0716,protein_coding,0.0
Gene0717,Gene0717,protein_coding,0.0
Gene0718,Gene0718,protein_coding,0.0
Gene0719,Gene0719,protein_coding,0.0
Gene0720,Gene0720,protein_coding,0.0
Gene0721,Gene0721,protein_coding,0.0
Gene0722,Gene0722,protein_coding,0.0
Gene0723,Gene0723,protein_coding,0.0
Gene0724,Gene0724,protein_coding,0.0
Gene0725,Gene0725,protein_coding,0.0
Gene0726,Gene0726,protein_coding,0.0
Gene0727,Gene0727,protein_coding,0.0
Gene0728,Gene0728,protein_coding,0.0
Gene0729,Gene0729,protein_coding,0.0
Gene0730,Gene0730,protein_coding,0.0
Gene0731,Gene0731,protein_coding,0.0
Gene0732,Gene0732,protein_coding,0.0
Gene0733,Gene0733,protein_coding,0.0
Gene0734,Gene0734,protein_coding,0.0
Gene0735,Gene0735,protein_coding,0.0
Gene0736,Gene0736,protein_coding,0.0
Gene0737,Gene0737,protein_coding,0.0
Gene0738,Gene0738,protein_coding,0.0
Gene0739,Gene0739,protein_coding,0.0
Gene0740,Gene0740,protein_coding,0.0
Gene0741,Gene0741,protein_coding,0.0
Gene0742,Gene0742,protein_coding,0.0
Gene0743,Gene0743,protein_coding,0.0
Gene0744,Gene0744,protein_coding,0.0
Gene0745,Gene0745,protein_coding,0.0
Gene0746,Gene0746,protein_coding,0.0
Gene0747,Gene0747,protein_coding,0.0
Gene0748,Gene0748,protein_coding,0.0
Gene0749,Gene0749,protein_coding,0.0
Gene0750,Gene0750,protein_coding,0.0
Gene0751,Gene0751,protein_coding,0.0
Gene0752,Gene0752,protein_coding,0.0
Gene0753,Gene0753,protein_coding,0.0
Gene0754,Gene0754,protein_coding,0.0
Gene0755,Gene0755,protein_coding,0.0
Gene0756,Gene0756,protein_coding,0.0
Gene0757,Gene0757,protein_coding,0.0
Gene0758,Gene0758,protein_coding,0.0
Gene0759,Gene0759,protein_coding,0.0
Gene0760,Gene0760,protein_coding,0.0
Gene0761,Gene0761,protein_coding,0.0
Gene0762,Gene0762,protein_coding,0.0
Gene0763,Gene0763,protein_coding,0.0
Gene0764,Gene0764,protein_coding,0.0
Gene0765,Gene0765,protein_coding,0.0
Gene0766,Gene0766,protein_coding,0.0
Gene0767,Gene0767,protein_coding,0.0
Gene0768,Gene0768,protein_coding,0.0
Gene0769,Gene0769,protein_coding,0.0
Gene0770,Gene0770,protein_coding,0.0
Gene0771,Gene0771,protein_coding,0.0
Gene0772,Gene0772,protein_coding,0.0
Gene0773,Gene0773,protein_coding,0.0
Gene0774,Gene0774,protein_coding,0.0
Gene0775,Gene0775,protein_coding,0.0
Gene0776,Gene0776,protein_coding,0.0
Gene0777,Gene0777,protein_coding,0.0
Gene0778,Gene0778,protein_coding,0.0
Gene0779,Gene0779,protein_coding,0.0
Gene0780,Gene0780,protein_coding,0.0
Gene0781,Gene0781,protein_coding,0.0
Gene0782,Gene0782,protein_coding,0.0
Gene0783,Gene0783,protein_coding,0.0
Gene0784,Gene0784,protein_coding,0.0
Gene0785,Gene0785,protein_coding,0.0
Gene0786,Gene0786,protein_coding,0.0
Gene0787,Gene0787,protein_coding,0.0
Gene0788,Gene0788,protein_coding,0.0
Gene0789,Gene0789,protein_coding,0.0
Gene0790,Gene0790,protein_coding,0.0
Gene0791,Gene0791,protein_coding,0.0
Gene0792,Gene0792,protein_coding,0.0
Gene0793,Gene0793,protein_coding,0.0
Gene0794,Gene0794,protein_coding,0.0
Gene0795,Gene0795,protein_coding,0.0
Gene0796,Gene0796,protein_coding,0.0
Gene0797,Gene0797,protein_coding,0.0
Gene0798,Gene0798,protein_coding,0.0
Gene0799,Gene0799,protein_coding,0.0
Gene0800,Gene0800,protein_coding,0.0
Gene0801,Gene0801,protein_coding,0.0
Gene0802,Gene0802,protein_coding,0.0
Gene0803,Gene0803,protein_coding,0.0
Gene0804,Gene0804,protein_coding,0.0
Gene0805,Gene0805,protein_coding,0.0
Gene0806,Gene0806,protein_coding,0.0
Gene0807,Gene0807,protein_coding,0.0
Gene0808,Gene0808,protein_coding,0.0
Gene0809,Gene0809,protein_coding,0.0
Gene0810,Gene0810,protein_coding,0.0
Gene0811,Gene0811,protein_coding,0.0
Gene0812,Gene0812,protein_coding,0.0
Gene0813,Gene0813,protein_coding,0.0
Gene0814,Gene0814,protein_coding,0.0
Gene0815,Gene0815,protein_coding,0.0
Gene0816,Gene0816,protein_coding,0.0
Gene0817,Gene0817,protein_coding,0.0
Gene0818,Gene0818,protein_coding,0.0
Gene0819,Gene0819,protein_coding,0.0
Gene0820,Gene0820,protein_coding,0.0
Gene0821,Gene0821,protein_coding,0.0
Gene0822,Gene0822,protein_coding,0.0
Gene0823,Gene0823,protein_coding,0.0
Gene0824,Gene0824,protein_coding,0.0
Gene0825,Gene0825,protein_coding,0.0
Gene0826,Gene0826,protein_coding,0.0
Gene0827,Gene0827,protein_coding,0.0
Gene0828,Gene0828,protein_coding,0.0
Gene0829,Gene0829,protein_coding,0.0
Gene0830,Gene0830,protein_coding,0.0
Gene0831,Gene0831,protein_coding,0.0
Gene0832,Gene0832,protein_coding,0.0
Gene0833,Gene0833,protein_coding,0.0
Gene0834,Gene0834,protein_coding,0.0
Gene0835,Gene0835,protein_coding,0.0
Gene0836,Gene0836,protein_coding,0.0
Gene0837,Gene0837,protein_coding,0.0
Gene0838,Gene0838,protein_coding,0.0
Gene0839,Gene0839,protein_coding,0.0
Gene0840,Gene0840,protein_coding,0.0
Gene0841,Gene0841,protein_coding,0.0
Gene0842,Gene0842,protein_coding,0.0
Gene0843,Gene0843,protein_coding,0.0
Gene0844,Gene0844,protein_coding,0.0
Gene0845,Gene0845,protein_coding,0.0
Gene0846,Gene0846,protein_coding,0.0
Gene0847,Gene0847,protein_coding,0.0
Gene0848,Gene0848,protein_coding,0.0
Gene0849,Gene0849,protein_coding,0.0
Gene0850,Gene0850,protein_coding,0.0
Gene0851,Gene0851,protein_coding,0.0
Gene0852,Gene0852,protein_coding,0.0
Gene0853,Gene0853,protein_coding,0.0
Gene0854,Gene0854,protein_coding,0.0
Gene0855,Gene0855,protein_coding,0.0
Gene0856,Gene0856,protein_coding,0.0
Gene0857,Gene0857,protein_coding,0.0
Gene0858,Gene0858,protein_coding,0.0
Gene0859,Gene0859,protein_coding,0.0
Gene0860,Gene0860,protein_coding,0.0
Gene0861,Gene0861,protein_coding,0.0
Gene0862,Gene0862,protein_coding,0.0
Gene0863,Gene0863,protein_coding,0.0
Gene0864,Gene0864,protein_coding,0.0
Gene0865,Gene0865,protein_coding,0.0
Gene0866,Gene0866,protein_coding,0.0
Gene0867,Gene0867,protein_coding,0.0
Gene0868,Gene0868,protein_coding,0.0
Gene0869,Gene0869,protein_coding,0.0
Gene0870,Gene0870,protein_coding,0.0
Gene0871,Gene0871,protein_coding,0.0
Gene0872,Gene0872,protein_coding,0.0
Gene0873,Gene0873,protein_coding,0.0
Gene0874,Gene0874,protein_coding,0.0
Gene0875,Gene0875,protein_coding,0.0
Gene0876,Gene0876,protein_coding,0.0
Gene0877,Gene0877,protein_coding,0.0
Gene0878,Gene0878,protein_coding,0.0
Gene0879,Gene0879,protein_coding,0.0
Gene0880,Gene0880,protein_coding,0.0
Gene0881,Gene0881,protein_coding,0.0
Gene0882,Gene0882,protein_coding,0.0
Gene0883,Gene0883,protein_coding,0.0
Gene0884,Gene0884,protein_coding,0.0
Gene0885,Gene0885,protein_coding,0.0
Gene0886,Gene0886,protein_coding,0.0
Gene0887,Gene0887,protein_coding,0.0
Gene0888,Gene0888,protein_coding,0.0
Gene0889,Gene0889,protein_coding,0.0
Gene0890,Gene0890,protein_coding,0.0
Gene0891,Gene0891,protein_coding,0.0
Gene0892,Gene0892,protein_coding,0.0
Gene0893,Gene0893,protein_coding,0.0
Gene0894,Gene0894,protein_coding,0.0
Gene0895,Gene0895,protein_coding,0.0
Gene0896,Gene0896,protein_coding,0.0
Gene0897,Gene0897,protein_coding,0.0
Gene0898,Gene0898,protein_coding,0.0
Gene0899,Gene0899,protein_coding,0.0
Gene0900,Gene0900,protein_coding,0.0
Gene0901,Gene0901,protein_coding,0.0
Gene0902,Gene0902,protein_coding,0.0
Gene0903,Gene0903,protein_coding,0.0
Gene0904,Gene0904,protein_coding,0.0
Gene0905,Gene0905,protein_coding,0.0
Gene0906,Gene0906,protein_coding,0.0
Gene0907,Gene0907,protein_coding,0.0
Gene0908,Gene0908,protein_coding,0.0
Gene0909,Gene0909,protein_coding,0.0
Gene0910,Gene0910,protein_coding,0.0
Gene0911,Gene0911,protein_coding,0.0
Gene0912,Gene0912,protein_coding,0.0
Gene0913,Gene0913,protein_coding,0.0
Gene0914,Gene0914,protein_coding,0.0
Gene0915,Gene0915,protein_coding,0.0
Gene0916,Gene0916,protein_coding,0.0
Gene0917,Gene0917,protein_coding,0.0
Gene0918,Gene0918,protein_coding,0.0
Gene0919,Gene0919,protein_coding,0.0
Gene0920,Gene0920,protein_coding,0.0
Gene0921,Gene0921,protein_coding,0.0
Gene0922,Gene0922,protein_coding,0.0
Gene0923,Gene0923,protein_coding,0.0
Gene0924,Gene0924,protein_coding,0.0
Gene0925,Gene0925,protein_coding,0.0
Gene0926,Gene0926,protein_coding,0.0
Gene0927,Gene0927,protein_coding,0.0
Gene0928,Gene0928,protein_coding,0.0
Gene0929,Gene0929,protein_coding,0.0
Gene0930,Gene0930,protein_coding,0.0
Gene0931,Gene0931,protein_coding,0.0
Gene0932,Gene0932,protein_coding,0.0
Gene0933,Gene0933,protein_coding,0.0
Gene0934,Gene0934,protein_coding,0.0
Gene0935,Gene0935,protein_coding,0.0
Gene0936,Gene0936,protein_coding,0.0
Gene0937,Gene0937,protein_coding,0.0
Gene0938,Gene0938,protein_coding,0.0
Gene0939,Gene0939,protein_coding,0.0
Gene0940,Gene0940,protein_coding,0.0
Gene0941,Gene0941,protein_coding,0.0
Gene0942,Gene0942,protein_coding,0.0
Gene0943,Gene0943,protein_coding,0.0
Gene0944,Gene0944,protein_coding,0.0
Gene0945,Gene0945,protein_coding,0.0
Gene0946,Gene0946,protein_coding,0.0
Gene0947,Gene0947,protein_coding,0.0
Gene0948,Gene0948,protein_coding,0.0
Gene0949,Gene0949,protein_coding,0.0
Gene0950,Gene0950,protein_coding,0.0
Gene0951,Gene0951,protein_coding,0.0
Gene0952,Gene0952,protein_coding,0.0
Gene0953,Gene0953,protein_coding,0.0
Gene0954,Gene0954,protein_coding,0.0
Gene0955,Gene0955,protein_coding,0.0
Gene0956,Gene0956,protein_coding,0.0
Gene0957,Gene0957,protein_coding,0.0
Gene0958,Gene0958,protein_coding,0.0
Gene0959,Gene0959,protein_coding,0.0
Gene0960,Gene0960,protein_coding,0.0
Gene0961,Gene0961,protein_coding,0.0
Gene0962,Gene0962,protein_coding,0.0
Gene0963,Gene0963,protein_coding,0.0
Gene0964,Gene0964,protein_coding,0.0
Gene0965,Gene0965,protein_coding,0.0
Gene0966,Gene0966,protein_coding,0.0
Gene0967,Gene0967,protein_coding,0.0
Gene0968,Gene0968,protein_coding,0.0
Gene0969,Gene0969,protein_coding,0.0
Gene0970,Gene0970,protein_coding,0.0
Gene0971,Gene0971,protein_coding,0.0
Gene0972,Gene0972,protein_coding,0.0
Gene0973,Gene0973,protein_coding,0.0
Gene0974,Gene0974,protein_coding,0.0
Gene0975,Gene0975,protein_coding,0.0
Gene0976,Gene0976,protein_coding,0.0
Gene0977,Gene0977,protein_coding,0.0
Gene0978,Gene0978,protein_coding,0.0
Gene0979,Gene0979,protein_coding,0.0
Gene0980,Gene0980,protein_coding,0.0
Gene0981,Gene0981,protein_coding,0.0
Gene0982,Gene0982,protein_coding,0.0
Gene0983,Gene0983,protein_coding,0.0
Gene0984,Gene0984,protein_coding,0.0
Gene0985,Gene0985,protein_coding,0.0
Gene0986,Gene0986,protein_coding,0.0
Gene0987,Gene0987,protein_coding,0.0
Gene0988,Gene0988,protein_coding,0.0
Gene0989,Gene0989,protein_coding,0.0
Gene0990,Gene0990,protein_coding,0.0
Gene0991,Gene0991,protein_coding,0.0
Gene0992,Gene0992,protein_coding,0.0
Gene0993,Gene0993,protein_coding,0.0
Gene0994,Gene0994,protein_coding,0.0
Gene0995,Gene0995,protein_coding,0.0
Gene0996,Gene0996,protein_coding,0.0
Gene0997,Gene0997,protein_coding,0.0
Gene0998,Gene0998,protein_coding,0.0
Gene0999,Gene0999,protein_coding,0.0
Gene1000,Gene1000,protein_coding,0.0
